==========================================
BP1 baseline R3: MTL only (PAD), 372 labels, 3 seeds (7,25,42)
==========================================
Config: configs/cityscapes_joint.yml
exp: 213   run: 6,7,8
Host: bp1-gpu014   Job: 16512906   Start: Sat Mar 28 02:21:49 GMT 2026
Workdir: /user/home/ig23200/projects/SDE_SEG   GPU: 0
==========================================
Start experiment cityscapes_joint_213
Run ID: cityscapes_joint_213_2026-03-28_02-23-52
Resolved base cfg vars {'seed': 7, ('model', 'segmentation_name'): 'joint_seg_depth_dec', ('model', 'segmentation_args', 'layers'): [9], ('model', 'segmentation_args', 'head_inter_channels'): 64, ('model', 'segmentation_args', 'layer_out_channels'): 64, ('model', 'segmentation_args', 'head_dropout'): 0.1, ('model', 'segmentation_args', 'layer_dropout'): 0, ('model', 'segmentation_args', 'head_inter'): False, ('model', 'pose_pretraining'): 'none', ('model', 'disable_monodepth'): True, ('model', 'disable_pose'): True, ('model', 'variant'): 'transfer', ('data', 'restrict_to_subset', 'mode'): 'random', ('data', 'restrict_to_subset', 'subset'): None, ('data', 'restrict_to_subset', 'n_subset'): 372, ('training', 'monodepth_lambda'): 0.0, ('training', 'pseudo_depth_lambda'): 0.0, ('training', 'unlabeled_segmentation'): None}
Resolved vars {('config', 'general', 'tag'): 'cityscapes_transfer_D372random_S7_sgdLr0.010.001stepx_clip10_crop512x512bs2_flip_r101_dec6_lr5_fd2_crop512x512bs4_l9os1', 'seed': 7, ('model', 'segmentation_name'): 'joint_seg_depth_dec', ('model', 'segmentation_args', 'layers'): [9], ('model', 'segmentation_args', 'head_inter_channels'): 64, ('model', 'segmentation_args', 'layer_out_channels'): 64, ('model', 'segmentation_args', 'head_dropout'): 0.1, ('model', 'segmentation_args', 'layer_dropout'): 0, ('model', 'segmentation_args', 'head_inter'): False, ('model', 'pose_pretraining'): 'none', ('model', 'disable_monodepth'): True, ('model', 'disable_pose'): True, ('model', 'variant'): 'transfer', ('data', 'restrict_to_subset', 'mode'): 'random', ('data', 'restrict_to_subset', 'subset'): None, ('data', 'restrict_to_subset', 'n_subset'): 372, ('training', 'monodepth_lambda'): 0.0, ('training', 'pseudo_depth_lambda'): 0.0, ('training', 'unlabeled_segmentation'): None}
Resolved base cfg vars {'seed': 25, ('model', 'segmentation_name'): 'joint_seg_depth_dec', ('model', 'segmentation_args', 'layers'): [9], ('model', 'segmentation_args', 'head_inter_channels'): 64, ('model', 'segmentation_args', 'layer_out_channels'): 64, ('model', 'segmentation_args', 'head_dropout'): 0.1, ('model', 'segmentation_args', 'layer_dropout'): 0, ('model', 'segmentation_args', 'head_inter'): False, ('model', 'pose_pretraining'): 'none', ('model', 'disable_monodepth'): True, ('model', 'disable_pose'): True, ('model', 'variant'): 'transfer', ('data', 'restrict_to_subset', 'mode'): 'random', ('data', 'restrict_to_subset', 'subset'): None, ('data', 'restrict_to_subset', 'n_subset'): 372, ('training', 'monodepth_lambda'): 0.0, ('training', 'pseudo_depth_lambda'): 0.0, ('training', 'unlabeled_segmentation'): None}
Resolved vars {('config', 'general', 'tag'): 'cityscapes_transfer_D372random_S25_sgdLr0.010.001stepx_clip10_crop512x512bs2_flip_r101_dec6_lr5_fd2_crop512x512bs4_l9os1', 'seed': 25, ('model', 'segmentation_name'): 'joint_seg_depth_dec', ('model', 'segmentation_args', 'layers'): [9], ('model', 'segmentation_args', 'head_inter_channels'): 64, ('model', 'segmentation_args', 'layer_out_channels'): 64, ('model', 'segmentation_args', 'head_dropout'): 0.1, ('model', 'segmentation_args', 'layer_dropout'): 0, ('model', 'segmentation_args', 'head_inter'): False, ('model', 'pose_pretraining'): 'none', ('model', 'disable_monodepth'): True, ('model', 'disable_pose'): True, ('model', 'variant'): 'transfer', ('data', 'restrict_to_subset', 'mode'): 'random', ('data', 'restrict_to_subset', 'subset'): None, ('data', 'restrict_to_subset', 'n_subset'): 372, ('training', 'monodepth_lambda'): 0.0, ('training', 'pseudo_depth_lambda'): 0.0, ('training', 'unlabeled_segmentation'): None}
Resolved base cfg vars {'seed': 42, ('model', 'segmentation_name'): 'joint_seg_depth_dec', ('model', 'segmentation_args', 'layers'): [9], ('model', 'segmentation_args', 'head_inter_channels'): 64, ('model', 'segmentation_args', 'layer_out_channels'): 64, ('model', 'segmentation_args', 'head_dropout'): 0.1, ('model', 'segmentation_args', 'layer_dropout'): 0, ('model', 'segmentation_args', 'head_inter'): False, ('model', 'pose_pretraining'): 'none', ('model', 'disable_monodepth'): True, ('model', 'disable_pose'): True, ('model', 'variant'): 'transfer', ('data', 'restrict_to_subset', 'mode'): 'random', ('data', 'restrict_to_subset', 'subset'): None, ('data', 'restrict_to_subset', 'n_subset'): 372, ('training', 'monodepth_lambda'): 0.0, ('training', 'pseudo_depth_lambda'): 0.0, ('training', 'unlabeled_segmentation'): None}
Resolved vars {('config', 'general', 'tag'): 'cityscapes_transfer_D372random_S42_sgdLr0.010.001stepx_clip10_crop512x512bs2_flip_r101_dec6_lr5_fd2_crop512x512bs4_l9os1', 'seed': 42, ('model', 'segmentation_name'): 'joint_seg_depth_dec', ('model', 'segmentation_args', 'layers'): [9], ('model', 'segmentation_args', 'head_inter_channels'): 64, ('model', 'segmentation_args', 'layer_out_channels'): 64, ('model', 'segmentation_args', 'head_dropout'): 0.1, ('model', 'segmentation_args', 'layer_dropout'): 0, ('model', 'segmentation_args', 'head_inter'): False, ('model', 'pose_pretraining'): 'none', ('model', 'disable_monodepth'): True, ('model', 'disable_pose'): True, ('model', 'variant'): 'transfer', ('data', 'restrict_to_subset', 'mode'): 'random', ('data', 'restrict_to_subset', 'subset'): None, ('data', 'restrict_to_subset', 'n_subset'): 372, ('training', 'monodepth_lambda'): 0.0, ('training', 'pseudo_depth_lambda'): 0.0, ('training', 'unlabeled_segmentation'): None}
Resolved base cfg vars {'seed': 7, ('model', 'segmentation_name'): 'joint_seg_depth_dec', ('model', 'segmentation_args', 'layers'): [9], ('model', 'segmentation_args', 'head_inter_channels'): 64, ('model', 'segmentation_args', 'layer_out_channels'): 64, ('model', 'segmentation_args', 'head_dropout'): 0.1, ('model', 'segmentation_args', 'layer_dropout'): 0, ('model', 'segmentation_args', 'head_inter'): False, ('model', 'pose_pretraining'): 'none', ('model', 'disable_monodepth'): True, ('model', 'disable_pose'): True, ('model', 'variant'): 'transfer', ('data', 'restrict_to_subset', 'mode'): 'random', ('data', 'restrict_to_subset', 'subset'): None, ('data', 'restrict_to_subset', 'n_subset'): 2975, ('training', 'monodepth_lambda'): 0.0, ('training', 'pseudo_depth_lambda'): 0.0, ('training', 'unlabeled_segmentation'): None}
Resolved vars {('config', 'general', 'tag'): 'cityscapes_transfer_D2975random_S7_sgdLr0.010.001stepx_clip10_crop512x512bs2_flip_r101_dec6_lr5_fd2_crop512x512bs4_l9os1', 'seed': 7, ('model', 'segmentation_name'): 'joint_seg_depth_dec', ('model', 'segmentation_args', 'layers'): [9], ('model', 'segmentation_args', 'head_inter_channels'): 64, ('model', 'segmentation_args', 'layer_out_channels'): 64, ('model', 'segmentation_args', 'head_dropout'): 0.1, ('model', 'segmentation_args', 'layer_dropout'): 0, ('model', 'segmentation_args', 'head_inter'): False, ('model', 'pose_pretraining'): 'none', ('model', 'disable_monodepth'): True, ('model', 'disable_pose'): True, ('model', 'variant'): 'transfer', ('data', 'restrict_to_subset', 'mode'): 'random', ('data', 'restrict_to_subset', 'subset'): None, ('data', 'restrict_to_subset', 'n_subset'): 2975, ('training', 'monodepth_lambda'): 0.0, ('training', 'pseudo_depth_lambda'): 0.0, ('training', 'unlabeled_segmentation'): None}
Resolved base cfg vars {'seed': 25, ('model', 'segmentation_name'): 'joint_seg_depth_dec', ('model', 'segmentation_args', 'layers'): [9], ('model', 'segmentation_args', 'head_inter_channels'): 64, ('model', 'segmentation_args', 'layer_out_channels'): 64, ('model', 'segmentation_args', 'head_dropout'): 0.1, ('model', 'segmentation_args', 'layer_dropout'): 0, ('model', 'segmentation_args', 'head_inter'): False, ('model', 'pose_pretraining'): 'none', ('model', 'disable_monodepth'): True, ('model', 'disable_pose'): True, ('model', 'variant'): 'transfer', ('data', 'restrict_to_subset', 'mode'): 'random', ('data', 'restrict_to_subset', 'subset'): None, ('data', 'restrict_to_subset', 'n_subset'): 2975, ('training', 'monodepth_lambda'): 0.0, ('training', 'pseudo_depth_lambda'): 0.0, ('training', 'unlabeled_segmentation'): None}
Resolved vars {('config', 'general', 'tag'): 'cityscapes_transfer_D2975random_S25_sgdLr0.010.001stepx_clip10_crop512x512bs2_flip_r101_dec6_lr5_fd2_crop512x512bs4_l9os1', 'seed': 25, ('model', 'segmentation_name'): 'joint_seg_depth_dec', ('model', 'segmentation_args', 'layers'): [9], ('model', 'segmentation_args', 'head_inter_channels'): 64, ('model', 'segmentation_args', 'layer_out_channels'): 64, ('model', 'segmentation_args', 'head_dropout'): 0.1, ('model', 'segmentation_args', 'layer_dropout'): 0, ('model', 'segmentation_args', 'head_inter'): False, ('model', 'pose_pretraining'): 'none', ('model', 'disable_monodepth'): True, ('model', 'disable_pose'): True, ('model', 'variant'): 'transfer', ('data', 'restrict_to_subset', 'mode'): 'random', ('data', 'restrict_to_subset', 'subset'): None, ('data', 'restrict_to_subset', 'n_subset'): 2975, ('training', 'monodepth_lambda'): 0.0, ('training', 'pseudo_depth_lambda'): 0.0, ('training', 'unlabeled_segmentation'): None}
Resolved base cfg vars {'seed': 42, ('model', 'segmentation_name'): 'joint_seg_depth_dec', ('model', 'segmentation_args', 'layers'): [9], ('model', 'segmentation_args', 'head_inter_channels'): 64, ('model', 'segmentation_args', 'layer_out_channels'): 64, ('model', 'segmentation_args', 'head_dropout'): 0.1, ('model', 'segmentation_args', 'layer_dropout'): 0, ('model', 'segmentation_args', 'head_inter'): False, ('model', 'pose_pretraining'): 'none', ('model', 'disable_monodepth'): True, ('model', 'disable_pose'): True, ('model', 'variant'): 'transfer', ('data', 'restrict_to_subset', 'mode'): 'random', ('data', 'restrict_to_subset', 'subset'): None, ('data', 'restrict_to_subset', 'n_subset'): 2975, ('training', 'monodepth_lambda'): 0.0, ('training', 'pseudo_depth_lambda'): 0.0, ('training', 'unlabeled_segmentation'): None}
Resolved vars {('config', 'general', 'tag'): 'cityscapes_transfer_D2975random_S42_sgdLr0.010.001stepx_clip10_crop512x512bs2_flip_r101_dec6_lr5_fd2_crop512x512bs4_l9os1', 'seed': 42, ('model', 'segmentation_name'): 'joint_seg_depth_dec', ('model', 'segmentation_args', 'layers'): [9], ('model', 'segmentation_args', 'head_inter_channels'): 64, ('model', 'segmentation_args', 'layer_out_channels'): 64, ('model', 'segmentation_args', 'head_dropout'): 0.1, ('model', 'segmentation_args', 'layer_dropout'): 0, ('model', 'segmentation_args', 'head_inter'): False, ('model', 'pose_pretraining'): 'none', ('model', 'disable_monodepth'): True, ('model', 'disable_pose'): True, ('model', 'variant'): 'transfer', ('data', 'restrict_to_subset', 'mode'): 'random', ('data', 'restrict_to_subset', 'subset'): None, ('data', 'restrict_to_subset', 'n_subset'): 2975, ('training', 'monodepth_lambda'): 0.0, ('training', 'pseudo_depth_lambda'): 0.0, ('training', 'unlabeled_segmentation'): None}
Resolved base cfg vars {'seed': 7, ('model', 'segmentation_name'): 'mtl_pad', ('model', 'segmentation_args', 'distillation_layer'): 7, ('model', 'segmentation_args', 'side_output'): True, ('model', 'segmentation_args', 'final_layer'): 9, ('model', 'pose_pretraining'): 'mono_cityscapes_1024x512_r101dil_aspp_dec6_lr5_fd2_crop512x512bs4', ('model', 'disable_monodepth'): False, ('model', 'disable_pose'): False, ('model', 'variant'): 'pad_transfer', ('data', 'restrict_to_subset', 'mode'): 'random', ('data', 'restrict_to_subset', 'subset'): None, ('data', 'restrict_to_subset', 'n_subset'): 372, ('training', 'optimizer', 'pose_lr'): 1e-06, ('training', 'monodepth_lambda'): 1, ('training', 'pseudo_depth_lambda'): 0.0, ('training', 'unlabeled_segmentation', 'consistency_weight'): 1.0, ('training', 'unlabeled_segmentation', 'mix_mask'): None, ('training', 'unlabeled_segmentation', 'depthmix_online_depth'): False, ('training', 'unlabeled_segmentation', 'backward_first_pseudo_label'): False, ('training', 'unlabeled_segmentation', 'color_jitter'): True, ('training', 'unlabeled_segmentation', 'blur'): True, ('training', 'unlabeled_segmentation', 'only_unlabeled'): False, ('training', 'unlabeled_segmentation', 'mix_use_gt'): False, ('training', 'unlabeled_segmentation', 'depthcomp_margin'): 0.03, ('training', 'unlabeled_segmentation', 'depthcomp_foreground_threshold'): 0, ('training', 'unlabeled_segmentation', 'debug_image'): True, ('training', 'disable_depth_estimator'): True, ('training', 'disable_depth_grad_clip'): False}
Resolved vars {('config', 'general', 'tag'): 'cityscapes_pad_transfer_D372random_S7_sgdLr1E-021E-031E-061E-03stepx_clip10False_m1s1_crop512x512bs2_flip_dec6_lr5_fd2_crop512x512bs4_l9i7Trueos1_Unlab1.0NoneFPLFalsejitblur', 'seed': 7, ('model', 'segmentation_name'): 'mtl_pad', ('model', 'segmentation_args', 'distillation_layer'): 7, ('model', 'segmentation_args', 'side_output'): True, ('model', 'segmentation_args', 'final_layer'): 9, ('model', 'pose_pretraining'): 'mono_cityscapes_1024x512_r101dil_aspp_dec6_lr5_fd2_crop512x512bs4', ('model', 'disable_monodepth'): False, ('model', 'disable_pose'): False, ('model', 'variant'): 'pad_transfer', ('data', 'restrict_to_subset', 'mode'): 'random', ('data', 'restrict_to_subset', 'subset'): None, ('data', 'restrict_to_subset', 'n_subset'): 372, ('training', 'optimizer', 'pose_lr'): 1e-06, ('training', 'monodepth_lambda'): 1, ('training', 'pseudo_depth_lambda'): 0.0, ('training', 'unlabeled_segmentation', 'consistency_weight'): 1.0, ('training', 'unlabeled_segmentation', 'mix_mask'): None, ('training', 'unlabeled_segmentation', 'depthmix_online_depth'): False, ('training', 'unlabeled_segmentation', 'backward_first_pseudo_label'): False, ('training', 'unlabeled_segmentation', 'color_jitter'): True, ('training', 'unlabeled_segmentation', 'blur'): True, ('training', 'unlabeled_segmentation', 'only_unlabeled'): False, ('training', 'unlabeled_segmentation', 'mix_use_gt'): False, ('training', 'unlabeled_segmentation', 'depthcomp_margin'): 0.03, ('training', 'unlabeled_segmentation', 'depthcomp_foreground_threshold'): 0, ('training', 'unlabeled_segmentation', 'debug_image'): True, ('training', 'disable_depth_estimator'): True, ('training', 'disable_depth_grad_clip'): False}
Dispatch job 6_tag=cityscapes_pad_transfer_D372random_S7_sgdLr1E-021E-031E-061E-03stepx_clip10False_m1s1_crop512x512bs2_flip_dec6_lr5_fd2_crop512x512bs4_l9i7Trueos1_Unlab1_0NoneFPLFalsejitblur
Start 2026-03-28_02-23-536_tag=cityscapes_pad_transfer_D372random_S7_sgdLr1E-021E-031E-061E-03stepx_clip10False_m1s1_crop512x512bs2_flip_dec6_lr5_fd2_crop512x512bs4_l9i7Trueos1_Unlab1_0NoneFPLFalsejitblur
RUNDIR: /user/work/ig23200/sde_seg/logs//cityscapes_joint_213/2026-03-28_02-23-536_tag=cityscapes_pad_transfer_D372random_S7_sgdLr1E-021E-031E-061E-03stepx_clip10False_m1s1_crop512x512bs2_flip_dec6_lr5_fd2_crop512x512bs4_l9i7Trueos1_Unlab1_0NoneFPLFalsejitblur
Restrict subset from 2975 to 372 images ...
Use image subset [0, 2, 24, 26, 34, 36, 60, 70, 71, 87, 99, 118, 121, 125, 131, 142, 151, 172, 180, 186, 190, 194, 203, 206, 224, 226, 241, 259, 278, 280, 296, 305, 314, 318, 325, 340, 356, 361, 372, 375, 377, 386, 400, 412, 414, 415, 419, 420, 423, 426, 427, 429, 430, 433, 450, 454, 468, 474, 502, 513, 514, 523, 526, 536, 539, 547, 561, 562, 580, 582, 584, 587, 592, 603, 619, 632, 637, 643, 658, 661, 664, 666, 672, 674, 690, 699, 701, 704, 705, 707, 716, 717, 718, 727, 729, 732, 735, 746, 752, 757, 760, 795, 802, 803, 832, 836, 840, 842, 845, 847, 858, 863, 864, 879, 890, 895, 921, 928, 939, 945, 961, 964, 977, 979, 983, 992, 997, 1002, 1039, 1054, 1057, 1061, 1070, 1084, 1104, 1109, 1123, 1135, 1140, 1141, 1144, 1151, 1153, 1165, 1167, 1171, 1181, 1209, 1210, 1222, 1224, 1227, 1228, 1235, 1251, 1263, 1267, 1281, 1283, 1292, 1294, 1303, 1308, 1313, 1324, 1332, 1338, 1351, 1354, 1363, 1364, 1365, 1381, 1396, 1420, 1421, 1428, 1434, 1443, 1448, 1455, 1458, 1470, 1476, 1477, 1483, 1487, 1490, 1495, 1496, 1512, 1524, 1533, 1538, 1545, 1559, 1578, 1584, 1587, 1611, 1617, 1647, 1670, 1675, 1678, 1681, 1682, 1695, 1697, 1703, 1705, 1714, 1715, 1730, 1731, 1751, 1755, 1761, 1766, 1769, 1777, 1782, 1792, 1795, 1805, 1813, 1830, 1853, 1854, 1863, 1875, 1876, 1879, 1898, 1914, 1915, 1939, 1958, 1979, 1982, 1992, 2008, 2014, 2043, 2047, 2052, 2081, 2085, 2087, 2092, 2099, 2106, 2112, 2114, 2116, 2130, 2132, 2134, 2146, 2159, 2160, 2165, 2194, 2196, 2202, 2203, 2205, 2208, 2211, 2212, 2218, 2224, 2234, 2237, 2240, 2248, 2253, 2263, 2271, 2282, 2284, 2285, 2288, 2293, 2335, 2350, 2360, 2361, 2369, 2385, 2402, 2417, 2426, 2430, 2437, 2443, 2444, 2455, 2461, 2465, 2489, 2503, 2510, 2522, 2535, 2547, 2548, 2555, 2556, 2559, 2561, 2568, 2582, 2591, 2592, 2599, 2607, 2611, 2620, 2623, 2625, 2628, 2629, 2643, 2645, 2653, 2665, 2671, 2679, 2690, 2698, 2700, 2701, 2703, 2706, 2724, 2729, 2734, 2741, 2742, 2744, 2747, 2755, 2762, 2768, 2781, 2787, 2790, 2795, 2798, 2802, 2809, 2817, 2825, 2830, 2835, 2841, 2843, 2844, 2868, 2885, 2887, 2890, 2925, 2928, 2936, 2949, 2961, 2970, 2971, 2972, 2973] with class frequencies:
Keep 372 images
Found 372 train images
Restrict subset from 2975 to 372 images ...
Use image subset [0, 2, 24, 26, 34, 36, 60, 70, 71, 87, 99, 118, 121, 125, 131, 142, 151, 172, 180, 186, 190, 194, 203, 206, 224, 226, 241, 259, 278, 280, 296, 305, 314, 318, 325, 340, 356, 361, 372, 375, 377, 386, 400, 412, 414, 415, 419, 420, 423, 426, 427, 429, 430, 433, 450, 454, 468, 474, 502, 513, 514, 523, 526, 536, 539, 547, 561, 562, 580, 582, 584, 587, 592, 603, 619, 632, 637, 643, 658, 661, 664, 666, 672, 674, 690, 699, 701, 704, 705, 707, 716, 717, 718, 727, 729, 732, 735, 746, 752, 757, 760, 795, 802, 803, 832, 836, 840, 842, 845, 847, 858, 863, 864, 879, 890, 895, 921, 928, 939, 945, 961, 964, 977, 979, 983, 992, 997, 1002, 1039, 1054, 1057, 1061, 1070, 1084, 1104, 1109, 1123, 1135, 1140, 1141, 1144, 1151, 1153, 1165, 1167, 1171, 1181, 1209, 1210, 1222, 1224, 1227, 1228, 1235, 1251, 1263, 1267, 1281, 1283, 1292, 1294, 1303, 1308, 1313, 1324, 1332, 1338, 1351, 1354, 1363, 1364, 1365, 1381, 1396, 1420, 1421, 1428, 1434, 1443, 1448, 1455, 1458, 1470, 1476, 1477, 1483, 1487, 1490, 1495, 1496, 1512, 1524, 1533, 1538, 1545, 1559, 1578, 1584, 1587, 1611, 1617, 1647, 1670, 1675, 1678, 1681, 1682, 1695, 1697, 1703, 1705, 1714, 1715, 1730, 1731, 1751, 1755, 1761, 1766, 1769, 1777, 1782, 1792, 1795, 1805, 1813, 1830, 1853, 1854, 1863, 1875, 1876, 1879, 1898, 1914, 1915, 1939, 1958, 1979, 1982, 1992, 2008, 2014, 2043, 2047, 2052, 2081, 2085, 2087, 2092, 2099, 2106, 2112, 2114, 2116, 2130, 2132, 2134, 2146, 2159, 2160, 2165, 2194, 2196, 2202, 2203, 2205, 2208, 2211, 2212, 2218, 2224, 2234, 2237, 2240, 2248, 2253, 2263, 2271, 2282, 2284, 2285, 2288, 2293, 2335, 2350, 2360, 2361, 2369, 2385, 2402, 2417, 2426, 2430, 2437, 2443, 2444, 2455, 2461, 2465, 2489, 2503, 2510, 2522, 2535, 2547, 2548, 2555, 2556, 2559, 2561, 2568, 2582, 2591, 2592, 2599, 2607, 2611, 2620, 2623, 2625, 2628, 2629, 2643, 2645, 2653, 2665, 2671, 2679, 2690, 2698, 2700, 2701, 2703, 2706, 2724, 2729, 2734, 2741, 2742, 2744, 2747, 2755, 2762, 2768, 2781, 2787, 2790, 2795, 2798, 2802, 2809, 2817, 2825, 2830, 2835, 2841, 2843, 2844, 2868, 2885, 2887, 2890, 2925, 2928, 2936, 2949, 2961, 2970, 2971, 2972, 2973] with class frequencies:
Keep 2975 images
Found 2975 train images
Found 500 val images
Load mono_cityscapes_1024x512_r101dil_aspp_dec6_lr5_fd2_crop512x512bs4 weights
Load mono_cityscapes_1024x512_r101dil_aspp_dec6_lr5_fd2_crop512x512bs4depth weights
Load mono_cityscapes_1024x512_r101dil_aspp_dec6_lr5_fd2_crop512x512bs4depth weights
Create segmentation ema model.
Load mono_cityscapes_1024x512_r101dil_aspp_dec6_lr5_fd2_crop512x512bs4 weights
Load mono_cityscapes_1024x512_r101dil_aspp_dec6_lr5_fd2_crop512x512bs4depth weights
Load mono_cityscapes_1024x512_r101dil_aspp_dec6_lr5_fd2_crop512x512bs4depth weights
PAD run first half of decoder ([4, 3, 2]).
bottleneck shape torch.Size([2, 2048, 32, 32])
upconv4-0 shape: torch.Size([2, 256, 32, 32])
concatenated features shape: torch.Size([2, 1280, 32, 32])
upconv4-1 shape: torch.Size([2, 256, 32, 32])
upconv3-0 shape: torch.Size([2, 256, 32, 32])
concatenated features shape: torch.Size([2, 768, 64, 64])
upconv3-1 shape: torch.Size([2, 256, 64, 64])
disp3 shape: torch.Size([2, 1, 64, 64]), expected [64 64]
upconv2-0 shape: torch.Size([2, 128, 64, 64])
concatenated features shape: torch.Size([2, 384, 128, 128])
upconv2-1 shape: torch.Size([2, 128, 128, 128])
disp2 shape: torch.Size([2, 1, 128, 128]), expected [128 128]
bottleneck shape torch.Size([2, 2048, 32, 32])
upconv4-0 shape: torch.Size([2, 256, 32, 32])
concatenated features shape: torch.Size([2, 1280, 32, 32])
upconv4-1 shape: torch.Size([2, 256, 32, 32])
upconv3-0 shape: torch.Size([2, 256, 32, 32])
concatenated features shape: torch.Size([2, 768, 64, 64])
upconv3-1 shape: torch.Size([2, 256, 64, 64])
upconv2-0 shape: torch.Size([2, 128, 64, 64])
concatenated features shape: torch.Size([2, 384, 128, 128])
upconv2-1 shape: torch.Size([2, 128, 128, 128])
PAD self attention for ('upconv', 2) with shape torch.Size([2, 128, 128, 128]).
PAD run second half of decoder ([1, 0]).
bottleneck shape torch.Size([2, 128, 128, 128])
upconv1-0 shape: torch.Size([2, 128, 128, 128])
concatenated features shape: torch.Size([2, 192, 256, 256])
upconv1-1 shape: torch.Size([2, 128, 256, 256])
disp1 shape: torch.Size([2, 1, 256, 256]), expected [256 256]
upconv0-0 shape: torch.Size([2, 64, 256, 256])
concatenated features shape: torch.Size([2, 64, 512, 512])
upconv0-1 shape: torch.Size([2, 64, 512, 512])
disp0 shape: torch.Size([2, 1, 512, 512]), expected [512 512]
WARN get_lr: optimizer has more than one param group
Overall Acc: 	 0.8189071987008492
Mean Acc : 	 0.26239898876471246
FreqW Acc : 	 0.69214169278269
Mean IoU : 	 0.21798831260061957
WARN get_lr: optimizer has more than one param group
WARN get_lr: optimizer has more than one param group
WARN get_lr: optimizer has more than one param group
WARN get_lr: optimizer has more than one param group
WARN get_lr: optimizer has more than one param group
WARN get_lr: optimizer has more than one param group
WARN get_lr: optimizer has more than one param group
WARN get_lr: optimizer has more than one param group
WARN get_lr: optimizer has more than one param group
WARN get_lr: optimizer has more than one param group
WARN get_lr: optimizer has more than one param group
WARN get_lr: optimizer has more than one param group
WARN get_lr: optimizer has more than one param group
WARN get_lr: optimizer has more than one param group
WARN get_lr: optimizer has more than one param group
WARN get_lr: optimizer has more than one param group
WARN get_lr: optimizer has more than one param group
WARN get_lr: optimizer has more than one param group
WARN get_lr: optimizer has more than one param group
WARN get_lr: optimizer has more than one param group
WARN get_lr: optimizer has more than one param group
WARN get_lr: optimizer has more than one param group
WARN get_lr: optimizer has more than one param group
WARN get_lr: optimizer has more than one param group
Overall Acc: 	 0.9171848790364876
Mean Acc : 	 0.5961839083288055
FreqW Acc : 	 0.8576360717630558
Mean IoU : 	 0.4853760495160068
WARN get_lr: optimizer has more than one param group
WARN get_lr: optimizer has more than one param group
WARN get_lr: optimizer has more than one param group
WARN get_lr: optimizer has more than one param group
WARN get_lr: optimizer has more than one param group
WARN get_lr: optimizer has more than one param group
WARN get_lr: optimizer has more than one param group
WARN get_lr: optimizer has more than one param group
WARN get_lr: optimizer has more than one param group
WARN get_lr: optimizer has more than one param group
WARN get_lr: optimizer has more than one param group
WARN get_lr: optimizer has more than one param group
WARN get_lr: optimizer has more than one param group
WARN get_lr: optimizer has more than one param group
WARN get_lr: optimizer has more than one param group
WARN get_lr: optimizer has more than one param group
WARN get_lr: optimizer has more than one param group
WARN get_lr: optimizer has more than one param group
WARN get_lr: optimizer has more than one param group
WARN get_lr: optimizer has more than one param group
WARN get_lr: optimizer has more than one param group
WARN get_lr: optimizer has more than one param group
WARN get_lr: optimizer has more than one param group
WARN get_lr: optimizer has more than one param group
WARN get_lr: optimizer has more than one param group
Overall Acc: 	 0.9270396674895273
Mean Acc : 	 0.618676483995821
FreqW Acc : 	 0.8710365762090346
Mean IoU : 	 0.5271386563575253
WARN get_lr: optimizer has more than one param group
WARN get_lr: optimizer has more than one param group
WARN get_lr: optimizer has more than one param group
WARN get_lr: optimizer has more than one param group
WARN get_lr: optimizer has more than one param group
WARN get_lr: optimizer has more than one param group
WARN get_lr: optimizer has more than one param group
WARN get_lr: optimizer has more than one param group
WARN get_lr: optimizer has more than one param group
WARN get_lr: optimizer has more than one param group
WARN get_lr: optimizer has more than one param group
WARN get_lr: optimizer has more than one param group
WARN get_lr: optimizer has more than one param group
WARN get_lr: optimizer has more than one param group
WARN get_lr: optimizer has more than one param group
WARN get_lr: optimizer has more than one param group
WARN get_lr: optimizer has more than one param group
WARN get_lr: optimizer has more than one param group
WARN get_lr: optimizer has more than one param group
WARN get_lr: optimizer has more than one param group
WARN get_lr: optimizer has more than one param group
WARN get_lr: optimizer has more than one param group
WARN get_lr: optimizer has more than one param group
WARN get_lr: optimizer has more than one param group
WARN get_lr: optimizer has more than one param group
Overall Acc: 	 0.9296466930088565
Mean Acc : 	 0.6477223356028126
FreqW Acc : 	 0.8763084829755259
Mean IoU : 	 0.5481650784766732
WARN get_lr: optimizer has more than one param group
WARN get_lr: optimizer has more than one param group
WARN get_lr: optimizer has more than one param group
WARN get_lr: optimizer has more than one param group
WARN get_lr: optimizer has more than one param group
WARN get_lr: optimizer has more than one param group
WARN get_lr: optimizer has more than one param group
WARN get_lr: optimizer has more than one param group
WARN get_lr: optimizer has more than one param group
WARN get_lr: optimizer has more than one param group
WARN get_lr: optimizer has more than one param group
WARN get_lr: optimizer has more than one param group
WARN get_lr: optimizer has more than one param group
WARN get_lr: optimizer has more than one param group
WARN get_lr: optimizer has more than one param group
WARN get_lr: optimizer has more than one param group
WARN get_lr: optimizer has more than one param group
WARN get_lr: optimizer has more than one param group
WARN get_lr: optimizer has more than one param group
WARN get_lr: optimizer has more than one param group
WARN get_lr: optimizer has more than one param group
WARN get_lr: optimizer has more than one param group
WARN get_lr: optimizer has more than one param group
WARN get_lr: optimizer has more than one param group
WARN get_lr: optimizer has more than one param group
Overall Acc: 	 0.9316245144269432
Mean Acc : 	 0.6508019525970449
FreqW Acc : 	 0.878740136669596
Mean IoU : 	 0.565206849517173
WARN get_lr: optimizer has more than one param group
WARN get_lr: optimizer has more than one param group
WARN get_lr: optimizer has more than one param group
WARN get_lr: optimizer has more than one param group
WARN get_lr: optimizer has more than one param group
WARN get_lr: optimizer has more than one param group
WARN get_lr: optimizer has more than one param group
WARN get_lr: optimizer has more than one param group
WARN get_lr: optimizer has more than one param group
WARN get_lr: optimizer has more than one param group
WARN get_lr: optimizer has more than one param group
WARN get_lr: optimizer has more than one param group
WARN get_lr: optimizer has more than one param group
WARN get_lr: optimizer has more than one param group
WARN get_lr: optimizer has more than one param group
WARN get_lr: optimizer has more than one param group
WARN get_lr: optimizer has more than one param group
WARN get_lr: optimizer has more than one param group
WARN get_lr: optimizer has more than one param group
WARN get_lr: optimizer has more than one param group
WARN get_lr: optimizer has more than one param group
WARN get_lr: optimizer has more than one param group
WARN get_lr: optimizer has more than one param group
WARN get_lr: optimizer has more than one param group
WARN get_lr: optimizer has more than one param group
Overall Acc: 	 0.9317657194572971
Mean Acc : 	 0.6569434846547345
FreqW Acc : 	 0.8789381374599179
Mean IoU : 	 0.5661794770829879
WARN get_lr: optimizer has more than one param group
WARN get_lr: optimizer has more than one param group
WARN get_lr: optimizer has more than one param group
WARN get_lr: optimizer has more than one param group
WARN get_lr: optimizer has more than one param group
WARN get_lr: optimizer has more than one param group
WARN get_lr: optimizer has more than one param group
WARN get_lr: optimizer has more than one param group
WARN get_lr: optimizer has more than one param group
WARN get_lr: optimizer has more than one param group
WARN get_lr: optimizer has more than one param group
WARN get_lr: optimizer has more than one param group
WARN get_lr: optimizer has more than one param group
WARN get_lr: optimizer has more than one param group
WARN get_lr: optimizer has more than one param group
WARN get_lr: optimizer has more than one param group
WARN get_lr: optimizer has more than one param group
WARN get_lr: optimizer has more than one param group
WARN get_lr: optimizer has more than one param group
WARN get_lr: optimizer has more than one param group
WARN get_lr: optimizer has more than one param group
WARN get_lr: optimizer has more than one param group
WARN get_lr: optimizer has more than one param group
WARN get_lr: optimizer has more than one param group
WARN get_lr: optimizer has more than one param group
Overall Acc: 	 0.9336893909775871
Mean Acc : 	 0.6697995726339967
FreqW Acc : 	 0.8822421233336911
Mean IoU : 	 0.5722834373150169
WARN get_lr: optimizer has more than one param group
WARN get_lr: optimizer has more than one param group
WARN get_lr: optimizer has more than one param group
WARN get_lr: optimizer has more than one param group
WARN get_lr: optimizer has more than one param group
WARN get_lr: optimizer has more than one param group
WARN get_lr: optimizer has more than one param group
WARN get_lr: optimizer has more than one param group
WARN get_lr: optimizer has more than one param group
WARN get_lr: optimizer has more than one param group
WARN get_lr: optimizer has more than one param group
WARN get_lr: optimizer has more than one param group
WARN get_lr: optimizer has more than one param group
WARN get_lr: optimizer has more than one param group
WARN get_lr: optimizer has more than one param group
WARN get_lr: optimizer has more than one param group
WARN get_lr: optimizer has more than one param group
WARN get_lr: optimizer has more than one param group
WARN get_lr: optimizer has more than one param group
WARN get_lr: optimizer has more than one param group
WARN get_lr: optimizer has more than one param group
WARN get_lr: optimizer has more than one param group
WARN get_lr: optimizer has more than one param group
WARN get_lr: optimizer has more than one param group
WARN get_lr: optimizer has more than one param group
Overall Acc: 	 0.9335568932054302
Mean Acc : 	 0.6761494690384976
FreqW Acc : 	 0.8822626641513356
Mean IoU : 	 0.5802314622486204
WARN get_lr: optimizer has more than one param group
WARN get_lr: optimizer has more than one param group
WARN get_lr: optimizer has more than one param group
WARN get_lr: optimizer has more than one param group
WARN get_lr: optimizer has more than one param group
WARN get_lr: optimizer has more than one param group
WARN get_lr: optimizer has more than one param group
WARN get_lr: optimizer has more than one param group
WARN get_lr: optimizer has more than one param group
WARN get_lr: optimizer has more than one param group
WARN get_lr: optimizer has more than one param group
WARN get_lr: optimizer has more than one param group
WARN get_lr: optimizer has more than one param group
WARN get_lr: optimizer has more than one param group
WARN get_lr: optimizer has more than one param group
WARN get_lr: optimizer has more than one param group
WARN get_lr: optimizer has more than one param group
WARN get_lr: optimizer has more than one param group
WARN get_lr: optimizer has more than one param group
WARN get_lr: optimizer has more than one param group
WARN get_lr: optimizer has more than one param group
WARN get_lr: optimizer has more than one param group
WARN get_lr: optimizer has more than one param group
WARN get_lr: optimizer has more than one param group
WARN get_lr: optimizer has more than one param group
Overall Acc: 	 0.9331854780400135
Mean Acc : 	 0.6813022714808848
FreqW Acc : 	 0.8805260081637777
Mean IoU : 	 0.5892928789752182
WARN get_lr: optimizer has more than one param group
WARN get_lr: optimizer has more than one param group
WARN get_lr: optimizer has more than one param group
WARN get_lr: optimizer has more than one param group
WARN get_lr: optimizer has more than one param group
WARN get_lr: optimizer has more than one param group
WARN get_lr: optimizer has more than one param group
WARN get_lr: optimizer has more than one param group
WARN get_lr: optimizer has more than one param group
WARN get_lr: optimizer has more than one param group
WARN get_lr: optimizer has more than one param group
WARN get_lr: optimizer has more than one param group
WARN get_lr: optimizer has more than one param group
WARN get_lr: optimizer has more than one param group
WARN get_lr: optimizer has more than one param group
WARN get_lr: optimizer has more than one param group
WARN get_lr: optimizer has more than one param group
WARN get_lr: optimizer has more than one param group
WARN get_lr: optimizer has more than one param group
WARN get_lr: optimizer has more than one param group
WARN get_lr: optimizer has more than one param group
WARN get_lr: optimizer has more than one param group
WARN get_lr: optimizer has more than one param group
WARN get_lr: optimizer has more than one param group
WARN get_lr: optimizer has more than one param group
Overall Acc: 	 0.9349466606057286
Mean Acc : 	 0.7016720502316646
FreqW Acc : 	 0.8846067574413448
Mean IoU : 	 0.5950306198675755
WARN get_lr: optimizer has more than one param group
WARN get_lr: optimizer has more than one param group
WARN get_lr: optimizer has more than one param group
WARN get_lr: optimizer has more than one param group
WARN get_lr: optimizer has more than one param group
WARN get_lr: optimizer has more than one param group
WARN get_lr: optimizer has more than one param group
WARN get_lr: optimizer has more than one param group
WARN get_lr: optimizer has more than one param group
WARN get_lr: optimizer has more than one param group
WARN get_lr: optimizer has more than one param group
WARN get_lr: optimizer has more than one param group
WARN get_lr: optimizer has more than one param group
WARN get_lr: optimizer has more than one param group
WARN get_lr: optimizer has more than one param group
WARN get_lr: optimizer has more than one param group
WARN get_lr: optimizer has more than one param group
WARN get_lr: optimizer has more than one param group
WARN get_lr: optimizer has more than one param group
WARN get_lr: optimizer has more than one param group
WARN get_lr: optimizer has more than one param group
WARN get_lr: optimizer has more than one param group
WARN get_lr: optimizer has more than one param group
WARN get_lr: optimizer has more than one param group
WARN get_lr: optimizer has more than one param group
Overall Acc: 	 0.9332435322444669
Mean Acc : 	 0.6746967207842492
FreqW Acc : 	 0.8834952989549576
Mean IoU : 	 0.5601224312091568
WARN get_lr: optimizer has more than one param group
WARN get_lr: optimizer has more than one param group
WARN get_lr: optimizer has more than one param group
WARN get_lr: optimizer has more than one param group
WARN get_lr: optimizer has more than one param group
WARN get_lr: optimizer has more than one param group
WARN get_lr: optimizer has more than one param group
WARN get_lr: optimizer has more than one param group
WARN get_lr: optimizer has more than one param group
WARN get_lr: optimizer has more than one param group
WARN get_lr: optimizer has more than one param group
WARN get_lr: optimizer has more than one param group
WARN get_lr: optimizer has more than one param group
WARN get_lr: optimizer has more than one param group
WARN get_lr: optimizer has more than one param group
WARN get_lr: optimizer has more than one param group
WARN get_lr: optimizer has more than one param group
WARN get_lr: optimizer has more than one param group
WARN get_lr: optimizer has more than one param group
WARN get_lr: optimizer has more than one param group
WARN get_lr: optimizer has more than one param group
WARN get_lr: optimizer has more than one param group
WARN get_lr: optimizer has more than one param group
WARN get_lr: optimizer has more than one param group
WARN get_lr: optimizer has more than one param group
Overall Acc: 	 0.9350189011847599
Mean Acc : 	 0.6865610304633494
FreqW Acc : 	 0.8836497707770926
Mean IoU : 	 0.5920343613090799
WARN get_lr: optimizer has more than one param group
WARN get_lr: optimizer has more than one param group
WARN get_lr: optimizer has more than one param group
WARN get_lr: optimizer has more than one param group
WARN get_lr: optimizer has more than one param group
WARN get_lr: optimizer has more than one param group
WARN get_lr: optimizer has more than one param group
WARN get_lr: optimizer has more than one param group
WARN get_lr: optimizer has more than one param group
WARN get_lr: optimizer has more than one param group
WARN get_lr: optimizer has more than one param group
WARN get_lr: optimizer has more than one param group
WARN get_lr: optimizer has more than one param group
WARN get_lr: optimizer has more than one param group
WARN get_lr: optimizer has more than one param group
WARN get_lr: optimizer has more than one param group
WARN get_lr: optimizer has more than one param group
WARN get_lr: optimizer has more than one param group
WARN get_lr: optimizer has more than one param group
WARN get_lr: optimizer has more than one param group
WARN get_lr: optimizer has more than one param group
WARN get_lr: optimizer has more than one param group
WARN get_lr: optimizer has more than one param group
WARN get_lr: optimizer has more than one param group
WARN get_lr: optimizer has more than one param group
Overall Acc: 	 0.9344358682362026
Mean Acc : 	 0.6727885996829763
FreqW Acc : 	 0.8840572546456968
Mean IoU : 	 0.5711058219583135
WARN get_lr: optimizer has more than one param group
WARN get_lr: optimizer has more than one param group
WARN get_lr: optimizer has more than one param group
WARN get_lr: optimizer has more than one param group
WARN get_lr: optimizer has more than one param group
Overall Acc: 	 0.9367122578734957
Mean Acc : 	 0.6884265170250585
FreqW Acc : 	 0.887124777431445
Mean IoU : 	 0.5925046689967046
WARN get_lr: optimizer has more than one param group
WARN get_lr: optimizer has more than one param group
WARN get_lr: optimizer has more than one param group
WARN get_lr: optimizer has more than one param group
WARN get_lr: optimizer has more than one param group
Overall Acc: 	 0.9363520321455919
Mean Acc : 	 0.697819012970452
FreqW Acc : 	 0.8869433957137302
Mean IoU : 	 0.5965625550628231
WARN get_lr: optimizer has more than one param group
WARN get_lr: optimizer has more than one param group
WARN get_lr: optimizer has more than one param group
WARN get_lr: optimizer has more than one param group
WARN get_lr: optimizer has more than one param group
Overall Acc: 	 0.9366598703666366
Mean Acc : 	 0.6893510023248858
FreqW Acc : 	 0.8871840325108687
Mean IoU : 	 0.5917320792481068
WARN get_lr: optimizer has more than one param group
WARN get_lr: optimizer has more than one param group
WARN get_lr: optimizer has more than one param group
WARN get_lr: optimizer has more than one param group
WARN get_lr: optimizer has more than one param group
Overall Acc: 	 0.9366477910089471
Mean Acc : 	 0.6959698714695756
FreqW Acc : 	 0.8872483466226395
Mean IoU : 	 0.5948266746513774
WARN get_lr: optimizer has more than one param group
WARN get_lr: optimizer has more than one param group
WARN get_lr: optimizer has more than one param group
WARN get_lr: optimizer has more than one param group
WARN get_lr: optimizer has more than one param group
Overall Acc: 	 0.9371273445628667
Mean Acc : 	 0.6973960778118892
FreqW Acc : 	 0.8879538369785449
Mean IoU : 	 0.5977502746673782
WARN get_lr: optimizer has more than one param group
WARN get_lr: optimizer has more than one param group
WARN get_lr: optimizer has more than one param group
WARN get_lr: optimizer has more than one param group
WARN get_lr: optimizer has more than one param group
Overall Acc: 	 0.9367389860152665
Mean Acc : 	 0.6942092479306299
FreqW Acc : 	 0.8873436689318839
Mean IoU : 	 0.5954634728021932
WARN get_lr: optimizer has more than one param group
WARN get_lr: optimizer has more than one param group
WARN get_lr: optimizer has more than one param group
WARN get_lr: optimizer has more than one param group
WARN get_lr: optimizer has more than one param group
Overall Acc: 	 0.9371136424095613
Mean Acc : 	 0.7021289372469216
FreqW Acc : 	 0.8880706582775686
Mean IoU : 	 0.6016933071429026
WARN get_lr: optimizer has more than one param group
WARN get_lr: optimizer has more than one param group
WARN get_lr: optimizer has more than one param group
WARN get_lr: optimizer has more than one param group
WARN get_lr: optimizer has more than one param group
Overall Acc: 	 0.9370486477002022
Mean Acc : 	 0.7015567346502172
FreqW Acc : 	 0.8879799674901727
Mean IoU : 	 0.6005528450320262
WARN get_lr: optimizer has more than one param group
WARN get_lr: optimizer has more than one param group
WARN get_lr: optimizer has more than one param group
WARN get_lr: optimizer has more than one param group
WARN get_lr: optimizer has more than one param group
Overall Acc: 	 0.9368676885396119
Mean Acc : 	 0.7006989660301006
FreqW Acc : 	 0.8876219714029103
Mean IoU : 	 0.598130081213117
WARN get_lr: optimizer has more than one param group
WARN get_lr: optimizer has more than one param group
WARN get_lr: optimizer has more than one param group
WARN get_lr: optimizer has more than one param group
WARN get_lr: optimizer has more than one param group
Overall Acc: 	 0.9367673805761912
Mean Acc : 	 0.7056751503052076
FreqW Acc : 	 0.8878276088842836
Mean IoU : 	 0.598899027818164
WARN get_lr: optimizer has more than one param group
WARN get_lr: optimizer has more than one param group
WARN get_lr: optimizer has more than one param group
WARN get_lr: optimizer has more than one param group
WARN get_lr: optimizer has more than one param group
Overall Acc: 	 0.9372302612138634
Mean Acc : 	 0.7076800309929151
FreqW Acc : 	 0.8886051698341257
Mean IoU : 	 0.6032572204313309
WARN get_lr: optimizer has more than one param group
WARN get_lr: optimizer has more than one param group
WARN get_lr: optimizer has more than one param group
WARN get_lr: optimizer has more than one param group
WARN get_lr: optimizer has more than one param group
Overall Acc: 	 0.9374885779944997
Mean Acc : 	 0.7051413586009819
FreqW Acc : 	 0.888806574549424
Mean IoU : 	 0.6041040622921449
WARN get_lr: optimizer has more than one param group
WARN get_lr: optimizer has more than one param group
WARN get_lr: optimizer has more than one param group
WARN get_lr: optimizer has more than one param group
WARN get_lr: optimizer has more than one param group
Overall Acc: 	 0.9368867912869294
Mean Acc : 	 0.7045054846995198
FreqW Acc : 	 0.8878819267444129
Mean IoU : 	 0.6014869541610295
WARN get_lr: optimizer has more than one param group
WARN get_lr: optimizer has more than one param group
WARN get_lr: optimizer has more than one param group
WARN get_lr: optimizer has more than one param group
WARN get_lr: optimizer has more than one param group
Overall Acc: 	 0.9371313143048303
Mean Acc : 	 0.709068455098217
FreqW Acc : 	 0.8886996532093722
Mean IoU : 	 0.6032977066425775
WARN get_lr: optimizer has more than one param group
WARN get_lr: optimizer has more than one param group
WARN get_lr: optimizer has more than one param group
WARN get_lr: optimizer has more than one param group
WARN get_lr: optimizer has more than one param group
Overall Acc: 	 0.9372626037049828
Mean Acc : 	 0.6975039781167927
FreqW Acc : 	 0.8882157590133453
Mean IoU : 	 0.5989005105265126
WARN get_lr: optimizer has more than one param group
WARN get_lr: optimizer has more than one param group
WARN get_lr: optimizer has more than one param group
WARN get_lr: optimizer has more than one param group
WARN get_lr: optimizer has more than one param group
Overall Acc: 	 0.9363964758061698
Mean Acc : 	 0.6976889691656941
FreqW Acc : 	 0.8870687749655933
Mean IoU : 	 0.5951126942982797
WARN get_lr: optimizer has more than one param group
WARN get_lr: optimizer has more than one param group
WARN get_lr: optimizer has more than one param group
WARN get_lr: optimizer has more than one param group
WARN get_lr: optimizer has more than one param group
Overall Acc: 	 0.9372409926042268
Mean Acc : 	 0.7084102349396184
FreqW Acc : 	 0.8885774698392159
Mean IoU : 	 0.6022992988582905
WARN get_lr: optimizer has more than one param group
WARN get_lr: optimizer has more than one param group
WARN get_lr: optimizer has more than one param group
WARN get_lr: optimizer has more than one param group
WARN get_lr: optimizer has more than one param group
Overall Acc: 	 0.9373050057839795
Mean Acc : 	 0.7056637344372894
FreqW Acc : 	 0.8883256851962577
Mean IoU : 	 0.6034066576948917
WARN get_lr: optimizer has more than one param group
WARN get_lr: optimizer has more than one param group
WARN get_lr: optimizer has more than one param group
WARN get_lr: optimizer has more than one param group
WARN get_lr: optimizer has more than one param group
Overall Acc: 	 0.9374330539552539
Mean Acc : 	 0.704872035659271
FreqW Acc : 	 0.8888225962807396
Mean IoU : 	 0.6029894533303397
WARN get_lr: optimizer has more than one param group
WARN get_lr: optimizer has more than one param group
WARN get_lr: optimizer has more than one param group
WARN get_lr: optimizer has more than one param group
WARN get_lr: optimizer has more than one param group
Overall Acc: 	 0.9373510286166352
Mean Acc : 	 0.6979215268371997
FreqW Acc : 	 0.8886166140025222
Mean IoU : 	 0.5971915025866669
Resolved base cfg vars {'seed': 25, ('model', 'segmentation_name'): 'mtl_pad', ('model', 'segmentation_args', 'distillation_layer'): 7, ('model', 'segmentation_args', 'side_output'): True, ('model', 'segmentation_args', 'final_layer'): 9, ('model', 'pose_pretraining'): 'mono_cityscapes_1024x512_r101dil_aspp_dec6_lr5_fd2_crop512x512bs4', ('model', 'disable_monodepth'): False, ('model', 'disable_pose'): False, ('model', 'variant'): 'pad_transfer', ('data', 'restrict_to_subset', 'mode'): 'random', ('data', 'restrict_to_subset', 'subset'): None, ('data', 'restrict_to_subset', 'n_subset'): 372, ('training', 'optimizer', 'pose_lr'): 1e-06, ('training', 'monodepth_lambda'): 1, ('training', 'pseudo_depth_lambda'): 0.0, ('training', 'unlabeled_segmentation', 'consistency_weight'): 1.0, ('training', 'unlabeled_segmentation', 'mix_mask'): None, ('training', 'unlabeled_segmentation', 'depthmix_online_depth'): False, ('training', 'unlabeled_segmentation', 'backward_first_pseudo_label'): False, ('training', 'unlabeled_segmentation', 'color_jitter'): True, ('training', 'unlabeled_segmentation', 'blur'): True, ('training', 'unlabeled_segmentation', 'only_unlabeled'): False, ('training', 'unlabeled_segmentation', 'mix_use_gt'): False, ('training', 'unlabeled_segmentation', 'depthcomp_margin'): 0.03, ('training', 'unlabeled_segmentation', 'depthcomp_foreground_threshold'): 0, ('training', 'unlabeled_segmentation', 'debug_image'): True, ('training', 'disable_depth_estimator'): True, ('training', 'disable_depth_grad_clip'): False}
Resolved vars {('config', 'general', 'tag'): 'cityscapes_pad_transfer_D372random_S25_sgdLr1E-021E-031E-061E-03stepx_clip10False_m1s1_crop512x512bs2_flip_dec6_lr5_fd2_crop512x512bs4_l9i7Trueos1_Unlab1.0NoneFPLFalsejitblur', 'seed': 25, ('model', 'segmentation_name'): 'mtl_pad', ('model', 'segmentation_args', 'distillation_layer'): 7, ('model', 'segmentation_args', 'side_output'): True, ('model', 'segmentation_args', 'final_layer'): 9, ('model', 'pose_pretraining'): 'mono_cityscapes_1024x512_r101dil_aspp_dec6_lr5_fd2_crop512x512bs4', ('model', 'disable_monodepth'): False, ('model', 'disable_pose'): False, ('model', 'variant'): 'pad_transfer', ('data', 'restrict_to_subset', 'mode'): 'random', ('data', 'restrict_to_subset', 'subset'): None, ('data', 'restrict_to_subset', 'n_subset'): 372, ('training', 'optimizer', 'pose_lr'): 1e-06, ('training', 'monodepth_lambda'): 1, ('training', 'pseudo_depth_lambda'): 0.0, ('training', 'unlabeled_segmentation', 'consistency_weight'): 1.0, ('training', 'unlabeled_segmentation', 'mix_mask'): None, ('training', 'unlabeled_segmentation', 'depthmix_online_depth'): False, ('training', 'unlabeled_segmentation', 'backward_first_pseudo_label'): False, ('training', 'unlabeled_segmentation', 'color_jitter'): True, ('training', 'unlabeled_segmentation', 'blur'): True, ('training', 'unlabeled_segmentation', 'only_unlabeled'): False, ('training', 'unlabeled_segmentation', 'mix_use_gt'): False, ('training', 'unlabeled_segmentation', 'depthcomp_margin'): 0.03, ('training', 'unlabeled_segmentation', 'depthcomp_foreground_threshold'): 0, ('training', 'unlabeled_segmentation', 'debug_image'): True, ('training', 'disable_depth_estimator'): True, ('training', 'disable_depth_grad_clip'): False}
Dispatch job 7_tag=cityscapes_pad_transfer_D372random_S25_sgdLr1E-021E-031E-061E-03stepx_clip10False_m1s1_crop512x512bs2_flip_dec6_lr5_fd2_crop512x512bs4_l9i7Trueos1_Unlab1_0NoneFPLFalsejitblur
Start 2026-03-28_13-04-507_tag=cityscapes_pad_transfer_D372random_S25_sgdLr1E-021E-031E-061E-03stepx_clip10False_m1s1_crop512x512bs2_flip_dec6_lr5_fd2_crop512x512bs4_l9i7Trueos1_Unlab1_0NoneFPLFalsejitblur
RUNDIR: /user/work/ig23200/sde_seg/logs//cityscapes_joint_213/2026-03-28_13-04-507_tag=cityscapes_pad_transfer_D372random_S25_sgdLr1E-021E-031E-061E-03stepx_clip10False_m1s1_crop512x512bs2_flip_dec6_lr5_fd2_crop512x512bs4_l9i7Trueos1_Unlab1_0NoneFPLFalsejitblur
Restrict subset from 2975 to 372 images ...
Use image subset [7, 27, 35, 45, 48, 51, 55, 64, 81, 85, 103, 109, 111, 118, 123, 134, 135, 137, 166, 172, 176, 181, 182, 199, 201, 208, 241, 252, 256, 263, 273, 281, 289, 298, 302, 311, 314, 328, 329, 330, 335, 345, 346, 347, 349, 363, 365, 373, 387, 395, 399, 406, 408, 414, 431, 443, 444, 448, 450, 455, 462, 465, 477, 478, 484, 508, 510, 514, 522, 541, 556, 559, 568, 577, 586, 615, 617, 618, 629, 636, 638, 642, 646, 653, 670, 675, 682, 691, 698, 699, 700, 718, 725, 730, 731, 732, 746, 760, 769, 791, 800, 806, 819, 827, 831, 839, 844, 863, 867, 868, 875, 887, 899, 906, 919, 924, 939, 942, 946, 949, 967, 973, 975, 987, 993, 999, 1000, 1006, 1017, 1020, 1024, 1035, 1038, 1044, 1054, 1058, 1064, 1070, 1076, 1082, 1090, 1094, 1104, 1110, 1115, 1117, 1118, 1147, 1152, 1162, 1166, 1169, 1172, 1180, 1190, 1194, 1204, 1207, 1217, 1219, 1226, 1235, 1261, 1275, 1280, 1293, 1296, 1299, 1303, 1305, 1338, 1340, 1371, 1380, 1384, 1396, 1404, 1413, 1433, 1449, 1452, 1463, 1474, 1488, 1492, 1510, 1520, 1531, 1532, 1533, 1557, 1560, 1566, 1577, 1595, 1597, 1602, 1608, 1624, 1627, 1629, 1640, 1644, 1648, 1657, 1686, 1705, 1711, 1713, 1720, 1724, 1730, 1760, 1766, 1769, 1770, 1779, 1794, 1797, 1803, 1810, 1818, 1827, 1831, 1832, 1837, 1844, 1845, 1849, 1851, 1860, 1876, 1883, 1890, 1901, 1905, 1907, 1908, 1911, 1918, 1926, 1946, 1947, 1950, 1953, 1959, 1971, 1976, 1980, 1981, 1986, 1989, 1999, 2015, 2021, 2022, 2029, 2042, 2043, 2055, 2057, 2080, 2100, 2107, 2109, 2116, 2117, 2124, 2136, 2139, 2151, 2153, 2156, 2160, 2171, 2187, 2188, 2207, 2218, 2223, 2230, 2239, 2245, 2247, 2257, 2267, 2272, 2280, 2284, 2287, 2290, 2291, 2293, 2301, 2302, 2306, 2314, 2326, 2338, 2342, 2355, 2362, 2365, 2373, 2385, 2402, 2404, 2405, 2438, 2444, 2452, 2462, 2468, 2507, 2508, 2510, 2527, 2528, 2546, 2553, 2554, 2558, 2570, 2571, 2580, 2606, 2618, 2625, 2629, 2636, 2649, 2655, 2663, 2679, 2680, 2683, 2695, 2700, 2704, 2711, 2715, 2720, 2722, 2728, 2734, 2738, 2752, 2758, 2759, 2775, 2777, 2782, 2791, 2799, 2809, 2830, 2839, 2843, 2852, 2854, 2856, 2859, 2871, 2890, 2892, 2901, 2921, 2923, 2925, 2950, 2960, 2969] with class frequencies:
Keep 372 images
Found 372 train images
Restrict subset from 2975 to 372 images ...
Use image subset [7, 27, 35, 45, 48, 51, 55, 64, 81, 85, 103, 109, 111, 118, 123, 134, 135, 137, 166, 172, 176, 181, 182, 199, 201, 208, 241, 252, 256, 263, 273, 281, 289, 298, 302, 311, 314, 328, 329, 330, 335, 345, 346, 347, 349, 363, 365, 373, 387, 395, 399, 406, 408, 414, 431, 443, 444, 448, 450, 455, 462, 465, 477, 478, 484, 508, 510, 514, 522, 541, 556, 559, 568, 577, 586, 615, 617, 618, 629, 636, 638, 642, 646, 653, 670, 675, 682, 691, 698, 699, 700, 718, 725, 730, 731, 732, 746, 760, 769, 791, 800, 806, 819, 827, 831, 839, 844, 863, 867, 868, 875, 887, 899, 906, 919, 924, 939, 942, 946, 949, 967, 973, 975, 987, 993, 999, 1000, 1006, 1017, 1020, 1024, 1035, 1038, 1044, 1054, 1058, 1064, 1070, 1076, 1082, 1090, 1094, 1104, 1110, 1115, 1117, 1118, 1147, 1152, 1162, 1166, 1169, 1172, 1180, 1190, 1194, 1204, 1207, 1217, 1219, 1226, 1235, 1261, 1275, 1280, 1293, 1296, 1299, 1303, 1305, 1338, 1340, 1371, 1380, 1384, 1396, 1404, 1413, 1433, 1449, 1452, 1463, 1474, 1488, 1492, 1510, 1520, 1531, 1532, 1533, 1557, 1560, 1566, 1577, 1595, 1597, 1602, 1608, 1624, 1627, 1629, 1640, 1644, 1648, 1657, 1686, 1705, 1711, 1713, 1720, 1724, 1730, 1760, 1766, 1769, 1770, 1779, 1794, 1797, 1803, 1810, 1818, 1827, 1831, 1832, 1837, 1844, 1845, 1849, 1851, 1860, 1876, 1883, 1890, 1901, 1905, 1907, 1908, 1911, 1918, 1926, 1946, 1947, 1950, 1953, 1959, 1971, 1976, 1980, 1981, 1986, 1989, 1999, 2015, 2021, 2022, 2029, 2042, 2043, 2055, 2057, 2080, 2100, 2107, 2109, 2116, 2117, 2124, 2136, 2139, 2151, 2153, 2156, 2160, 2171, 2187, 2188, 2207, 2218, 2223, 2230, 2239, 2245, 2247, 2257, 2267, 2272, 2280, 2284, 2287, 2290, 2291, 2293, 2301, 2302, 2306, 2314, 2326, 2338, 2342, 2355, 2362, 2365, 2373, 2385, 2402, 2404, 2405, 2438, 2444, 2452, 2462, 2468, 2507, 2508, 2510, 2527, 2528, 2546, 2553, 2554, 2558, 2570, 2571, 2580, 2606, 2618, 2625, 2629, 2636, 2649, 2655, 2663, 2679, 2680, 2683, 2695, 2700, 2704, 2711, 2715, 2720, 2722, 2728, 2734, 2738, 2752, 2758, 2759, 2775, 2777, 2782, 2791, 2799, 2809, 2830, 2839, 2843, 2852, 2854, 2856, 2859, 2871, 2890, 2892, 2901, 2921, 2923, 2925, 2950, 2960, 2969] with class frequencies:
Keep 2975 images
Found 2975 train images
Found 500 val images
Load mono_cityscapes_1024x512_r101dil_aspp_dec6_lr5_fd2_crop512x512bs4 weights
Load mono_cityscapes_1024x512_r101dil_aspp_dec6_lr5_fd2_crop512x512bs4depth weights
Load mono_cityscapes_1024x512_r101dil_aspp_dec6_lr5_fd2_crop512x512bs4depth weights
Create segmentation ema model.
Load mono_cityscapes_1024x512_r101dil_aspp_dec6_lr5_fd2_crop512x512bs4 weights
Load mono_cityscapes_1024x512_r101dil_aspp_dec6_lr5_fd2_crop512x512bs4depth weights
Load mono_cityscapes_1024x512_r101dil_aspp_dec6_lr5_fd2_crop512x512bs4depth weights
WARN get_lr: optimizer has more than one param group
Overall Acc: 	 0.837004371117775
Mean Acc : 	 0.2724606443422761
FreqW Acc : 	 0.7246152169240073
Mean IoU : 	 0.22654420588530708
WARN get_lr: optimizer has more than one param group
WARN get_lr: optimizer has more than one param group
WARN get_lr: optimizer has more than one param group
WARN get_lr: optimizer has more than one param group
WARN get_lr: optimizer has more than one param group
WARN get_lr: optimizer has more than one param group
WARN get_lr: optimizer has more than one param group
WARN get_lr: optimizer has more than one param group
WARN get_lr: optimizer has more than one param group
WARN get_lr: optimizer has more than one param group
WARN get_lr: optimizer has more than one param group
WARN get_lr: optimizer has more than one param group
WARN get_lr: optimizer has more than one param group
WARN get_lr: optimizer has more than one param group
WARN get_lr: optimizer has more than one param group
WARN get_lr: optimizer has more than one param group
WARN get_lr: optimizer has more than one param group
WARN get_lr: optimizer has more than one param group
WARN get_lr: optimizer has more than one param group
WARN get_lr: optimizer has more than one param group
WARN get_lr: optimizer has more than one param group
WARN get_lr: optimizer has more than one param group
WARN get_lr: optimizer has more than one param group
WARN get_lr: optimizer has more than one param group
Overall Acc: 	 0.9150307007410762
Mean Acc : 	 0.5077838673845869
FreqW Acc : 	 0.8497223612205702
Mean IoU : 	 0.4268425990472148
WARN get_lr: optimizer has more than one param group
WARN get_lr: optimizer has more than one param group
WARN get_lr: optimizer has more than one param group
WARN get_lr: optimizer has more than one param group
WARN get_lr: optimizer has more than one param group
WARN get_lr: optimizer has more than one param group
WARN get_lr: optimizer has more than one param group
WARN get_lr: optimizer has more than one param group
WARN get_lr: optimizer has more than one param group
WARN get_lr: optimizer has more than one param group
WARN get_lr: optimizer has more than one param group
WARN get_lr: optimizer has more than one param group
WARN get_lr: optimizer has more than one param group
WARN get_lr: optimizer has more than one param group
WARN get_lr: optimizer has more than one param group
WARN get_lr: optimizer has more than one param group
WARN get_lr: optimizer has more than one param group
WARN get_lr: optimizer has more than one param group
WARN get_lr: optimizer has more than one param group
WARN get_lr: optimizer has more than one param group
WARN get_lr: optimizer has more than one param group
WARN get_lr: optimizer has more than one param group
WARN get_lr: optimizer has more than one param group
WARN get_lr: optimizer has more than one param group
WARN get_lr: optimizer has more than one param group
Overall Acc: 	 0.9262862410012984
Mean Acc : 	 0.5885038778005943
FreqW Acc : 	 0.869341365450373
Mean IoU : 	 0.5019731066780757
WARN get_lr: optimizer has more than one param group
WARN get_lr: optimizer has more than one param group
WARN get_lr: optimizer has more than one param group
WARN get_lr: optimizer has more than one param group
WARN get_lr: optimizer has more than one param group
WARN get_lr: optimizer has more than one param group
WARN get_lr: optimizer has more than one param group
WARN get_lr: optimizer has more than one param group
WARN get_lr: optimizer has more than one param group
WARN get_lr: optimizer has more than one param group
WARN get_lr: optimizer has more than one param group
WARN get_lr: optimizer has more than one param group
WARN get_lr: optimizer has more than one param group
WARN get_lr: optimizer has more than one param group
WARN get_lr: optimizer has more than one param group
WARN get_lr: optimizer has more than one param group
WARN get_lr: optimizer has more than one param group
WARN get_lr: optimizer has more than one param group
WARN get_lr: optimizer has more than one param group
WARN get_lr: optimizer has more than one param group
WARN get_lr: optimizer has more than one param group
WARN get_lr: optimizer has more than one param group
WARN get_lr: optimizer has more than one param group
WARN get_lr: optimizer has more than one param group
WARN get_lr: optimizer has more than one param group
Overall Acc: 	 0.930134735703283
Mean Acc : 	 0.6212978580627548
FreqW Acc : 	 0.8757219417460532
Mean IoU : 	 0.5381307054577783
WARN get_lr: optimizer has more than one param group
WARN get_lr: optimizer has more than one param group
WARN get_lr: optimizer has more than one param group
WARN get_lr: optimizer has more than one param group
WARN get_lr: optimizer has more than one param group
WARN get_lr: optimizer has more than one param group
WARN get_lr: optimizer has more than one param group
WARN get_lr: optimizer has more than one param group
WARN get_lr: optimizer has more than one param group
WARN get_lr: optimizer has more than one param group
WARN get_lr: optimizer has more than one param group
WARN get_lr: optimizer has more than one param group
WARN get_lr: optimizer has more than one param group
WARN get_lr: optimizer has more than one param group
WARN get_lr: optimizer has more than one param group
WARN get_lr: optimizer has more than one param group
WARN get_lr: optimizer has more than one param group
WARN get_lr: optimizer has more than one param group
WARN get_lr: optimizer has more than one param group
WARN get_lr: optimizer has more than one param group
WARN get_lr: optimizer has more than one param group
WARN get_lr: optimizer has more than one param group
WARN get_lr: optimizer has more than one param group
WARN get_lr: optimizer has more than one param group
WARN get_lr: optimizer has more than one param group
Overall Acc: 	 0.9319492742184022
Mean Acc : 	 0.6555852878367253
FreqW Acc : 	 0.8793419828702917
Mean IoU : 	 0.5638665131705207
WARN get_lr: optimizer has more than one param group
WARN get_lr: optimizer has more than one param group
WARN get_lr: optimizer has more than one param group
WARN get_lr: optimizer has more than one param group
WARN get_lr: optimizer has more than one param group
WARN get_lr: optimizer has more than one param group
WARN get_lr: optimizer has more than one param group
WARN get_lr: optimizer has more than one param group
WARN get_lr: optimizer has more than one param group
WARN get_lr: optimizer has more than one param group
WARN get_lr: optimizer has more than one param group
WARN get_lr: optimizer has more than one param group
WARN get_lr: optimizer has more than one param group
WARN get_lr: optimizer has more than one param group
WARN get_lr: optimizer has more than one param group
WARN get_lr: optimizer has more than one param group
WARN get_lr: optimizer has more than one param group
WARN get_lr: optimizer has more than one param group
WARN get_lr: optimizer has more than one param group
WARN get_lr: optimizer has more than one param group
WARN get_lr: optimizer has more than one param group
WARN get_lr: optimizer has more than one param group
WARN get_lr: optimizer has more than one param group
WARN get_lr: optimizer has more than one param group
WARN get_lr: optimizer has more than one param group
Overall Acc: 	 0.9331154578990696
Mean Acc : 	 0.6696627597818864
FreqW Acc : 	 0.8821451960930138
Mean IoU : 	 0.5692593847877127
WARN get_lr: optimizer has more than one param group
WARN get_lr: optimizer has more than one param group
WARN get_lr: optimizer has more than one param group
WARN get_lr: optimizer has more than one param group
WARN get_lr: optimizer has more than one param group
WARN get_lr: optimizer has more than one param group
WARN get_lr: optimizer has more than one param group
WARN get_lr: optimizer has more than one param group
WARN get_lr: optimizer has more than one param group
WARN get_lr: optimizer has more than one param group
WARN get_lr: optimizer has more than one param group
WARN get_lr: optimizer has more than one param group
WARN get_lr: optimizer has more than one param group
WARN get_lr: optimizer has more than one param group
WARN get_lr: optimizer has more than one param group
WARN get_lr: optimizer has more than one param group
WARN get_lr: optimizer has more than one param group
WARN get_lr: optimizer has more than one param group
WARN get_lr: optimizer has more than one param group
WARN get_lr: optimizer has more than one param group
WARN get_lr: optimizer has more than one param group
WARN get_lr: optimizer has more than one param group
WARN get_lr: optimizer has more than one param group
WARN get_lr: optimizer has more than one param group
WARN get_lr: optimizer has more than one param group
Overall Acc: 	 0.9346205441222358
Mean Acc : 	 0.7054487781807417
FreqW Acc : 	 0.8841857018492427
Mean IoU : 	 0.6008542093868523
WARN get_lr: optimizer has more than one param group
WARN get_lr: optimizer has more than one param group
WARN get_lr: optimizer has more than one param group
WARN get_lr: optimizer has more than one param group
WARN get_lr: optimizer has more than one param group
WARN get_lr: optimizer has more than one param group
WARN get_lr: optimizer has more than one param group
WARN get_lr: optimizer has more than one param group
WARN get_lr: optimizer has more than one param group
WARN get_lr: optimizer has more than one param group
WARN get_lr: optimizer has more than one param group
WARN get_lr: optimizer has more than one param group
WARN get_lr: optimizer has more than one param group
WARN get_lr: optimizer has more than one param group
WARN get_lr: optimizer has more than one param group
WARN get_lr: optimizer has more than one param group
WARN get_lr: optimizer has more than one param group
WARN get_lr: optimizer has more than one param group
WARN get_lr: optimizer has more than one param group
WARN get_lr: optimizer has more than one param group
WARN get_lr: optimizer has more than one param group
WARN get_lr: optimizer has more than one param group
WARN get_lr: optimizer has more than one param group
WARN get_lr: optimizer has more than one param group
WARN get_lr: optimizer has more than one param group
Overall Acc: 	 0.9342445615723839
Mean Acc : 	 0.6837086142071211
FreqW Acc : 	 0.8830005188296498
Mean IoU : 	 0.5906241687242252
WARN get_lr: optimizer has more than one param group
WARN get_lr: optimizer has more than one param group
WARN get_lr: optimizer has more than one param group
WARN get_lr: optimizer has more than one param group
WARN get_lr: optimizer has more than one param group
WARN get_lr: optimizer has more than one param group
WARN get_lr: optimizer has more than one param group
WARN get_lr: optimizer has more than one param group
WARN get_lr: optimizer has more than one param group
WARN get_lr: optimizer has more than one param group
WARN get_lr: optimizer has more than one param group
WARN get_lr: optimizer has more than one param group
WARN get_lr: optimizer has more than one param group
WARN get_lr: optimizer has more than one param group
WARN get_lr: optimizer has more than one param group
WARN get_lr: optimizer has more than one param group
WARN get_lr: optimizer has more than one param group
WARN get_lr: optimizer has more than one param group
WARN get_lr: optimizer has more than one param group
WARN get_lr: optimizer has more than one param group
WARN get_lr: optimizer has more than one param group
WARN get_lr: optimizer has more than one param group
WARN get_lr: optimizer has more than one param group
WARN get_lr: optimizer has more than one param group
WARN get_lr: optimizer has more than one param group
Overall Acc: 	 0.9348283361210883
Mean Acc : 	 0.6904232321137398
FreqW Acc : 	 0.8843059206383236
Mean IoU : 	 0.5963233755340939
WARN get_lr: optimizer has more than one param group
WARN get_lr: optimizer has more than one param group
WARN get_lr: optimizer has more than one param group
WARN get_lr: optimizer has more than one param group
WARN get_lr: optimizer has more than one param group
WARN get_lr: optimizer has more than one param group
WARN get_lr: optimizer has more than one param group
WARN get_lr: optimizer has more than one param group
WARN get_lr: optimizer has more than one param group
WARN get_lr: optimizer has more than one param group
WARN get_lr: optimizer has more than one param group
WARN get_lr: optimizer has more than one param group
WARN get_lr: optimizer has more than one param group
WARN get_lr: optimizer has more than one param group
WARN get_lr: optimizer has more than one param group
WARN get_lr: optimizer has more than one param group
WARN get_lr: optimizer has more than one param group
WARN get_lr: optimizer has more than one param group
WARN get_lr: optimizer has more than one param group
WARN get_lr: optimizer has more than one param group
WARN get_lr: optimizer has more than one param group
WARN get_lr: optimizer has more than one param group
WARN get_lr: optimizer has more than one param group
WARN get_lr: optimizer has more than one param group
WARN get_lr: optimizer has more than one param group
Overall Acc: 	 0.9353838513418358
Mean Acc : 	 0.6986759224936928
FreqW Acc : 	 0.885407852445428
Mean IoU : 	 0.602282284414311
WARN get_lr: optimizer has more than one param group
WARN get_lr: optimizer has more than one param group
WARN get_lr: optimizer has more than one param group
WARN get_lr: optimizer has more than one param group
WARN get_lr: optimizer has more than one param group
WARN get_lr: optimizer has more than one param group
WARN get_lr: optimizer has more than one param group
WARN get_lr: optimizer has more than one param group
WARN get_lr: optimizer has more than one param group
WARN get_lr: optimizer has more than one param group
WARN get_lr: optimizer has more than one param group
WARN get_lr: optimizer has more than one param group
WARN get_lr: optimizer has more than one param group
WARN get_lr: optimizer has more than one param group
WARN get_lr: optimizer has more than one param group
WARN get_lr: optimizer has more than one param group
WARN get_lr: optimizer has more than one param group
WARN get_lr: optimizer has more than one param group
WARN get_lr: optimizer has more than one param group
WARN get_lr: optimizer has more than one param group
WARN get_lr: optimizer has more than one param group
WARN get_lr: optimizer has more than one param group
WARN get_lr: optimizer has more than one param group
WARN get_lr: optimizer has more than one param group
WARN get_lr: optimizer has more than one param group
Overall Acc: 	 0.9363677715181248
Mean Acc : 	 0.6939928832949424
FreqW Acc : 	 0.8857427002777171
Mean IoU : 	 0.6040437384538242
WARN get_lr: optimizer has more than one param group
WARN get_lr: optimizer has more than one param group
WARN get_lr: optimizer has more than one param group
WARN get_lr: optimizer has more than one param group
WARN get_lr: optimizer has more than one param group
WARN get_lr: optimizer has more than one param group
WARN get_lr: optimizer has more than one param group
WARN get_lr: optimizer has more than one param group
WARN get_lr: optimizer has more than one param group
WARN get_lr: optimizer has more than one param group
WARN get_lr: optimizer has more than one param group
WARN get_lr: optimizer has more than one param group
WARN get_lr: optimizer has more than one param group
WARN get_lr: optimizer has more than one param group
WARN get_lr: optimizer has more than one param group
WARN get_lr: optimizer has more than one param group
WARN get_lr: optimizer has more than one param group
WARN get_lr: optimizer has more than one param group
WARN get_lr: optimizer has more than one param group
WARN get_lr: optimizer has more than one param group
WARN get_lr: optimizer has more than one param group
WARN get_lr: optimizer has more than one param group
WARN get_lr: optimizer has more than one param group
WARN get_lr: optimizer has more than one param group
WARN get_lr: optimizer has more than one param group
Overall Acc: 	 0.9365951286737982
Mean Acc : 	 0.7281914870847196
FreqW Acc : 	 0.8871908680039503
Mean IoU : 	 0.6224648087195597
WARN get_lr: optimizer has more than one param group
WARN get_lr: optimizer has more than one param group
WARN get_lr: optimizer has more than one param group
WARN get_lr: optimizer has more than one param group
WARN get_lr: optimizer has more than one param group
WARN get_lr: optimizer has more than one param group
WARN get_lr: optimizer has more than one param group
WARN get_lr: optimizer has more than one param group
WARN get_lr: optimizer has more than one param group
WARN get_lr: optimizer has more than one param group
WARN get_lr: optimizer has more than one param group
WARN get_lr: optimizer has more than one param group
WARN get_lr: optimizer has more than one param group
WARN get_lr: optimizer has more than one param group
WARN get_lr: optimizer has more than one param group
WARN get_lr: optimizer has more than one param group
WARN get_lr: optimizer has more than one param group
WARN get_lr: optimizer has more than one param group
WARN get_lr: optimizer has more than one param group
WARN get_lr: optimizer has more than one param group
WARN get_lr: optimizer has more than one param group
WARN get_lr: optimizer has more than one param group
WARN get_lr: optimizer has more than one param group
WARN get_lr: optimizer has more than one param group
WARN get_lr: optimizer has more than one param group
Overall Acc: 	 0.9352056317394358
Mean Acc : 	 0.6915651307671693
FreqW Acc : 	 0.8847327927778866
Mean IoU : 	 0.6041132169756668
WARN get_lr: optimizer has more than one param group
WARN get_lr: optimizer has more than one param group
WARN get_lr: optimizer has more than one param group
WARN get_lr: optimizer has more than one param group
WARN get_lr: optimizer has more than one param group
Overall Acc: 	 0.9377095006783089
Mean Acc : 	 0.7073911035685514
FreqW Acc : 	 0.8886737935500145
Mean IoU : 	 0.6176344500318226
WARN get_lr: optimizer has more than one param group
WARN get_lr: optimizer has more than one param group
WARN get_lr: optimizer has more than one param group
WARN get_lr: optimizer has more than one param group
WARN get_lr: optimizer has more than one param group
Overall Acc: 	 0.9382799787726119
Mean Acc : 	 0.7135453149385843
FreqW Acc : 	 0.8898131888915491
Mean IoU : 	 0.6208173754378778
WARN get_lr: optimizer has more than one param group
WARN get_lr: optimizer has more than one param group
WARN get_lr: optimizer has more than one param group
WARN get_lr: optimizer has more than one param group
WARN get_lr: optimizer has more than one param group
Overall Acc: 	 0.9380147781976693
Mean Acc : 	 0.7147861697541028
FreqW Acc : 	 0.889368263105708
Mean IoU : 	 0.6195484412312372
WARN get_lr: optimizer has more than one param group
WARN get_lr: optimizer has more than one param group
WARN get_lr: optimizer has more than one param group
WARN get_lr: optimizer has more than one param group
WARN get_lr: optimizer has more than one param group
Overall Acc: 	 0.9384014485143465
Mean Acc : 	 0.7105897629962244
FreqW Acc : 	 0.8899468319596939
Mean IoU : 	 0.6202539102455134
WARN get_lr: optimizer has more than one param group
WARN get_lr: optimizer has more than one param group
WARN get_lr: optimizer has more than one param group
WARN get_lr: optimizer has more than one param group
WARN get_lr: optimizer has more than one param group
Overall Acc: 	 0.9380457334602784
Mean Acc : 	 0.7147959150882451
FreqW Acc : 	 0.8894190847829007
Mean IoU : 	 0.6197431403432245
WARN get_lr: optimizer has more than one param group
WARN get_lr: optimizer has more than one param group
WARN get_lr: optimizer has more than one param group
WARN get_lr: optimizer has more than one param group
WARN get_lr: optimizer has more than one param group
Overall Acc: 	 0.93836458226233
Mean Acc : 	 0.7142302936424444
FreqW Acc : 	 0.8898998093710494
Mean IoU : 	 0.6222330840283944
WARN get_lr: optimizer has more than one param group
WARN get_lr: optimizer has more than one param group
WARN get_lr: optimizer has more than one param group
WARN get_lr: optimizer has more than one param group
WARN get_lr: optimizer has more than one param group
Overall Acc: 	 0.9386767566630582
Mean Acc : 	 0.7161596782473586
FreqW Acc : 	 0.8904196878748213
Mean IoU : 	 0.6233851803395764
WARN get_lr: optimizer has more than one param group
WARN get_lr: optimizer has more than one param group
WARN get_lr: optimizer has more than one param group
WARN get_lr: optimizer has more than one param group
WARN get_lr: optimizer has more than one param group
Overall Acc: 	 0.9385978198709343
Mean Acc : 	 0.7198545604291083
FreqW Acc : 	 0.8903449543188051
Mean IoU : 	 0.6250000280005635
WARN get_lr: optimizer has more than one param group
WARN get_lr: optimizer has more than one param group
WARN get_lr: optimizer has more than one param group
WARN get_lr: optimizer has more than one param group
WARN get_lr: optimizer has more than one param group
Overall Acc: 	 0.9383592427412712
Mean Acc : 	 0.7159978726095272
FreqW Acc : 	 0.8898623518654014
Mean IoU : 	 0.6217195040151238
WARN get_lr: optimizer has more than one param group
WARN get_lr: optimizer has more than one param group
WARN get_lr: optimizer has more than one param group
WARN get_lr: optimizer has more than one param group
WARN get_lr: optimizer has more than one param group
Overall Acc: 	 0.938781697446221
Mean Acc : 	 0.7184382642098498
FreqW Acc : 	 0.8904351701577707
Mean IoU : 	 0.6249457756427711
WARN get_lr: optimizer has more than one param group
WARN get_lr: optimizer has more than one param group
WARN get_lr: optimizer has more than one param group
WARN get_lr: optimizer has more than one param group
WARN get_lr: optimizer has more than one param group
Overall Acc: 	 0.9386556690447587
Mean Acc : 	 0.7189972421277009
FreqW Acc : 	 0.8903548593976964
Mean IoU : 	 0.6250944704267543
WARN get_lr: optimizer has more than one param group
WARN get_lr: optimizer has more than one param group
WARN get_lr: optimizer has more than one param group
WARN get_lr: optimizer has more than one param group
WARN get_lr: optimizer has more than one param group
Overall Acc: 	 0.9385368428894307
Mean Acc : 	 0.7187053399678542
FreqW Acc : 	 0.8901841070010241
Mean IoU : 	 0.6241665744782419
WARN get_lr: optimizer has more than one param group
WARN get_lr: optimizer has more than one param group
WARN get_lr: optimizer has more than one param group
WARN get_lr: optimizer has more than one param group
WARN get_lr: optimizer has more than one param group
Overall Acc: 	 0.9388203173644676
Mean Acc : 	 0.7191293126027114
FreqW Acc : 	 0.8906032238206139
Mean IoU : 	 0.6246807803276343
WARN get_lr: optimizer has more than one param group
WARN get_lr: optimizer has more than one param group
WARN get_lr: optimizer has more than one param group
WARN get_lr: optimizer has more than one param group
WARN get_lr: optimizer has more than one param group
Overall Acc: 	 0.938680338155533
Mean Acc : 	 0.7159883599294655
FreqW Acc : 	 0.8903229989264843
Mean IoU : 	 0.6238662291008558
WARN get_lr: optimizer has more than one param group
WARN get_lr: optimizer has more than one param group
WARN get_lr: optimizer has more than one param group
WARN get_lr: optimizer has more than one param group
WARN get_lr: optimizer has more than one param group
Overall Acc: 	 0.9380725881103096
Mean Acc : 	 0.7144445981083232
FreqW Acc : 	 0.8895204121709679
Mean IoU : 	 0.6219452414425778
WARN get_lr: optimizer has more than one param group
WARN get_lr: optimizer has more than one param group
WARN get_lr: optimizer has more than one param group
WARN get_lr: optimizer has more than one param group
WARN get_lr: optimizer has more than one param group
Overall Acc: 	 0.938180691599982
Mean Acc : 	 0.7122871737054994
FreqW Acc : 	 0.8897773865420124
Mean IoU : 	 0.6185959909894838
WARN get_lr: optimizer has more than one param group
WARN get_lr: optimizer has more than one param group
WARN get_lr: optimizer has more than one param group
WARN get_lr: optimizer has more than one param group
WARN get_lr: optimizer has more than one param group
Overall Acc: 	 0.9387073193138246
Mean Acc : 	 0.7163843684418403
FreqW Acc : 	 0.890501787947831
Mean IoU : 	 0.6222786437286935
WARN get_lr: optimizer has more than one param group
WARN get_lr: optimizer has more than one param group
WARN get_lr: optimizer has more than one param group
WARN get_lr: optimizer has more than one param group
WARN get_lr: optimizer has more than one param group
Overall Acc: 	 0.9385294574244367
Mean Acc : 	 0.7122734536311309
FreqW Acc : 	 0.8899207518768675
Mean IoU : 	 0.6210608322233306
WARN get_lr: optimizer has more than one param group
WARN get_lr: optimizer has more than one param group
WARN get_lr: optimizer has more than one param group
WARN get_lr: optimizer has more than one param group
WARN get_lr: optimizer has more than one param group
Overall Acc: 	 0.938390315787433
Mean Acc : 	 0.7185485864844878
FreqW Acc : 	 0.8903859520156735
Mean IoU : 	 0.6216855544681978
WARN get_lr: optimizer has more than one param group
WARN get_lr: optimizer has more than one param group
WARN get_lr: optimizer has more than one param group
WARN get_lr: optimizer has more than one param group
WARN get_lr: optimizer has more than one param group
Overall Acc: 	 0.9386531039807207
Mean Acc : 	 0.7210058502498349
FreqW Acc : 	 0.8903827044714707
Mean IoU : 	 0.6246155306556808
Resolved base cfg vars {'seed': 42, ('model', 'segmentation_name'): 'mtl_pad', ('model', 'segmentation_args', 'distillation_layer'): 7, ('model', 'segmentation_args', 'side_output'): True, ('model', 'segmentation_args', 'final_layer'): 9, ('model', 'pose_pretraining'): 'mono_cityscapes_1024x512_r101dil_aspp_dec6_lr5_fd2_crop512x512bs4', ('model', 'disable_monodepth'): False, ('model', 'disable_pose'): False, ('model', 'variant'): 'pad_transfer', ('data', 'restrict_to_subset', 'mode'): 'random', ('data', 'restrict_to_subset', 'subset'): None, ('data', 'restrict_to_subset', 'n_subset'): 372, ('training', 'optimizer', 'pose_lr'): 1e-06, ('training', 'monodepth_lambda'): 1, ('training', 'pseudo_depth_lambda'): 0.0, ('training', 'unlabeled_segmentation', 'consistency_weight'): 1.0, ('training', 'unlabeled_segmentation', 'mix_mask'): None, ('training', 'unlabeled_segmentation', 'depthmix_online_depth'): False, ('training', 'unlabeled_segmentation', 'backward_first_pseudo_label'): False, ('training', 'unlabeled_segmentation', 'color_jitter'): True, ('training', 'unlabeled_segmentation', 'blur'): True, ('training', 'unlabeled_segmentation', 'only_unlabeled'): False, ('training', 'unlabeled_segmentation', 'mix_use_gt'): False, ('training', 'unlabeled_segmentation', 'depthcomp_margin'): 0.03, ('training', 'unlabeled_segmentation', 'depthcomp_foreground_threshold'): 0, ('training', 'unlabeled_segmentation', 'debug_image'): True, ('training', 'disable_depth_estimator'): True, ('training', 'disable_depth_grad_clip'): False}
Resolved vars {('config', 'general', 'tag'): 'cityscapes_pad_transfer_D372random_S42_sgdLr1E-021E-031E-061E-03stepx_clip10False_m1s1_crop512x512bs2_flip_dec6_lr5_fd2_crop512x512bs4_l9i7Trueos1_Unlab1.0NoneFPLFalsejitblur', 'seed': 42, ('model', 'segmentation_name'): 'mtl_pad', ('model', 'segmentation_args', 'distillation_layer'): 7, ('model', 'segmentation_args', 'side_output'): True, ('model', 'segmentation_args', 'final_layer'): 9, ('model', 'pose_pretraining'): 'mono_cityscapes_1024x512_r101dil_aspp_dec6_lr5_fd2_crop512x512bs4', ('model', 'disable_monodepth'): False, ('model', 'disable_pose'): False, ('model', 'variant'): 'pad_transfer', ('data', 'restrict_to_subset', 'mode'): 'random', ('data', 'restrict_to_subset', 'subset'): None, ('data', 'restrict_to_subset', 'n_subset'): 372, ('training', 'optimizer', 'pose_lr'): 1e-06, ('training', 'monodepth_lambda'): 1, ('training', 'pseudo_depth_lambda'): 0.0, ('training', 'unlabeled_segmentation', 'consistency_weight'): 1.0, ('training', 'unlabeled_segmentation', 'mix_mask'): None, ('training', 'unlabeled_segmentation', 'depthmix_online_depth'): False, ('training', 'unlabeled_segmentation', 'backward_first_pseudo_label'): False, ('training', 'unlabeled_segmentation', 'color_jitter'): True, ('training', 'unlabeled_segmentation', 'blur'): True, ('training', 'unlabeled_segmentation', 'only_unlabeled'): False, ('training', 'unlabeled_segmentation', 'mix_use_gt'): False, ('training', 'unlabeled_segmentation', 'depthcomp_margin'): 0.03, ('training', 'unlabeled_segmentation', 'depthcomp_foreground_threshold'): 0, ('training', 'unlabeled_segmentation', 'debug_image'): True, ('training', 'disable_depth_estimator'): True, ('training', 'disable_depth_grad_clip'): False}
Dispatch job 8_tag=cityscapes_pad_transfer_D372random_S42_sgdLr1E-021E-031E-061E-03stepx_clip10False_m1s1_crop512x512bs2_flip_dec6_lr5_fd2_crop512x512bs4_l9i7Trueos1_Unlab1_0NoneFPLFalsejitblur
Start 2026-03-28_23-54-428_tag=cityscapes_pad_transfer_D372random_S42_sgdLr1E-021E-031E-061E-03stepx_clip10False_m1s1_crop512x512bs2_flip_dec6_lr5_fd2_crop512x512bs4_l9i7Trueos1_Unlab1_0NoneFPLFalsejitblur
RUNDIR: /user/work/ig23200/sde_seg/logs//cityscapes_joint_213/2026-03-28_23-54-428_tag=cityscapes_pad_transfer_D372random_S42_sgdLr1E-021E-031E-061E-03stepx_clip10False_m1s1_crop512x512bs2_flip_dec6_lr5_fd2_crop512x512bs4_l9i7Trueos1_Unlab1_0NoneFPLFalsejitblur
Restrict subset from 2975 to 372 images ...
Use image subset [0, 30, 32, 44, 45, 51, 52, 56, 63, 67, 70, 73, 80, 88, 93, 102, 108, 120, 124, 141, 144, 162, 174, 175, 177, 178, 184, 192, 194, 196, 203, 211, 233, 239, 246, 251, 256, 289, 296, 298, 309, 313, 318, 321, 322, 324, 331, 332, 354, 368, 387, 393, 402, 410, 411, 414, 420, 432, 439, 457, 463, 471, 478, 479, 485, 486, 495, 506, 507, 527, 528, 532, 533, 535, 543, 555, 557, 567, 572, 594, 599, 601, 602, 612, 637, 642, 644, 651, 676, 680, 685, 691, 693, 700, 705, 718, 727, 729, 741, 744, 748, 755, 759, 772, 783, 790, 798, 809, 811, 834, 857, 859, 862, 869, 879, 889, 912, 926, 929, 930, 942, 944, 952, 962, 965, 969, 999, 1001, 1005, 1018, 1023, 1025, 1027, 1047, 1048, 1055, 1071, 1089, 1090, 1091, 1097, 1106, 1149, 1151, 1159, 1173, 1177, 1188, 1196, 1208, 1210, 1222, 1225, 1229, 1230, 1235, 1255, 1263, 1264, 1268, 1269, 1270, 1272, 1286, 1313, 1321, 1322, 1326, 1330, 1337, 1340, 1343, 1370, 1376, 1385, 1399, 1402, 1407, 1410, 1421, 1422, 1426, 1427, 1431, 1432, 1436, 1453, 1461, 1474, 1487, 1488, 1494, 1505, 1507, 1509, 1517, 1518, 1538, 1544, 1554, 1562, 1567, 1575, 1586, 1590, 1596, 1598, 1608, 1610, 1613, 1618, 1620, 1624, 1641, 1655, 1656, 1662, 1690, 1691, 1697, 1702, 1706, 1711, 1716, 1718, 1727, 1731, 1747, 1760, 1762, 1767, 1771, 1775, 1777, 1788, 1795, 1797, 1805, 1807, 1814, 1840, 1850, 1869, 1872, 1877, 1880, 1882, 1891, 1896, 1916, 1922, 1936, 1940, 1941, 1949, 1956, 1957, 1963, 1966, 1979, 1983, 1993, 1999, 2001, 2003, 2013, 2015, 2023, 2033, 2046, 2051, 2064, 2073, 2092, 2113, 2114, 2119, 2124, 2131, 2144, 2149, 2154, 2159, 2185, 2186, 2204, 2215, 2227, 2233, 2241, 2247, 2257, 2261, 2263, 2270, 2287, 2315, 2321, 2332, 2335, 2349, 2356, 2383, 2392, 2395, 2397, 2401, 2403, 2404, 2420, 2424, 2436, 2459, 2462, 2466, 2469, 2478, 2480, 2482, 2496, 2501, 2517, 2519, 2528, 2534, 2539, 2546, 2573, 2578, 2586, 2595, 2608, 2622, 2626, 2632, 2636, 2644, 2645, 2646, 2654, 2655, 2658, 2683, 2686, 2733, 2753, 2754, 2756, 2766, 2769, 2787, 2792, 2798, 2810, 2811, 2815, 2822, 2823, 2838, 2848, 2864, 2865, 2872, 2897, 2898, 2910, 2931, 2932, 2936, 2947, 2956, 2958] with class frequencies:
Keep 372 images
Found 372 train images
Restrict subset from 2975 to 372 images ...
Use image subset [0, 30, 32, 44, 45, 51, 52, 56, 63, 67, 70, 73, 80, 88, 93, 102, 108, 120, 124, 141, 144, 162, 174, 175, 177, 178, 184, 192, 194, 196, 203, 211, 233, 239, 246, 251, 256, 289, 296, 298, 309, 313, 318, 321, 322, 324, 331, 332, 354, 368, 387, 393, 402, 410, 411, 414, 420, 432, 439, 457, 463, 471, 478, 479, 485, 486, 495, 506, 507, 527, 528, 532, 533, 535, 543, 555, 557, 567, 572, 594, 599, 601, 602, 612, 637, 642, 644, 651, 676, 680, 685, 691, 693, 700, 705, 718, 727, 729, 741, 744, 748, 755, 759, 772, 783, 790, 798, 809, 811, 834, 857, 859, 862, 869, 879, 889, 912, 926, 929, 930, 942, 944, 952, 962, 965, 969, 999, 1001, 1005, 1018, 1023, 1025, 1027, 1047, 1048, 1055, 1071, 1089, 1090, 1091, 1097, 1106, 1149, 1151, 1159, 1173, 1177, 1188, 1196, 1208, 1210, 1222, 1225, 1229, 1230, 1235, 1255, 1263, 1264, 1268, 1269, 1270, 1272, 1286, 1313, 1321, 1322, 1326, 1330, 1337, 1340, 1343, 1370, 1376, 1385, 1399, 1402, 1407, 1410, 1421, 1422, 1426, 1427, 1431, 1432, 1436, 1453, 1461, 1474, 1487, 1488, 1494, 1505, 1507, 1509, 1517, 1518, 1538, 1544, 1554, 1562, 1567, 1575, 1586, 1590, 1596, 1598, 1608, 1610, 1613, 1618, 1620, 1624, 1641, 1655, 1656, 1662, 1690, 1691, 1697, 1702, 1706, 1711, 1716, 1718, 1727, 1731, 1747, 1760, 1762, 1767, 1771, 1775, 1777, 1788, 1795, 1797, 1805, 1807, 1814, 1840, 1850, 1869, 1872, 1877, 1880, 1882, 1891, 1896, 1916, 1922, 1936, 1940, 1941, 1949, 1956, 1957, 1963, 1966, 1979, 1983, 1993, 1999, 2001, 2003, 2013, 2015, 2023, 2033, 2046, 2051, 2064, 2073, 2092, 2113, 2114, 2119, 2124, 2131, 2144, 2149, 2154, 2159, 2185, 2186, 2204, 2215, 2227, 2233, 2241, 2247, 2257, 2261, 2263, 2270, 2287, 2315, 2321, 2332, 2335, 2349, 2356, 2383, 2392, 2395, 2397, 2401, 2403, 2404, 2420, 2424, 2436, 2459, 2462, 2466, 2469, 2478, 2480, 2482, 2496, 2501, 2517, 2519, 2528, 2534, 2539, 2546, 2573, 2578, 2586, 2595, 2608, 2622, 2626, 2632, 2636, 2644, 2645, 2646, 2654, 2655, 2658, 2683, 2686, 2733, 2753, 2754, 2756, 2766, 2769, 2787, 2792, 2798, 2810, 2811, 2815, 2822, 2823, 2838, 2848, 2864, 2865, 2872, 2897, 2898, 2910, 2931, 2932, 2936, 2947, 2956, 2958] with class frequencies:
Keep 2975 images
Found 2975 train images
Found 500 val images
Load mono_cityscapes_1024x512_r101dil_aspp_dec6_lr5_fd2_crop512x512bs4 weights
Load mono_cityscapes_1024x512_r101dil_aspp_dec6_lr5_fd2_crop512x512bs4depth weights
Load mono_cityscapes_1024x512_r101dil_aspp_dec6_lr5_fd2_crop512x512bs4depth weights
Create segmentation ema model.
Load mono_cityscapes_1024x512_r101dil_aspp_dec6_lr5_fd2_crop512x512bs4 weights
Load mono_cityscapes_1024x512_r101dil_aspp_dec6_lr5_fd2_crop512x512bs4depth weights
Load mono_cityscapes_1024x512_r101dil_aspp_dec6_lr5_fd2_crop512x512bs4depth weights
WARN get_lr: optimizer has more than one param group
Overall Acc: 	 0.8025412743778201
Mean Acc : 	 0.2709486072699929
FreqW Acc : 	 0.6842432650553175
Mean IoU : 	 0.2138394910346997
WARN get_lr: optimizer has more than one param group
WARN get_lr: optimizer has more than one param group
WARN get_lr: optimizer has more than one param group
WARN get_lr: optimizer has more than one param group
WARN get_lr: optimizer has more than one param group
WARN get_lr: optimizer has more than one param group
WARN get_lr: optimizer has more than one param group
WARN get_lr: optimizer has more than one param group
WARN get_lr: optimizer has more than one param group
WARN get_lr: optimizer has more than one param group
WARN get_lr: optimizer has more than one param group
WARN get_lr: optimizer has more than one param group
WARN get_lr: optimizer has more than one param group
WARN get_lr: optimizer has more than one param group
WARN get_lr: optimizer has more than one param group
WARN get_lr: optimizer has more than one param group
WARN get_lr: optimizer has more than one param group
WARN get_lr: optimizer has more than one param group
WARN get_lr: optimizer has more than one param group
WARN get_lr: optimizer has more than one param group
WARN get_lr: optimizer has more than one param group
WARN get_lr: optimizer has more than one param group
WARN get_lr: optimizer has more than one param group
WARN get_lr: optimizer has more than one param group
Overall Acc: 	 0.913775494506285
Mean Acc : 	 0.5119916139065427
FreqW Acc : 	 0.848740492734263
Mean IoU : 	 0.4294451123670601
WARN get_lr: optimizer has more than one param group
WARN get_lr: optimizer has more than one param group
WARN get_lr: optimizer has more than one param group
WARN get_lr: optimizer has more than one param group
WARN get_lr: optimizer has more than one param group
WARN get_lr: optimizer has more than one param group
WARN get_lr: optimizer has more than one param group
WARN get_lr: optimizer has more than one param group
WARN get_lr: optimizer has more than one param group
WARN get_lr: optimizer has more than one param group
WARN get_lr: optimizer has more than one param group
WARN get_lr: optimizer has more than one param group
WARN get_lr: optimizer has more than one param group
WARN get_lr: optimizer has more than one param group
WARN get_lr: optimizer has more than one param group
WARN get_lr: optimizer has more than one param group
WARN get_lr: optimizer has more than one param group
WARN get_lr: optimizer has more than one param group
WARN get_lr: optimizer has more than one param group
WARN get_lr: optimizer has more than one param group
WARN get_lr: optimizer has more than one param group
WARN get_lr: optimizer has more than one param group
WARN get_lr: optimizer has more than one param group
WARN get_lr: optimizer has more than one param group
WARN get_lr: optimizer has more than one param group
Overall Acc: 	 0.9262824239417179
Mean Acc : 	 0.6201744292517819
FreqW Acc : 	 0.870359699008753
Mean IoU : 	 0.5255119944769154
WARN get_lr: optimizer has more than one param group
WARN get_lr: optimizer has more than one param group
WARN get_lr: optimizer has more than one param group
WARN get_lr: optimizer has more than one param group
WARN get_lr: optimizer has more than one param group
WARN get_lr: optimizer has more than one param group
WARN get_lr: optimizer has more than one param group
WARN get_lr: optimizer has more than one param group
WARN get_lr: optimizer has more than one param group
WARN get_lr: optimizer has more than one param group
WARN get_lr: optimizer has more than one param group
WARN get_lr: optimizer has more than one param group
WARN get_lr: optimizer has more than one param group
WARN get_lr: optimizer has more than one param group
WARN get_lr: optimizer has more than one param group
WARN get_lr: optimizer has more than one param group
WARN get_lr: optimizer has more than one param group
WARN get_lr: optimizer has more than one param group
WARN get_lr: optimizer has more than one param group
WARN get_lr: optimizer has more than one param group
WARN get_lr: optimizer has more than one param group
WARN get_lr: optimizer has more than one param group
WARN get_lr: optimizer has more than one param group
WARN get_lr: optimizer has more than one param group
WARN get_lr: optimizer has more than one param group
Overall Acc: 	 0.9297263626764197
Mean Acc : 	 0.6563433286657139
FreqW Acc : 	 0.8767613571731229
Mean IoU : 	 0.5593664441960006
WARN get_lr: optimizer has more than one param group
WARN get_lr: optimizer has more than one param group
WARN get_lr: optimizer has more than one param group
WARN get_lr: optimizer has more than one param group
WARN get_lr: optimizer has more than one param group
WARN get_lr: optimizer has more than one param group
WARN get_lr: optimizer has more than one param group
WARN get_lr: optimizer has more than one param group
WARN get_lr: optimizer has more than one param group
WARN get_lr: optimizer has more than one param group
WARN get_lr: optimizer has more than one param group
WARN get_lr: optimizer has more than one param group
WARN get_lr: optimizer has more than one param group
WARN get_lr: optimizer has more than one param group
WARN get_lr: optimizer has more than one param group
WARN get_lr: optimizer has more than one param group
WARN get_lr: optimizer has more than one param group
WARN get_lr: optimizer has more than one param group
WARN get_lr: optimizer has more than one param group
WARN get_lr: optimizer has more than one param group
WARN get_lr: optimizer has more than one param group
WARN get_lr: optimizer has more than one param group
WARN get_lr: optimizer has more than one param group
WARN get_lr: optimizer has more than one param group
WARN get_lr: optimizer has more than one param group
Overall Acc: 	 0.9300167383951781
Mean Acc : 	 0.671708261861856
FreqW Acc : 	 0.8774790665025693
Mean IoU : 	 0.5569124008634534
WARN get_lr: optimizer has more than one param group
WARN get_lr: optimizer has more than one param group
WARN get_lr: optimizer has more than one param group
WARN get_lr: optimizer has more than one param group
WARN get_lr: optimizer has more than one param group
WARN get_lr: optimizer has more than one param group
WARN get_lr: optimizer has more than one param group
WARN get_lr: optimizer has more than one param group
WARN get_lr: optimizer has more than one param group
WARN get_lr: optimizer has more than one param group
WARN get_lr: optimizer has more than one param group
WARN get_lr: optimizer has more than one param group
WARN get_lr: optimizer has more than one param group
WARN get_lr: optimizer has more than one param group
WARN get_lr: optimizer has more than one param group
WARN get_lr: optimizer has more than one param group
WARN get_lr: optimizer has more than one param group
WARN get_lr: optimizer has more than one param group
WARN get_lr: optimizer has more than one param group
WARN get_lr: optimizer has more than one param group
WARN get_lr: optimizer has more than one param group
WARN get_lr: optimizer has more than one param group
WARN get_lr: optimizer has more than one param group
WARN get_lr: optimizer has more than one param group
WARN get_lr: optimizer has more than one param group
Overall Acc: 	 0.9333037719881772
Mean Acc : 	 0.6916141706139662
FreqW Acc : 	 0.8820881022974548
Mean IoU : 	 0.5867512237570484
WARN get_lr: optimizer has more than one param group
WARN get_lr: optimizer has more than one param group
WARN get_lr: optimizer has more than one param group
WARN get_lr: optimizer has more than one param group
WARN get_lr: optimizer has more than one param group
WARN get_lr: optimizer has more than one param group
WARN get_lr: optimizer has more than one param group
WARN get_lr: optimizer has more than one param group
WARN get_lr: optimizer has more than one param group
WARN get_lr: optimizer has more than one param group
WARN get_lr: optimizer has more than one param group
WARN get_lr: optimizer has more than one param group
WARN get_lr: optimizer has more than one param group
WARN get_lr: optimizer has more than one param group
WARN get_lr: optimizer has more than one param group
WARN get_lr: optimizer has more than one param group
WARN get_lr: optimizer has more than one param group
WARN get_lr: optimizer has more than one param group
WARN get_lr: optimizer has more than one param group
WARN get_lr: optimizer has more than one param group
WARN get_lr: optimizer has more than one param group
WARN get_lr: optimizer has more than one param group
WARN get_lr: optimizer has more than one param group
WARN get_lr: optimizer has more than one param group
WARN get_lr: optimizer has more than one param group
Overall Acc: 	 0.9352487361573952
Mean Acc : 	 0.7082242706126468
FreqW Acc : 	 0.8851148310337803
Mean IoU : 	 0.6082113461583729
WARN get_lr: optimizer has more than one param group
WARN get_lr: optimizer has more than one param group
WARN get_lr: optimizer has more than one param group
WARN get_lr: optimizer has more than one param group
WARN get_lr: optimizer has more than one param group
WARN get_lr: optimizer has more than one param group
WARN get_lr: optimizer has more than one param group
WARN get_lr: optimizer has more than one param group
WARN get_lr: optimizer has more than one param group
WARN get_lr: optimizer has more than one param group
WARN get_lr: optimizer has more than one param group
WARN get_lr: optimizer has more than one param group
WARN get_lr: optimizer has more than one param group
WARN get_lr: optimizer has more than one param group
WARN get_lr: optimizer has more than one param group
WARN get_lr: optimizer has more than one param group
WARN get_lr: optimizer has more than one param group
WARN get_lr: optimizer has more than one param group
WARN get_lr: optimizer has more than one param group
WARN get_lr: optimizer has more than one param group
WARN get_lr: optimizer has more than one param group
WARN get_lr: optimizer has more than one param group
WARN get_lr: optimizer has more than one param group
WARN get_lr: optimizer has more than one param group
WARN get_lr: optimizer has more than one param group
Overall Acc: 	 0.9341724605886744
Mean Acc : 	 0.6945684695515812
FreqW Acc : 	 0.8836296955889938
Mean IoU : 	 0.5986510894408469
WARN get_lr: optimizer has more than one param group
WARN get_lr: optimizer has more than one param group
WARN get_lr: optimizer has more than one param group
WARN get_lr: optimizer has more than one param group
WARN get_lr: optimizer has more than one param group
WARN get_lr: optimizer has more than one param group
WARN get_lr: optimizer has more than one param group
WARN get_lr: optimizer has more than one param group
WARN get_lr: optimizer has more than one param group
WARN get_lr: optimizer has more than one param group
WARN get_lr: optimizer has more than one param group
WARN get_lr: optimizer has more than one param group
WARN get_lr: optimizer has more than one param group
WARN get_lr: optimizer has more than one param group
WARN get_lr: optimizer has more than one param group
WARN get_lr: optimizer has more than one param group
WARN get_lr: optimizer has more than one param group
WARN get_lr: optimizer has more than one param group
WARN get_lr: optimizer has more than one param group
WARN get_lr: optimizer has more than one param group
WARN get_lr: optimizer has more than one param group
WARN get_lr: optimizer has more than one param group
WARN get_lr: optimizer has more than one param group
WARN get_lr: optimizer has more than one param group
WARN get_lr: optimizer has more than one param group
Overall Acc: 	 0.9318400670532169
Mean Acc : 	 0.7135272060559461
FreqW Acc : 	 0.879952451169723
Mean IoU : 	 0.6056434698808321
WARN get_lr: optimizer has more than one param group
WARN get_lr: optimizer has more than one param group
WARN get_lr: optimizer has more than one param group
WARN get_lr: optimizer has more than one param group
WARN get_lr: optimizer has more than one param group
WARN get_lr: optimizer has more than one param group
WARN get_lr: optimizer has more than one param group
WARN get_lr: optimizer has more than one param group
WARN get_lr: optimizer has more than one param group
WARN get_lr: optimizer has more than one param group
WARN get_lr: optimizer has more than one param group
WARN get_lr: optimizer has more than one param group
WARN get_lr: optimizer has more than one param group
WARN get_lr: optimizer has more than one param group
WARN get_lr: optimizer has more than one param group
WARN get_lr: optimizer has more than one param group
WARN get_lr: optimizer has more than one param group
WARN get_lr: optimizer has more than one param group
WARN get_lr: optimizer has more than one param group
WARN get_lr: optimizer has more than one param group
WARN get_lr: optimizer has more than one param group
WARN get_lr: optimizer has more than one param group
WARN get_lr: optimizer has more than one param group
WARN get_lr: optimizer has more than one param group
WARN get_lr: optimizer has more than one param group
Overall Acc: 	 0.9370230275962982
Mean Acc : 	 0.7197591716381472
FreqW Acc : 	 0.8876284196453195
Mean IoU : 	 0.6250273365270779
WARN get_lr: optimizer has more than one param group
WARN get_lr: optimizer has more than one param group
WARN get_lr: optimizer has more than one param group
WARN get_lr: optimizer has more than one param group
WARN get_lr: optimizer has more than one param group
WARN get_lr: optimizer has more than one param group
WARN get_lr: optimizer has more than one param group
WARN get_lr: optimizer has more than one param group
WARN get_lr: optimizer has more than one param group
WARN get_lr: optimizer has more than one param group
WARN get_lr: optimizer has more than one param group
WARN get_lr: optimizer has more than one param group
WARN get_lr: optimizer has more than one param group
WARN get_lr: optimizer has more than one param group
WARN get_lr: optimizer has more than one param group
WARN get_lr: optimizer has more than one param group
WARN get_lr: optimizer has more than one param group
WARN get_lr: optimizer has more than one param group
WARN get_lr: optimizer has more than one param group
WARN get_lr: optimizer has more than one param group
WARN get_lr: optimizer has more than one param group
WARN get_lr: optimizer has more than one param group
WARN get_lr: optimizer has more than one param group
WARN get_lr: optimizer has more than one param group
WARN get_lr: optimizer has more than one param group
Overall Acc: 	 0.9366892333701063
Mean Acc : 	 0.6923621484713922
FreqW Acc : 	 0.8860091591572137
Mean IoU : 	 0.6082996855818913
WARN get_lr: optimizer has more than one param group
WARN get_lr: optimizer has more than one param group
WARN get_lr: optimizer has more than one param group
WARN get_lr: optimizer has more than one param group
WARN get_lr: optimizer has more than one param group
WARN get_lr: optimizer has more than one param group
WARN get_lr: optimizer has more than one param group
WARN get_lr: optimizer has more than one param group
WARN get_lr: optimizer has more than one param group
WARN get_lr: optimizer has more than one param group
WARN get_lr: optimizer has more than one param group
WARN get_lr: optimizer has more than one param group
WARN get_lr: optimizer has more than one param group
WARN get_lr: optimizer has more than one param group
WARN get_lr: optimizer has more than one param group
WARN get_lr: optimizer has more than one param group
WARN get_lr: optimizer has more than one param group
WARN get_lr: optimizer has more than one param group
WARN get_lr: optimizer has more than one param group
WARN get_lr: optimizer has more than one param group
WARN get_lr: optimizer has more than one param group
WARN get_lr: optimizer has more than one param group
WARN get_lr: optimizer has more than one param group
WARN get_lr: optimizer has more than one param group
WARN get_lr: optimizer has more than one param group
Overall Acc: 	 0.9368397781999596
Mean Acc : 	 0.7295645719401043
FreqW Acc : 	 0.8873394790834928
Mean IoU : 	 0.6221446105595948
WARN get_lr: optimizer has more than one param group
WARN get_lr: optimizer has more than one param group
WARN get_lr: optimizer has more than one param group
WARN get_lr: optimizer has more than one param group
WARN get_lr: optimizer has more than one param group
WARN get_lr: optimizer has more than one param group
WARN get_lr: optimizer has more than one param group
WARN get_lr: optimizer has more than one param group
WARN get_lr: optimizer has more than one param group
WARN get_lr: optimizer has more than one param group
WARN get_lr: optimizer has more than one param group
WARN get_lr: optimizer has more than one param group
WARN get_lr: optimizer has more than one param group
WARN get_lr: optimizer has more than one param group
WARN get_lr: optimizer has more than one param group
WARN get_lr: optimizer has more than one param group
WARN get_lr: optimizer has more than one param group
WARN get_lr: optimizer has more than one param group
WARN get_lr: optimizer has more than one param group
WARN get_lr: optimizer has more than one param group
WARN get_lr: optimizer has more than one param group
WARN get_lr: optimizer has more than one param group
WARN get_lr: optimizer has more than one param group
WARN get_lr: optimizer has more than one param group
WARN get_lr: optimizer has more than one param group
Overall Acc: 	 0.938021675079037
Mean Acc : 	 0.70808263134641
FreqW Acc : 	 0.8883743232349774
Mean IoU : 	 0.6270755571092615
WARN get_lr: optimizer has more than one param group
WARN get_lr: optimizer has more than one param group
WARN get_lr: optimizer has more than one param group
WARN get_lr: optimizer has more than one param group
WARN get_lr: optimizer has more than one param group
Overall Acc: 	 0.9396488286864094
Mean Acc : 	 0.739858501906259
FreqW Acc : 	 0.8918275249829816
Mean IoU : 	 0.644911017127215
WARN get_lr: optimizer has more than one param group
WARN get_lr: optimizer has more than one param group
WARN get_lr: optimizer has more than one param group
WARN get_lr: optimizer has more than one param group
WARN get_lr: optimizer has more than one param group
Overall Acc: 	 0.9393082597247565
Mean Acc : 	 0.7361558386392951
FreqW Acc : 	 0.8912567312116724
Mean IoU : 	 0.6413291652024927
WARN get_lr: optimizer has more than one param group
WARN get_lr: optimizer has more than one param group
WARN get_lr: optimizer has more than one param group
WARN get_lr: optimizer has more than one param group
WARN get_lr: optimizer has more than one param group
Overall Acc: 	 0.9397728853039511
Mean Acc : 	 0.7453911183494979
FreqW Acc : 	 0.8923335754519893
Mean IoU : 	 0.6452997337236149
WARN get_lr: optimizer has more than one param group
WARN get_lr: optimizer has more than one param group
WARN get_lr: optimizer has more than one param group
WARN get_lr: optimizer has more than one param group
WARN get_lr: optimizer has more than one param group
Overall Acc: 	 0.9399580672230259
Mean Acc : 	 0.7439128354435699
FreqW Acc : 	 0.8925647127207742
Mean IoU : 	 0.64347106756037
WARN get_lr: optimizer has more than one param group
WARN get_lr: optimizer has more than one param group
WARN get_lr: optimizer has more than one param group
WARN get_lr: optimizer has more than one param group
WARN get_lr: optimizer has more than one param group
Overall Acc: 	 0.9397370049438948
Mean Acc : 	 0.7386567141753207
FreqW Acc : 	 0.8921774510639547
Mean IoU : 	 0.6426021125069605
WARN get_lr: optimizer has more than one param group
WARN get_lr: optimizer has more than one param group
WARN get_lr: optimizer has more than one param group
WARN get_lr: optimizer has more than one param group
WARN get_lr: optimizer has more than one param group
Overall Acc: 	 0.9397380519088083
Mean Acc : 	 0.7354574734570928
FreqW Acc : 	 0.892071264062103
Mean IoU : 	 0.6372865975135387
WARN get_lr: optimizer has more than one param group
WARN get_lr: optimizer has more than one param group
WARN get_lr: optimizer has more than one param group
WARN get_lr: optimizer has more than one param group
WARN get_lr: optimizer has more than one param group
Overall Acc: 	 0.9393774379314158
Mean Acc : 	 0.7385493337761531
FreqW Acc : 	 0.8917301048424763
Mean IoU : 	 0.6421222387153037
WARN get_lr: optimizer has more than one param group
WARN get_lr: optimizer has more than one param group
WARN get_lr: optimizer has more than one param group
WARN get_lr: optimizer has more than one param group
WARN get_lr: optimizer has more than one param group
Overall Acc: 	 0.9398827293727922
Mean Acc : 	 0.7345623728448644
FreqW Acc : 	 0.8922831032539407
Mean IoU : 	 0.6398275865093799
WARN get_lr: optimizer has more than one param group
WARN get_lr: optimizer has more than one param group
WARN get_lr: optimizer has more than one param group
WARN get_lr: optimizer has more than one param group
WARN get_lr: optimizer has more than one param group
Overall Acc: 	 0.9402127501629416
Mean Acc : 	 0.7413659109681826
FreqW Acc : 	 0.8929277025153427
Mean IoU : 	 0.6442916877630023
WARN get_lr: optimizer has more than one param group
WARN get_lr: optimizer has more than one param group
WARN get_lr: optimizer has more than one param group
WARN get_lr: optimizer has more than one param group
WARN get_lr: optimizer has more than one param group
Overall Acc: 	 0.9399268196827117
Mean Acc : 	 0.7420140199824289
FreqW Acc : 	 0.8924089578618767
Mean IoU : 	 0.64512764642657
WARN get_lr: optimizer has more than one param group
WARN get_lr: optimizer has more than one param group
WARN get_lr: optimizer has more than one param group
WARN get_lr: optimizer has more than one param group
WARN get_lr: optimizer has more than one param group
Overall Acc: 	 0.939992669413417
Mean Acc : 	 0.7401924515197585
FreqW Acc : 	 0.8923477832551853
Mean IoU : 	 0.6445919402842331
WARN get_lr: optimizer has more than one param group
WARN get_lr: optimizer has more than one param group
WARN get_lr: optimizer has more than one param group
WARN get_lr: optimizer has more than one param group
WARN get_lr: optimizer has more than one param group
Overall Acc: 	 0.939787996497536
Mean Acc : 	 0.7441147105495219
FreqW Acc : 	 0.8923853217491399
Mean IoU : 	 0.6428897477779616
WARN get_lr: optimizer has more than one param group
WARN get_lr: optimizer has more than one param group
WARN get_lr: optimizer has more than one param group
WARN get_lr: optimizer has more than one param group
WARN get_lr: optimizer has more than one param group
Overall Acc: 	 0.9396531343296162
Mean Acc : 	 0.7481243387252818
FreqW Acc : 	 0.8923215247452235
Mean IoU : 	 0.6478036946305752
WARN get_lr: optimizer has more than one param group
WARN get_lr: optimizer has more than one param group
WARN get_lr: optimizer has more than one param group
WARN get_lr: optimizer has more than one param group
WARN get_lr: optimizer has more than one param group
Overall Acc: 	 0.9400454059085805
Mean Acc : 	 0.7422250916078431
FreqW Acc : 	 0.8926116762578422
Mean IoU : 	 0.6447064953955944
WARN get_lr: optimizer has more than one param group
WARN get_lr: optimizer has more than one param group
WARN get_lr: optimizer has more than one param group
WARN get_lr: optimizer has more than one param group
WARN get_lr: optimizer has more than one param group
Overall Acc: 	 0.9396685770620902
Mean Acc : 	 0.73865081230683
FreqW Acc : 	 0.8918719825272791
Mean IoU : 	 0.6412478745112363
WARN get_lr: optimizer has more than one param group
WARN get_lr: optimizer has more than one param group
WARN get_lr: optimizer has more than one param group
WARN get_lr: optimizer has more than one param group
WARN get_lr: optimizer has more than one param group
Overall Acc: 	 0.9391032988935243
Mean Acc : 	 0.7327151798758462
FreqW Acc : 	 0.8910371167594126
Mean IoU : 	 0.6385941455980205
WARN get_lr: optimizer has more than one param group
WARN get_lr: optimizer has more than one param group
WARN get_lr: optimizer has more than one param group
WARN get_lr: optimizer has more than one param group
WARN get_lr: optimizer has more than one param group
Overall Acc: 	 0.9399788538389126
Mean Acc : 	 0.7411070000968728
FreqW Acc : 	 0.8926604720011314
Mean IoU : 	 0.6447372048095236
WARN get_lr: optimizer has more than one param group
WARN get_lr: optimizer has more than one param group
WARN get_lr: optimizer has more than one param group
WARN get_lr: optimizer has more than one param group
WARN get_lr: optimizer has more than one param group
Overall Acc: 	 0.9398278814983864
Mean Acc : 	 0.7446635057028606
FreqW Acc : 	 0.8924735062183502
Mean IoU : 	 0.6447134866089884
WARN get_lr: optimizer has more than one param group
WARN get_lr: optimizer has more than one param group
WARN get_lr: optimizer has more than one param group
WARN get_lr: optimizer has more than one param group
WARN get_lr: optimizer has more than one param group
Overall Acc: 	 0.9399234039596815
Mean Acc : 	 0.7426497073252111
FreqW Acc : 	 0.892553451380847
Mean IoU : 	 0.6420122784948274
WARN get_lr: optimizer has more than one param group
WARN get_lr: optimizer has more than one param group
WARN get_lr: optimizer has more than one param group
WARN get_lr: optimizer has more than one param group
WARN get_lr: optimizer has more than one param group
Overall Acc: 	 0.9398248234883682
Mean Acc : 	 0.7352696087065178
FreqW Acc : 	 0.8922575385454381
Mean IoU : 	 0.6408786804619462
Resolved base cfg vars {'seed': 7, ('model', 'segmentation_name'): 'mtl_pad', ('model', 'segmentation_args', 'distillation_layer'): 7, ('model', 'segmentation_args', 'side_output'): True, ('model', 'segmentation_args', 'final_layer'): 9, ('model', 'pose_pretraining'): 'mono_cityscapes_1024x512_r101dil_aspp_dec6_lr5_fd2_crop512x512bs4', ('model', 'disable_monodepth'): False, ('model', 'disable_pose'): False, ('model', 'variant'): 'pad_transfer', ('data', 'restrict_to_subset', 'mode'): 'random', ('data', 'restrict_to_subset', 'subset'): None, ('data', 'restrict_to_subset', 'n_subset'): 2975, ('training', 'optimizer', 'pose_lr'): 1e-06, ('training', 'monodepth_lambda'): 1, ('training', 'pseudo_depth_lambda'): 0.0, ('training', 'unlabeled_segmentation', 'consistency_weight'): 1.0, ('training', 'unlabeled_segmentation', 'mix_mask'): None, ('training', 'unlabeled_segmentation', 'depthmix_online_depth'): False, ('training', 'unlabeled_segmentation', 'backward_first_pseudo_label'): False, ('training', 'unlabeled_segmentation', 'color_jitter'): True, ('training', 'unlabeled_segmentation', 'blur'): True, ('training', 'unlabeled_segmentation', 'only_unlabeled'): False, ('training', 'unlabeled_segmentation', 'mix_use_gt'): False, ('training', 'unlabeled_segmentation', 'depthcomp_margin'): 0.03, ('training', 'unlabeled_segmentation', 'depthcomp_foreground_threshold'): 0, ('training', 'unlabeled_segmentation', 'debug_image'): True, ('training', 'disable_depth_estimator'): True, ('training', 'disable_depth_grad_clip'): False}
Resolved vars {('config', 'general', 'tag'): 'cityscapes_pad_transfer_D2975random_S7_sgdLr1E-021E-031E-061E-03stepx_clip10False_m1s1_crop512x512bs2_flip_dec6_lr5_fd2_crop512x512bs4_l9i7Trueos1_Unlab1.0NoneFPLFalsejitblur', 'seed': 7, ('model', 'segmentation_name'): 'mtl_pad', ('model', 'segmentation_args', 'distillation_layer'): 7, ('model', 'segmentation_args', 'side_output'): True, ('model', 'segmentation_args', 'final_layer'): 9, ('model', 'pose_pretraining'): 'mono_cityscapes_1024x512_r101dil_aspp_dec6_lr5_fd2_crop512x512bs4', ('model', 'disable_monodepth'): False, ('model', 'disable_pose'): False, ('model', 'variant'): 'pad_transfer', ('data', 'restrict_to_subset', 'mode'): 'random', ('data', 'restrict_to_subset', 'subset'): None, ('data', 'restrict_to_subset', 'n_subset'): 2975, ('training', 'optimizer', 'pose_lr'): 1e-06, ('training', 'monodepth_lambda'): 1, ('training', 'pseudo_depth_lambda'): 0.0, ('training', 'unlabeled_segmentation', 'consistency_weight'): 1.0, ('training', 'unlabeled_segmentation', 'mix_mask'): None, ('training', 'unlabeled_segmentation', 'depthmix_online_depth'): False, ('training', 'unlabeled_segmentation', 'backward_first_pseudo_label'): False, ('training', 'unlabeled_segmentation', 'color_jitter'): True, ('training', 'unlabeled_segmentation', 'blur'): True, ('training', 'unlabeled_segmentation', 'only_unlabeled'): False, ('training', 'unlabeled_segmentation', 'mix_use_gt'): False, ('training', 'unlabeled_segmentation', 'depthcomp_margin'): 0.03, ('training', 'unlabeled_segmentation', 'depthcomp_foreground_threshold'): 0, ('training', 'unlabeled_segmentation', 'debug_image'): True, ('training', 'disable_depth_estimator'): True, ('training', 'disable_depth_grad_clip'): False}
Resolved base cfg vars {'seed': 25, ('model', 'segmentation_name'): 'mtl_pad', ('model', 'segmentation_args', 'distillation_layer'): 7, ('model', 'segmentation_args', 'side_output'): True, ('model', 'segmentation_args', 'final_layer'): 9, ('model', 'pose_pretraining'): 'mono_cityscapes_1024x512_r101dil_aspp_dec6_lr5_fd2_crop512x512bs4', ('model', 'disable_monodepth'): False, ('model', 'disable_pose'): False, ('model', 'variant'): 'pad_transfer', ('data', 'restrict_to_subset', 'mode'): 'random', ('data', 'restrict_to_subset', 'subset'): None, ('data', 'restrict_to_subset', 'n_subset'): 2975, ('training', 'optimizer', 'pose_lr'): 1e-06, ('training', 'monodepth_lambda'): 1, ('training', 'pseudo_depth_lambda'): 0.0, ('training', 'unlabeled_segmentation', 'consistency_weight'): 1.0, ('training', 'unlabeled_segmentation', 'mix_mask'): None, ('training', 'unlabeled_segmentation', 'depthmix_online_depth'): False, ('training', 'unlabeled_segmentation', 'backward_first_pseudo_label'): False, ('training', 'unlabeled_segmentation', 'color_jitter'): True, ('training', 'unlabeled_segmentation', 'blur'): True, ('training', 'unlabeled_segmentation', 'only_unlabeled'): False, ('training', 'unlabeled_segmentation', 'mix_use_gt'): False, ('training', 'unlabeled_segmentation', 'depthcomp_margin'): 0.03, ('training', 'unlabeled_segmentation', 'depthcomp_foreground_threshold'): 0, ('training', 'unlabeled_segmentation', 'debug_image'): True, ('training', 'disable_depth_estimator'): True, ('training', 'disable_depth_grad_clip'): False}
Resolved vars {('config', 'general', 'tag'): 'cityscapes_pad_transfer_D2975random_S25_sgdLr1E-021E-031E-061E-03stepx_clip10False_m1s1_crop512x512bs2_flip_dec6_lr5_fd2_crop512x512bs4_l9i7Trueos1_Unlab1.0NoneFPLFalsejitblur', 'seed': 25, ('model', 'segmentation_name'): 'mtl_pad', ('model', 'segmentation_args', 'distillation_layer'): 7, ('model', 'segmentation_args', 'side_output'): True, ('model', 'segmentation_args', 'final_layer'): 9, ('model', 'pose_pretraining'): 'mono_cityscapes_1024x512_r101dil_aspp_dec6_lr5_fd2_crop512x512bs4', ('model', 'disable_monodepth'): False, ('model', 'disable_pose'): False, ('model', 'variant'): 'pad_transfer', ('data', 'restrict_to_subset', 'mode'): 'random', ('data', 'restrict_to_subset', 'subset'): None, ('data', 'restrict_to_subset', 'n_subset'): 2975, ('training', 'optimizer', 'pose_lr'): 1e-06, ('training', 'monodepth_lambda'): 1, ('training', 'pseudo_depth_lambda'): 0.0, ('training', 'unlabeled_segmentation', 'consistency_weight'): 1.0, ('training', 'unlabeled_segmentation', 'mix_mask'): None, ('training', 'unlabeled_segmentation', 'depthmix_online_depth'): False, ('training', 'unlabeled_segmentation', 'backward_first_pseudo_label'): False, ('training', 'unlabeled_segmentation', 'color_jitter'): True, ('training', 'unlabeled_segmentation', 'blur'): True, ('training', 'unlabeled_segmentation', 'only_unlabeled'): False, ('training', 'unlabeled_segmentation', 'mix_use_gt'): False, ('training', 'unlabeled_segmentation', 'depthcomp_margin'): 0.03, ('training', 'unlabeled_segmentation', 'depthcomp_foreground_threshold'): 0, ('training', 'unlabeled_segmentation', 'debug_image'): True, ('training', 'disable_depth_estimator'): True, ('training', 'disable_depth_grad_clip'): False}
Resolved base cfg vars {'seed': 42, ('model', 'segmentation_name'): 'mtl_pad', ('model', 'segmentation_args', 'distillation_layer'): 7, ('model', 'segmentation_args', 'side_output'): True, ('model', 'segmentation_args', 'final_layer'): 9, ('model', 'pose_pretraining'): 'mono_cityscapes_1024x512_r101dil_aspp_dec6_lr5_fd2_crop512x512bs4', ('model', 'disable_monodepth'): False, ('model', 'disable_pose'): False, ('model', 'variant'): 'pad_transfer', ('data', 'restrict_to_subset', 'mode'): 'random', ('data', 'restrict_to_subset', 'subset'): None, ('data', 'restrict_to_subset', 'n_subset'): 2975, ('training', 'optimizer', 'pose_lr'): 1e-06, ('training', 'monodepth_lambda'): 1, ('training', 'pseudo_depth_lambda'): 0.0, ('training', 'unlabeled_segmentation', 'consistency_weight'): 1.0, ('training', 'unlabeled_segmentation', 'mix_mask'): None, ('training', 'unlabeled_segmentation', 'depthmix_online_depth'): False, ('training', 'unlabeled_segmentation', 'backward_first_pseudo_label'): False, ('training', 'unlabeled_segmentation', 'color_jitter'): True, ('training', 'unlabeled_segmentation', 'blur'): True, ('training', 'unlabeled_segmentation', 'only_unlabeled'): False, ('training', 'unlabeled_segmentation', 'mix_use_gt'): False, ('training', 'unlabeled_segmentation', 'depthcomp_margin'): 0.03, ('training', 'unlabeled_segmentation', 'depthcomp_foreground_threshold'): 0, ('training', 'unlabeled_segmentation', 'debug_image'): True, ('training', 'disable_depth_estimator'): True, ('training', 'disable_depth_grad_clip'): False}
Resolved vars {('config', 'general', 'tag'): 'cityscapes_pad_transfer_D2975random_S42_sgdLr1E-021E-031E-061E-03stepx_clip10False_m1s1_crop512x512bs2_flip_dec6_lr5_fd2_crop512x512bs4_l9i7Trueos1_Unlab1.0NoneFPLFalsejitblur', 'seed': 42, ('model', 'segmentation_name'): 'mtl_pad', ('model', 'segmentation_args', 'distillation_layer'): 7, ('model', 'segmentation_args', 'side_output'): True, ('model', 'segmentation_args', 'final_layer'): 9, ('model', 'pose_pretraining'): 'mono_cityscapes_1024x512_r101dil_aspp_dec6_lr5_fd2_crop512x512bs4', ('model', 'disable_monodepth'): False, ('model', 'disable_pose'): False, ('model', 'variant'): 'pad_transfer', ('data', 'restrict_to_subset', 'mode'): 'random', ('data', 'restrict_to_subset', 'subset'): None, ('data', 'restrict_to_subset', 'n_subset'): 2975, ('training', 'optimizer', 'pose_lr'): 1e-06, ('training', 'monodepth_lambda'): 1, ('training', 'pseudo_depth_lambda'): 0.0, ('training', 'unlabeled_segmentation', 'consistency_weight'): 1.0, ('training', 'unlabeled_segmentation', 'mix_mask'): None, ('training', 'unlabeled_segmentation', 'depthmix_online_depth'): False, ('training', 'unlabeled_segmentation', 'backward_first_pseudo_label'): False, ('training', 'unlabeled_segmentation', 'color_jitter'): True, ('training', 'unlabeled_segmentation', 'blur'): True, ('training', 'unlabeled_segmentation', 'only_unlabeled'): False, ('training', 'unlabeled_segmentation', 'mix_use_gt'): False, ('training', 'unlabeled_segmentation', 'depthcomp_margin'): 0.03, ('training', 'unlabeled_segmentation', 'depthcomp_foreground_threshold'): 0, ('training', 'unlabeled_segmentation', 'debug_image'): True, ('training', 'disable_depth_estimator'): True, ('training', 'disable_depth_grad_clip'): False}
Resolved base cfg vars {'seed': 7, ('model', 'segmentation_name'): 'joint_seg_depth_dec', ('model', 'segmentation_args', 'layers'): [9], ('model', 'segmentation_args', 'head_inter_channels'): 64, ('model', 'segmentation_args', 'layer_out_channels'): 64, ('model', 'segmentation_args', 'head_dropout'): 0.1, ('model', 'segmentation_args', 'layer_dropout'): 0, ('model', 'segmentation_args', 'head_inter'): False, ('model', 'pose_pretraining'): 'mono_cityscapes_1024x512_r101dil_aspp_dec6_lr5_fd2_crop512x512bs4', ('model', 'disable_monodepth'): False, ('model', 'disable_pose'): False, ('model', 'variant'): 'transfer_dcompgt0030', ('data', 'restrict_to_subset', 'mode'): 'random', ('data', 'restrict_to_subset', 'subset'): None, ('data', 'restrict_to_subset', 'n_subset'): 372, ('training', 'monodepth_lambda'): 1, ('training', 'pseudo_depth_lambda'): 1, ('training', 'unlabeled_segmentation', 'consistency_weight'): 1.0, ('training', 'unlabeled_segmentation', 'mix_mask'): 'depthcomp', ('training', 'unlabeled_segmentation', 'color_jitter'): True, ('training', 'unlabeled_segmentation', 'blur'): True, ('training', 'unlabeled_segmentation', 'only_unlabeled'): False, ('training', 'unlabeled_segmentation', 'only_labeled'): False, ('training', 'unlabeled_segmentation', 'mix_video'): False, ('training', 'unlabeled_segmentation', 'mix_use_gt'): True, ('training', 'unlabeled_segmentation', 'depthcomp_margin'): 0.03, ('training', 'unlabeled_segmentation', 'depthcomp_foreground_threshold'): 0, ('training', 'unlabeled_segmentation', 'backward_first_pseudo_label'): False, ('training', 'unlabeled_segmentation', 'debug_image'): True, ('training', 'unlabeled_segmentation', 'depthmix_online_depth'): True}
Resolved vars {('config', 'general', 'tag'): 'cityscapes_transfer_dcompgt0030_D372random_S7_sgdLr0.010.001stepx_clip10_crop512x512bs2_flip_r101_dec6_lr5_fd2_crop512x512bs4_l9os1_Unlab1.0depthcompjitblur', 'seed': 7, ('model', 'segmentation_name'): 'joint_seg_depth_dec', ('model', 'segmentation_args', 'layers'): [9], ('model', 'segmentation_args', 'head_inter_channels'): 64, ('model', 'segmentation_args', 'layer_out_channels'): 64, ('model', 'segmentation_args', 'head_dropout'): 0.1, ('model', 'segmentation_args', 'layer_dropout'): 0, ('model', 'segmentation_args', 'head_inter'): False, ('model', 'pose_pretraining'): 'mono_cityscapes_1024x512_r101dil_aspp_dec6_lr5_fd2_crop512x512bs4', ('model', 'disable_monodepth'): False, ('model', 'disable_pose'): False, ('model', 'variant'): 'transfer_dcompgt0030', ('data', 'restrict_to_subset', 'mode'): 'random', ('data', 'restrict_to_subset', 'subset'): None, ('data', 'restrict_to_subset', 'n_subset'): 372, ('training', 'monodepth_lambda'): 1, ('training', 'pseudo_depth_lambda'): 1, ('training', 'unlabeled_segmentation', 'consistency_weight'): 1.0, ('training', 'unlabeled_segmentation', 'mix_mask'): 'depthcomp', ('training', 'unlabeled_segmentation', 'color_jitter'): True, ('training', 'unlabeled_segmentation', 'blur'): True, ('training', 'unlabeled_segmentation', 'only_unlabeled'): False, ('training', 'unlabeled_segmentation', 'only_labeled'): False, ('training', 'unlabeled_segmentation', 'mix_video'): False, ('training', 'unlabeled_segmentation', 'mix_use_gt'): True, ('training', 'unlabeled_segmentation', 'depthcomp_margin'): 0.03, ('training', 'unlabeled_segmentation', 'depthcomp_foreground_threshold'): 0, ('training', 'unlabeled_segmentation', 'backward_first_pseudo_label'): False, ('training', 'unlabeled_segmentation', 'debug_image'): True, ('training', 'unlabeled_segmentation', 'depthmix_online_depth'): True}
Resolved base cfg vars {'seed': 25, ('model', 'segmentation_name'): 'joint_seg_depth_dec', ('model', 'segmentation_args', 'layers'): [9], ('model', 'segmentation_args', 'head_inter_channels'): 64, ('model', 'segmentation_args', 'layer_out_channels'): 64, ('model', 'segmentation_args', 'head_dropout'): 0.1, ('model', 'segmentation_args', 'layer_dropout'): 0, ('model', 'segmentation_args', 'head_inter'): False, ('model', 'pose_pretraining'): 'mono_cityscapes_1024x512_r101dil_aspp_dec6_lr5_fd2_crop512x512bs4', ('model', 'disable_monodepth'): False, ('model', 'disable_pose'): False, ('model', 'variant'): 'transfer_dcompgt0030', ('data', 'restrict_to_subset', 'mode'): 'random', ('data', 'restrict_to_subset', 'subset'): None, ('data', 'restrict_to_subset', 'n_subset'): 372, ('training', 'monodepth_lambda'): 1, ('training', 'pseudo_depth_lambda'): 1, ('training', 'unlabeled_segmentation', 'consistency_weight'): 1.0, ('training', 'unlabeled_segmentation', 'mix_mask'): 'depthcomp', ('training', 'unlabeled_segmentation', 'color_jitter'): True, ('training', 'unlabeled_segmentation', 'blur'): True, ('training', 'unlabeled_segmentation', 'only_unlabeled'): False, ('training', 'unlabeled_segmentation', 'only_labeled'): False, ('training', 'unlabeled_segmentation', 'mix_video'): False, ('training', 'unlabeled_segmentation', 'mix_use_gt'): True, ('training', 'unlabeled_segmentation', 'depthcomp_margin'): 0.03, ('training', 'unlabeled_segmentation', 'depthcomp_foreground_threshold'): 0, ('training', 'unlabeled_segmentation', 'backward_first_pseudo_label'): False, ('training', 'unlabeled_segmentation', 'debug_image'): True, ('training', 'unlabeled_segmentation', 'depthmix_online_depth'): True}
Resolved vars {('config', 'general', 'tag'): 'cityscapes_transfer_dcompgt0030_D372random_S25_sgdLr0.010.001stepx_clip10_crop512x512bs2_flip_r101_dec6_lr5_fd2_crop512x512bs4_l9os1_Unlab1.0depthcompjitblur', 'seed': 25, ('model', 'segmentation_name'): 'joint_seg_depth_dec', ('model', 'segmentation_args', 'layers'): [9], ('model', 'segmentation_args', 'head_inter_channels'): 64, ('model', 'segmentation_args', 'layer_out_channels'): 64, ('model', 'segmentation_args', 'head_dropout'): 0.1, ('model', 'segmentation_args', 'layer_dropout'): 0, ('model', 'segmentation_args', 'head_inter'): False, ('model', 'pose_pretraining'): 'mono_cityscapes_1024x512_r101dil_aspp_dec6_lr5_fd2_crop512x512bs4', ('model', 'disable_monodepth'): False, ('model', 'disable_pose'): False, ('model', 'variant'): 'transfer_dcompgt0030', ('data', 'restrict_to_subset', 'mode'): 'random', ('data', 'restrict_to_subset', 'subset'): None, ('data', 'restrict_to_subset', 'n_subset'): 372, ('training', 'monodepth_lambda'): 1, ('training', 'pseudo_depth_lambda'): 1, ('training', 'unlabeled_segmentation', 'consistency_weight'): 1.0, ('training', 'unlabeled_segmentation', 'mix_mask'): 'depthcomp', ('training', 'unlabeled_segmentation', 'color_jitter'): True, ('training', 'unlabeled_segmentation', 'blur'): True, ('training', 'unlabeled_segmentation', 'only_unlabeled'): False, ('training', 'unlabeled_segmentation', 'only_labeled'): False, ('training', 'unlabeled_segmentation', 'mix_video'): False, ('training', 'unlabeled_segmentation', 'mix_use_gt'): True, ('training', 'unlabeled_segmentation', 'depthcomp_margin'): 0.03, ('training', 'unlabeled_segmentation', 'depthcomp_foreground_threshold'): 0, ('training', 'unlabeled_segmentation', 'backward_first_pseudo_label'): False, ('training', 'unlabeled_segmentation', 'debug_image'): True, ('training', 'unlabeled_segmentation', 'depthmix_online_depth'): True}
Resolved base cfg vars {'seed': 42, ('model', 'segmentation_name'): 'joint_seg_depth_dec', ('model', 'segmentation_args', 'layers'): [9], ('model', 'segmentation_args', 'head_inter_channels'): 64, ('model', 'segmentation_args', 'layer_out_channels'): 64, ('model', 'segmentation_args', 'head_dropout'): 0.1, ('model', 'segmentation_args', 'layer_dropout'): 0, ('model', 'segmentation_args', 'head_inter'): False, ('model', 'pose_pretraining'): 'mono_cityscapes_1024x512_r101dil_aspp_dec6_lr5_fd2_crop512x512bs4', ('model', 'disable_monodepth'): False, ('model', 'disable_pose'): False, ('model', 'variant'): 'transfer_dcompgt0030', ('data', 'restrict_to_subset', 'mode'): 'random', ('data', 'restrict_to_subset', 'subset'): None, ('data', 'restrict_to_subset', 'n_subset'): 372, ('training', 'monodepth_lambda'): 1, ('training', 'pseudo_depth_lambda'): 1, ('training', 'unlabeled_segmentation', 'consistency_weight'): 1.0, ('training', 'unlabeled_segmentation', 'mix_mask'): 'depthcomp', ('training', 'unlabeled_segmentation', 'color_jitter'): True, ('training', 'unlabeled_segmentation', 'blur'): True, ('training', 'unlabeled_segmentation', 'only_unlabeled'): False, ('training', 'unlabeled_segmentation', 'only_labeled'): False, ('training', 'unlabeled_segmentation', 'mix_video'): False, ('training', 'unlabeled_segmentation', 'mix_use_gt'): True, ('training', 'unlabeled_segmentation', 'depthcomp_margin'): 0.03, ('training', 'unlabeled_segmentation', 'depthcomp_foreground_threshold'): 0, ('training', 'unlabeled_segmentation', 'backward_first_pseudo_label'): False, ('training', 'unlabeled_segmentation', 'debug_image'): True, ('training', 'unlabeled_segmentation', 'depthmix_online_depth'): True}
Resolved vars {('config', 'general', 'tag'): 'cityscapes_transfer_dcompgt0030_D372random_S42_sgdLr0.010.001stepx_clip10_crop512x512bs2_flip_r101_dec6_lr5_fd2_crop512x512bs4_l9os1_Unlab1.0depthcompjitblur', 'seed': 42, ('model', 'segmentation_name'): 'joint_seg_depth_dec', ('model', 'segmentation_args', 'layers'): [9], ('model', 'segmentation_args', 'head_inter_channels'): 64, ('model', 'segmentation_args', 'layer_out_channels'): 64, ('model', 'segmentation_args', 'head_dropout'): 0.1, ('model', 'segmentation_args', 'layer_dropout'): 0, ('model', 'segmentation_args', 'head_inter'): False, ('model', 'pose_pretraining'): 'mono_cityscapes_1024x512_r101dil_aspp_dec6_lr5_fd2_crop512x512bs4', ('model', 'disable_monodepth'): False, ('model', 'disable_pose'): False, ('model', 'variant'): 'transfer_dcompgt0030', ('data', 'restrict_to_subset', 'mode'): 'random', ('data', 'restrict_to_subset', 'subset'): None, ('data', 'restrict_to_subset', 'n_subset'): 372, ('training', 'monodepth_lambda'): 1, ('training', 'pseudo_depth_lambda'): 1, ('training', 'unlabeled_segmentation', 'consistency_weight'): 1.0, ('training', 'unlabeled_segmentation', 'mix_mask'): 'depthcomp', ('training', 'unlabeled_segmentation', 'color_jitter'): True, ('training', 'unlabeled_segmentation', 'blur'): True, ('training', 'unlabeled_segmentation', 'only_unlabeled'): False, ('training', 'unlabeled_segmentation', 'only_labeled'): False, ('training', 'unlabeled_segmentation', 'mix_video'): False, ('training', 'unlabeled_segmentation', 'mix_use_gt'): True, ('training', 'unlabeled_segmentation', 'depthcomp_margin'): 0.03, ('training', 'unlabeled_segmentation', 'depthcomp_foreground_threshold'): 0, ('training', 'unlabeled_segmentation', 'backward_first_pseudo_label'): False, ('training', 'unlabeled_segmentation', 'debug_image'): True, ('training', 'unlabeled_segmentation', 'depthmix_online_depth'): True}
Resolved base cfg vars {'seed': 7, ('model', 'segmentation_name'): 'joint_seg_depth_dec', ('model', 'segmentation_args', 'layers'): [9], ('model', 'segmentation_args', 'head_inter_channels'): 64, ('model', 'segmentation_args', 'layer_out_channels'): 64, ('model', 'segmentation_args', 'head_dropout'): 0.1, ('model', 'segmentation_args', 'layer_dropout'): 0, ('model', 'segmentation_args', 'head_inter'): False, ('model', 'pose_pretraining'): 'mono_cityscapes_1024x512_r101dil_aspp_dec6_lr5_fd2_crop512x512bs4', ('model', 'disable_monodepth'): False, ('model', 'disable_pose'): False, ('model', 'variant'): 'transfer_dcompgt0030', ('data', 'restrict_to_subset', 'mode'): 'random', ('data', 'restrict_to_subset', 'subset'): None, ('data', 'restrict_to_subset', 'n_subset'): 2975, ('training', 'monodepth_lambda'): 1, ('training', 'pseudo_depth_lambda'): 1, ('training', 'unlabeled_segmentation', 'consistency_weight'): 1.0, ('training', 'unlabeled_segmentation', 'mix_mask'): 'depthcomp', ('training', 'unlabeled_segmentation', 'color_jitter'): True, ('training', 'unlabeled_segmentation', 'blur'): True, ('training', 'unlabeled_segmentation', 'only_unlabeled'): False, ('training', 'unlabeled_segmentation', 'only_labeled'): False, ('training', 'unlabeled_segmentation', 'mix_video'): False, ('training', 'unlabeled_segmentation', 'mix_use_gt'): True, ('training', 'unlabeled_segmentation', 'depthcomp_margin'): 0.03, ('training', 'unlabeled_segmentation', 'depthcomp_foreground_threshold'): 0, ('training', 'unlabeled_segmentation', 'backward_first_pseudo_label'): False, ('training', 'unlabeled_segmentation', 'debug_image'): True, ('training', 'unlabeled_segmentation', 'depthmix_online_depth'): True}
Resolved vars {('config', 'general', 'tag'): 'cityscapes_transfer_dcompgt0030_D2975random_S7_sgdLr0.010.001stepx_clip10_crop512x512bs2_flip_r101_dec6_lr5_fd2_crop512x512bs4_l9os1_Unlab1.0depthcompjitblur', 'seed': 7, ('model', 'segmentation_name'): 'joint_seg_depth_dec', ('model', 'segmentation_args', 'layers'): [9], ('model', 'segmentation_args', 'head_inter_channels'): 64, ('model', 'segmentation_args', 'layer_out_channels'): 64, ('model', 'segmentation_args', 'head_dropout'): 0.1, ('model', 'segmentation_args', 'layer_dropout'): 0, ('model', 'segmentation_args', 'head_inter'): False, ('model', 'pose_pretraining'): 'mono_cityscapes_1024x512_r101dil_aspp_dec6_lr5_fd2_crop512x512bs4', ('model', 'disable_monodepth'): False, ('model', 'disable_pose'): False, ('model', 'variant'): 'transfer_dcompgt0030', ('data', 'restrict_to_subset', 'mode'): 'random', ('data', 'restrict_to_subset', 'subset'): None, ('data', 'restrict_to_subset', 'n_subset'): 2975, ('training', 'monodepth_lambda'): 1, ('training', 'pseudo_depth_lambda'): 1, ('training', 'unlabeled_segmentation', 'consistency_weight'): 1.0, ('training', 'unlabeled_segmentation', 'mix_mask'): 'depthcomp', ('training', 'unlabeled_segmentation', 'color_jitter'): True, ('training', 'unlabeled_segmentation', 'blur'): True, ('training', 'unlabeled_segmentation', 'only_unlabeled'): False, ('training', 'unlabeled_segmentation', 'only_labeled'): False, ('training', 'unlabeled_segmentation', 'mix_video'): False, ('training', 'unlabeled_segmentation', 'mix_use_gt'): True, ('training', 'unlabeled_segmentation', 'depthcomp_margin'): 0.03, ('training', 'unlabeled_segmentation', 'depthcomp_foreground_threshold'): 0, ('training', 'unlabeled_segmentation', 'backward_first_pseudo_label'): False, ('training', 'unlabeled_segmentation', 'debug_image'): True, ('training', 'unlabeled_segmentation', 'depthmix_online_depth'): True}
Resolved base cfg vars {'seed': 25, ('model', 'segmentation_name'): 'joint_seg_depth_dec', ('model', 'segmentation_args', 'layers'): [9], ('model', 'segmentation_args', 'head_inter_channels'): 64, ('model', 'segmentation_args', 'layer_out_channels'): 64, ('model', 'segmentation_args', 'head_dropout'): 0.1, ('model', 'segmentation_args', 'layer_dropout'): 0, ('model', 'segmentation_args', 'head_inter'): False, ('model', 'pose_pretraining'): 'mono_cityscapes_1024x512_r101dil_aspp_dec6_lr5_fd2_crop512x512bs4', ('model', 'disable_monodepth'): False, ('model', 'disable_pose'): False, ('model', 'variant'): 'transfer_dcompgt0030', ('data', 'restrict_to_subset', 'mode'): 'random', ('data', 'restrict_to_subset', 'subset'): None, ('data', 'restrict_to_subset', 'n_subset'): 2975, ('training', 'monodepth_lambda'): 1, ('training', 'pseudo_depth_lambda'): 1, ('training', 'unlabeled_segmentation', 'consistency_weight'): 1.0, ('training', 'unlabeled_segmentation', 'mix_mask'): 'depthcomp', ('training', 'unlabeled_segmentation', 'color_jitter'): True, ('training', 'unlabeled_segmentation', 'blur'): True, ('training', 'unlabeled_segmentation', 'only_unlabeled'): False, ('training', 'unlabeled_segmentation', 'only_labeled'): False, ('training', 'unlabeled_segmentation', 'mix_video'): False, ('training', 'unlabeled_segmentation', 'mix_use_gt'): True, ('training', 'unlabeled_segmentation', 'depthcomp_margin'): 0.03, ('training', 'unlabeled_segmentation', 'depthcomp_foreground_threshold'): 0, ('training', 'unlabeled_segmentation', 'backward_first_pseudo_label'): False, ('training', 'unlabeled_segmentation', 'debug_image'): True, ('training', 'unlabeled_segmentation', 'depthmix_online_depth'): True}
Resolved vars {('config', 'general', 'tag'): 'cityscapes_transfer_dcompgt0030_D2975random_S25_sgdLr0.010.001stepx_clip10_crop512x512bs2_flip_r101_dec6_lr5_fd2_crop512x512bs4_l9os1_Unlab1.0depthcompjitblur', 'seed': 25, ('model', 'segmentation_name'): 'joint_seg_depth_dec', ('model', 'segmentation_args', 'layers'): [9], ('model', 'segmentation_args', 'head_inter_channels'): 64, ('model', 'segmentation_args', 'layer_out_channels'): 64, ('model', 'segmentation_args', 'head_dropout'): 0.1, ('model', 'segmentation_args', 'layer_dropout'): 0, ('model', 'segmentation_args', 'head_inter'): False, ('model', 'pose_pretraining'): 'mono_cityscapes_1024x512_r101dil_aspp_dec6_lr5_fd2_crop512x512bs4', ('model', 'disable_monodepth'): False, ('model', 'disable_pose'): False, ('model', 'variant'): 'transfer_dcompgt0030', ('data', 'restrict_to_subset', 'mode'): 'random', ('data', 'restrict_to_subset', 'subset'): None, ('data', 'restrict_to_subset', 'n_subset'): 2975, ('training', 'monodepth_lambda'): 1, ('training', 'pseudo_depth_lambda'): 1, ('training', 'unlabeled_segmentation', 'consistency_weight'): 1.0, ('training', 'unlabeled_segmentation', 'mix_mask'): 'depthcomp', ('training', 'unlabeled_segmentation', 'color_jitter'): True, ('training', 'unlabeled_segmentation', 'blur'): True, ('training', 'unlabeled_segmentation', 'only_unlabeled'): False, ('training', 'unlabeled_segmentation', 'only_labeled'): False, ('training', 'unlabeled_segmentation', 'mix_video'): False, ('training', 'unlabeled_segmentation', 'mix_use_gt'): True, ('training', 'unlabeled_segmentation', 'depthcomp_margin'): 0.03, ('training', 'unlabeled_segmentation', 'depthcomp_foreground_threshold'): 0, ('training', 'unlabeled_segmentation', 'backward_first_pseudo_label'): False, ('training', 'unlabeled_segmentation', 'debug_image'): True, ('training', 'unlabeled_segmentation', 'depthmix_online_depth'): True}
Resolved base cfg vars {'seed': 42, ('model', 'segmentation_name'): 'joint_seg_depth_dec', ('model', 'segmentation_args', 'layers'): [9], ('model', 'segmentation_args', 'head_inter_channels'): 64, ('model', 'segmentation_args', 'layer_out_channels'): 64, ('model', 'segmentation_args', 'head_dropout'): 0.1, ('model', 'segmentation_args', 'layer_dropout'): 0, ('model', 'segmentation_args', 'head_inter'): False, ('model', 'pose_pretraining'): 'mono_cityscapes_1024x512_r101dil_aspp_dec6_lr5_fd2_crop512x512bs4', ('model', 'disable_monodepth'): False, ('model', 'disable_pose'): False, ('model', 'variant'): 'transfer_dcompgt0030', ('data', 'restrict_to_subset', 'mode'): 'random', ('data', 'restrict_to_subset', 'subset'): None, ('data', 'restrict_to_subset', 'n_subset'): 2975, ('training', 'monodepth_lambda'): 1, ('training', 'pseudo_depth_lambda'): 1, ('training', 'unlabeled_segmentation', 'consistency_weight'): 1.0, ('training', 'unlabeled_segmentation', 'mix_mask'): 'depthcomp', ('training', 'unlabeled_segmentation', 'color_jitter'): True, ('training', 'unlabeled_segmentation', 'blur'): True, ('training', 'unlabeled_segmentation', 'only_unlabeled'): False, ('training', 'unlabeled_segmentation', 'only_labeled'): False, ('training', 'unlabeled_segmentation', 'mix_video'): False, ('training', 'unlabeled_segmentation', 'mix_use_gt'): True, ('training', 'unlabeled_segmentation', 'depthcomp_margin'): 0.03, ('training', 'unlabeled_segmentation', 'depthcomp_foreground_threshold'): 0, ('training', 'unlabeled_segmentation', 'backward_first_pseudo_label'): False, ('training', 'unlabeled_segmentation', 'debug_image'): True, ('training', 'unlabeled_segmentation', 'depthmix_online_depth'): True}
Resolved vars {('config', 'general', 'tag'): 'cityscapes_transfer_dcompgt0030_D2975random_S42_sgdLr0.010.001stepx_clip10_crop512x512bs2_flip_r101_dec6_lr5_fd2_crop512x512bs4_l9os1_Unlab1.0depthcompjitblur', 'seed': 42, ('model', 'segmentation_name'): 'joint_seg_depth_dec', ('model', 'segmentation_args', 'layers'): [9], ('model', 'segmentation_args', 'head_inter_channels'): 64, ('model', 'segmentation_args', 'layer_out_channels'): 64, ('model', 'segmentation_args', 'head_dropout'): 0.1, ('model', 'segmentation_args', 'layer_dropout'): 0, ('model', 'segmentation_args', 'head_inter'): False, ('model', 'pose_pretraining'): 'mono_cityscapes_1024x512_r101dil_aspp_dec6_lr5_fd2_crop512x512bs4', ('model', 'disable_monodepth'): False, ('model', 'disable_pose'): False, ('model', 'variant'): 'transfer_dcompgt0030', ('data', 'restrict_to_subset', 'mode'): 'random', ('data', 'restrict_to_subset', 'subset'): None, ('data', 'restrict_to_subset', 'n_subset'): 2975, ('training', 'monodepth_lambda'): 1, ('training', 'pseudo_depth_lambda'): 1, ('training', 'unlabeled_segmentation', 'consistency_weight'): 1.0, ('training', 'unlabeled_segmentation', 'mix_mask'): 'depthcomp', ('training', 'unlabeled_segmentation', 'color_jitter'): True, ('training', 'unlabeled_segmentation', 'blur'): True, ('training', 'unlabeled_segmentation', 'only_unlabeled'): False, ('training', 'unlabeled_segmentation', 'only_labeled'): False, ('training', 'unlabeled_segmentation', 'mix_video'): False, ('training', 'unlabeled_segmentation', 'mix_use_gt'): True, ('training', 'unlabeled_segmentation', 'depthcomp_margin'): 0.03, ('training', 'unlabeled_segmentation', 'depthcomp_foreground_threshold'): 0, ('training', 'unlabeled_segmentation', 'backward_first_pseudo_label'): False, ('training', 'unlabeled_segmentation', 'debug_image'): True, ('training', 'unlabeled_segmentation', 'depthmix_online_depth'): True}
Resolved base cfg vars {'seed': 7, ('model', 'segmentation_name'): 'joint_seg_depth_dec', ('model', 'segmentation_args', 'layers'): [9], ('model', 'segmentation_args', 'head_inter_channels'): 64, ('model', 'segmentation_args', 'layer_out_channels'): 64, ('model', 'segmentation_args', 'head_dropout'): 0.1, ('model', 'segmentation_args', 'layer_dropout'): 0, ('model', 'segmentation_args', 'head_inter'): False, ('model', 'pose_pretraining'): 'none', ('model', 'disable_monodepth'): True, ('model', 'disable_pose'): True, ('model', 'variant'): 'sel_ds_us_transfer', ('data', 'restrict_to_subset', 'mode'): 'fixed', ('data', 'restrict_to_subset', 'subset'): [2403, 1150, 336, 2071, 382, 2563, 184, 1044, 2460, 1553, 1451, 641, 1233, 416, 152, 2868, 1211, 1704, 2323, 1255, 2538, 356, 2703, 914, 1110, 2531, 1981, 2894, 2430, 1234, 2729, 768, 2054, 2478, 1937, 2865, 1103, 1620, 1384, 1711, 1308, 1658, 2462, 1741, 2888, 2126, 2726, 2062, 158, 2425, 2638, 2507, 2664, 2604, 114, 2684, 259, 2897, 2445, 2470, 525, 1629, 2451, 2442, 109, 1376, 1133, 1895, 352, 735, 2912, 2265, 234, 1266, 636, 1170, 650, 2280, 1471, 359, 1682, 831, 2471, 1213, 1223, 959, 281, 2590, 2318, 274, 2621, 1390, 2322, 2529, 2298, 2651, 460, 411, 2021, 2457, 754, 2450, 1615, 2970, 2717, 2366, 851, 2536, 2301, 1614, 2176, 2892, 1507, 1960, 1112, 809, 715, 422, 485, 1459, 2637, 2611, 1294, 2065, 1361, 1570, 2329, 823, 1674, 796, 1669, 1097, 2039, 524, 758, 632, 2852, 1697, 277, 1031, 1176, 2753, 185, 1239, 2525, 630, 2654, 836, 2855, 337, 2055, 1870, 642, 2118, 279, 720, 538, 2587, 2052, 2649, 2860, 811, 956, 280, 794, 1338, 2047, 2895, 1578, 2891, 849, 616, 1275, 958, 2511, 2535, 2650, 2331, 2830, 2440, 646, 2572, 1842, 1319, 2310, 2785, 495, 1976, 1194, 2446, 2302, 1257, 694, 17, 649, 2122, 1693, 803, 2386, 1061, 2311, 1331, 736, 2037, 2059, 387, 1700, 2456, 2959, 624, 310, 2333, 230, 2924, 233, 1915, 2148, 2898, 1164, 2593, 2363, 1177, 1809, 2063, 2123, 1710, 1120, 2095, 2073, 2805, 2048, 165, 1030, 813, 631, 655, 880, 638, 610, 2705, 907, 45, 2312, 134, 1698, 2325, 2798, 672, 2486, 1147, 2861, 2527, 2685, 2098, 755, 1586, 1494, 1220, 1263, 1472, 1310, 2441, 806, 1993, 1709, 2923, 1563, 1606, 2626, 1203, 668, 2238, 2093, 2288, 1573, 1980, 2306, 1433, 1184, 1212, 353, 2020, 2886, 2005, 604, 1082, 2064, 1690, 2028, 2795, 348, 810, 1328, 904, 2215, 2652, 2560, 2672, 383, 927, 529, 399, 220, 2314, 600, 1254, 1142, 1613, 2796, 1152, 2443, 2056, 1436, 1407, 588, 578, 700, 1670, 1495, 2645, 881, 2546, 191, 1276, 219, 1218, 1982, 699, 2859, 91, 159, 2640, 1296, 2285, 2539, 335, 680, 484, 698, 1942, 2173, 2405, 1725, 1520, 1598, 1135, 2696, 1188, 1452, 439, 214, 2407, 1449, 173, 345, 690, 2300, 1125, 360, 713, 2474, 1278, 922, 2232, 452, 2197, 2731, 926, 535, 2544, 1027, 2743], ('data', 'restrict_to_subset', 'n_subset'): 372, ('training', 'monodepth_lambda'): 0.0, ('training', 'pseudo_depth_lambda'): 0.0, ('training', 'unlabeled_segmentation'): None}
Resolved vars {('config', 'general', 'tag'): 'cityscapes_sel_ds_us_transfer_D372fixed_S7_sgdLr0.010.001stepx_clip10_crop512x512bs2_flip_r101_dec6_lr5_fd2_crop512x512bs4_l9os1', 'seed': 7, ('model', 'segmentation_name'): 'joint_seg_depth_dec', ('model', 'segmentation_args', 'layers'): [9], ('model', 'segmentation_args', 'head_inter_channels'): 64, ('model', 'segmentation_args', 'layer_out_channels'): 64, ('model', 'segmentation_args', 'head_dropout'): 0.1, ('model', 'segmentation_args', 'layer_dropout'): 0, ('model', 'segmentation_args', 'head_inter'): False, ('model', 'pose_pretraining'): 'none', ('model', 'disable_monodepth'): True, ('model', 'disable_pose'): True, ('model', 'variant'): 'sel_ds_us_transfer', ('data', 'restrict_to_subset', 'mode'): 'fixed', ('data', 'restrict_to_subset', 'subset'): [2403, 1150, 336, 2071, 382, 2563, 184, 1044, 2460, 1553, 1451, 641, 1233, 416, 152, 2868, 1211, 1704, 2323, 1255, 2538, 356, 2703, 914, 1110, 2531, 1981, 2894, 2430, 1234, 2729, 768, 2054, 2478, 1937, 2865, 1103, 1620, 1384, 1711, 1308, 1658, 2462, 1741, 2888, 2126, 2726, 2062, 158, 2425, 2638, 2507, 2664, 2604, 114, 2684, 259, 2897, 2445, 2470, 525, 1629, 2451, 2442, 109, 1376, 1133, 1895, 352, 735, 2912, 2265, 234, 1266, 636, 1170, 650, 2280, 1471, 359, 1682, 831, 2471, 1213, 1223, 959, 281, 2590, 2318, 274, 2621, 1390, 2322, 2529, 2298, 2651, 460, 411, 2021, 2457, 754, 2450, 1615, 2970, 2717, 2366, 851, 2536, 2301, 1614, 2176, 2892, 1507, 1960, 1112, 809, 715, 422, 485, 1459, 2637, 2611, 1294, 2065, 1361, 1570, 2329, 823, 1674, 796, 1669, 1097, 2039, 524, 758, 632, 2852, 1697, 277, 1031, 1176, 2753, 185, 1239, 2525, 630, 2654, 836, 2855, 337, 2055, 1870, 642, 2118, 279, 720, 538, 2587, 2052, 2649, 2860, 811, 956, 280, 794, 1338, 2047, 2895, 1578, 2891, 849, 616, 1275, 958, 2511, 2535, 2650, 2331, 2830, 2440, 646, 2572, 1842, 1319, 2310, 2785, 495, 1976, 1194, 2446, 2302, 1257, 694, 17, 649, 2122, 1693, 803, 2386, 1061, 2311, 1331, 736, 2037, 2059, 387, 1700, 2456, 2959, 624, 310, 2333, 230, 2924, 233, 1915, 2148, 2898, 1164, 2593, 2363, 1177, 1809, 2063, 2123, 1710, 1120, 2095, 2073, 2805, 2048, 165, 1030, 813, 631, 655, 880, 638, 610, 2705, 907, 45, 2312, 134, 1698, 2325, 2798, 672, 2486, 1147, 2861, 2527, 2685, 2098, 755, 1586, 1494, 1220, 1263, 1472, 1310, 2441, 806, 1993, 1709, 2923, 1563, 1606, 2626, 1203, 668, 2238, 2093, 2288, 1573, 1980, 2306, 1433, 1184, 1212, 353, 2020, 2886, 2005, 604, 1082, 2064, 1690, 2028, 2795, 348, 810, 1328, 904, 2215, 2652, 2560, 2672, 383, 927, 529, 399, 220, 2314, 600, 1254, 1142, 1613, 2796, 1152, 2443, 2056, 1436, 1407, 588, 578, 700, 1670, 1495, 2645, 881, 2546, 191, 1276, 219, 1218, 1982, 699, 2859, 91, 159, 2640, 1296, 2285, 2539, 335, 680, 484, 698, 1942, 2173, 2405, 1725, 1520, 1598, 1135, 2696, 1188, 1452, 439, 214, 2407, 1449, 173, 345, 690, 2300, 1125, 360, 713, 2474, 1278, 922, 2232, 452, 2197, 2731, 926, 535, 2544, 1027, 2743], ('data', 'restrict_to_subset', 'n_subset'): 372, ('training', 'monodepth_lambda'): 0.0, ('training', 'pseudo_depth_lambda'): 0.0, ('training', 'unlabeled_segmentation'): None}
Resolved base cfg vars {'seed': 25, ('model', 'segmentation_name'): 'joint_seg_depth_dec', ('model', 'segmentation_args', 'layers'): [9], ('model', 'segmentation_args', 'head_inter_channels'): 64, ('model', 'segmentation_args', 'layer_out_channels'): 64, ('model', 'segmentation_args', 'head_dropout'): 0.1, ('model', 'segmentation_args', 'layer_dropout'): 0, ('model', 'segmentation_args', 'head_inter'): False, ('model', 'pose_pretraining'): 'none', ('model', 'disable_monodepth'): True, ('model', 'disable_pose'): True, ('model', 'variant'): 'sel_ds_us_transfer', ('data', 'restrict_to_subset', 'mode'): 'fixed', ('data', 'restrict_to_subset', 'subset'): [938, 1150, 336, 2071, 382, 2563, 184, 234, 1044, 2460, 831, 1704, 641, 1553, 2868, 1451, 1133, 1308, 416, 2865, 2684, 152, 2531, 2486, 1294, 2538, 2323, 1234, 768, 2377, 2054, 158, 1711, 274, 2726, 1981, 2478, 484, 2462, 2507, 2280, 1459, 2470, 2062, 1658, 2638, 2065, 1233, 114, 1257, 1103, 2425, 2529, 1211, 2445, 185, 109, 1170, 259, 2729, 525, 2302, 2894, 2897, 2888, 2912, 1376, 650, 1097, 281, 2621, 754, 1266, 2451, 2651, 1110, 1213, 636, 2311, 2298, 2785, 851, 1176, 642, 2073, 1697, 2737, 1615, 2430, 142, 2970, 1331, 1620, 1629, 1937, 1223, 2450, 464, 1773, 352, 1255, 1471, 1361, 2664, 755, 1960, 959, 809, 2039, 2301, 2442, 2611, 310, 1112, 2637, 1674, 735, 646, 359, 1031, 2318, 2363, 2322, 1980, 2366, 2855, 1682, 2604, 2892, 720, 1570, 2055, 460, 758, 2511, 2022, 2314, 2052, 2535, 1164, 823, 2098, 2457, 1390, 811, 1669, 630, 956, 736, 2717, 2860, 1275, 2536, 2590, 2020, 638, 2331, 1895, 280, 2118, 356, 2056, 277, 279, 958, 632, 2593, 2704, 680, 2525, 794, 2753, 2312, 806, 1842, 796, 337, 383, 1915, 1693, 1741, 1310, 1870, 2440, 1976, 2329, 387, 1614, 1254, 849, 2325, 1319, 1027, 1194, 2471, 610, 3, 694, 1436, 1452, 1578, 2443, 2333, 2126, 2069, 2650, 1929, 1177, 2830, 649, 2924, 1865, 1598, 1809, 1328, 2277, 17, 2037, 836, 1500, 1120, 2456, 2645, 1698, 672, 233, 2539, 668, 2063, 1030, 2310, 803, 1993, 1709, 1086, 1147, 2685, 1606, 2148, 2123, 699, 2852, 907, 1573, 1212, 1220, 524, 1554, 360, 2048, 1142, 2176, 2923, 134, 190, 813, 230, 2610, 880, 353, 2047, 2448, 529, 2898, 2959, 485, 2764, 335, 2805, 1296, 2309, 1690, 2336, 631, 904, 2238, 2654, 1586, 2446, 1563, 2306, 1239, 2663, 2886, 2407, 598, 2795, 2891, 2649, 616, 2035, 2005, 531, 1834, 1152, 1263, 923, 1332, 2077, 1198, 832, 2232, 1384, 1700, 495, 2572, 2798, 45, 810, 2796, 357, 2575, 2051, 2640, 91, 2862, 914, 2095, 870, 698, 604, 2215, 1982, 1472, 1061, 2288, 1203, 588, 1276, 1218, 2300, 1235, 721, 220, 2405, 1433, 1725, 296, 2285, 1484, 915, 1278, 2297, 2636, 412, 2676, 2424, 538, 2441, 399, 1135, 707, 2403, 704, 1494, 2859, 535, 1354, 2028, 2527, 2861, 2255, 700, 254, 1520, 20, 278, 926, 2122, 219, 1042, 1370], ('data', 'restrict_to_subset', 'n_subset'): 372, ('training', 'monodepth_lambda'): 0.0, ('training', 'pseudo_depth_lambda'): 0.0, ('training', 'unlabeled_segmentation'): None}
Resolved vars {('config', 'general', 'tag'): 'cityscapes_sel_ds_us_transfer_D372fixed_S25_sgdLr0.010.001stepx_clip10_crop512x512bs2_flip_r101_dec6_lr5_fd2_crop512x512bs4_l9os1', 'seed': 25, ('model', 'segmentation_name'): 'joint_seg_depth_dec', ('model', 'segmentation_args', 'layers'): [9], ('model', 'segmentation_args', 'head_inter_channels'): 64, ('model', 'segmentation_args', 'layer_out_channels'): 64, ('model', 'segmentation_args', 'head_dropout'): 0.1, ('model', 'segmentation_args', 'layer_dropout'): 0, ('model', 'segmentation_args', 'head_inter'): False, ('model', 'pose_pretraining'): 'none', ('model', 'disable_monodepth'): True, ('model', 'disable_pose'): True, ('model', 'variant'): 'sel_ds_us_transfer', ('data', 'restrict_to_subset', 'mode'): 'fixed', ('data', 'restrict_to_subset', 'subset'): [938, 1150, 336, 2071, 382, 2563, 184, 234, 1044, 2460, 831, 1704, 641, 1553, 2868, 1451, 1133, 1308, 416, 2865, 2684, 152, 2531, 2486, 1294, 2538, 2323, 1234, 768, 2377, 2054, 158, 1711, 274, 2726, 1981, 2478, 484, 2462, 2507, 2280, 1459, 2470, 2062, 1658, 2638, 2065, 1233, 114, 1257, 1103, 2425, 2529, 1211, 2445, 185, 109, 1170, 259, 2729, 525, 2302, 2894, 2897, 2888, 2912, 1376, 650, 1097, 281, 2621, 754, 1266, 2451, 2651, 1110, 1213, 636, 2311, 2298, 2785, 851, 1176, 642, 2073, 1697, 2737, 1615, 2430, 142, 2970, 1331, 1620, 1629, 1937, 1223, 2450, 464, 1773, 352, 1255, 1471, 1361, 2664, 755, 1960, 959, 809, 2039, 2301, 2442, 2611, 310, 1112, 2637, 1674, 735, 646, 359, 1031, 2318, 2363, 2322, 1980, 2366, 2855, 1682, 2604, 2892, 720, 1570, 2055, 460, 758, 2511, 2022, 2314, 2052, 2535, 1164, 823, 2098, 2457, 1390, 811, 1669, 630, 956, 736, 2717, 2860, 1275, 2536, 2590, 2020, 638, 2331, 1895, 280, 2118, 356, 2056, 277, 279, 958, 632, 2593, 2704, 680, 2525, 794, 2753, 2312, 806, 1842, 796, 337, 383, 1915, 1693, 1741, 1310, 1870, 2440, 1976, 2329, 387, 1614, 1254, 849, 2325, 1319, 1027, 1194, 2471, 610, 3, 694, 1436, 1452, 1578, 2443, 2333, 2126, 2069, 2650, 1929, 1177, 2830, 649, 2924, 1865, 1598, 1809, 1328, 2277, 17, 2037, 836, 1500, 1120, 2456, 2645, 1698, 672, 233, 2539, 668, 2063, 1030, 2310, 803, 1993, 1709, 1086, 1147, 2685, 1606, 2148, 2123, 699, 2852, 907, 1573, 1212, 1220, 524, 1554, 360, 2048, 1142, 2176, 2923, 134, 190, 813, 230, 2610, 880, 353, 2047, 2448, 529, 2898, 2959, 485, 2764, 335, 2805, 1296, 2309, 1690, 2336, 631, 904, 2238, 2654, 1586, 2446, 1563, 2306, 1239, 2663, 2886, 2407, 598, 2795, 2891, 2649, 616, 2035, 2005, 531, 1834, 1152, 1263, 923, 1332, 2077, 1198, 832, 2232, 1384, 1700, 495, 2572, 2798, 45, 810, 2796, 357, 2575, 2051, 2640, 91, 2862, 914, 2095, 870, 698, 604, 2215, 1982, 1472, 1061, 2288, 1203, 588, 1276, 1218, 2300, 1235, 721, 220, 2405, 1433, 1725, 296, 2285, 1484, 915, 1278, 2297, 2636, 412, 2676, 2424, 538, 2441, 399, 1135, 707, 2403, 704, 1494, 2859, 535, 1354, 2028, 2527, 2861, 2255, 700, 254, 1520, 20, 278, 926, 2122, 219, 1042, 1370], ('data', 'restrict_to_subset', 'n_subset'): 372, ('training', 'monodepth_lambda'): 0.0, ('training', 'pseudo_depth_lambda'): 0.0, ('training', 'unlabeled_segmentation'): None}
Resolved base cfg vars {'seed': 42, ('model', 'segmentation_name'): 'joint_seg_depth_dec', ('model', 'segmentation_args', 'layers'): [9], ('model', 'segmentation_args', 'head_inter_channels'): 64, ('model', 'segmentation_args', 'layer_out_channels'): 64, ('model', 'segmentation_args', 'head_dropout'): 0.1, ('model', 'segmentation_args', 'layer_dropout'): 0, ('model', 'segmentation_args', 'head_inter'): False, ('model', 'pose_pretraining'): 'none', ('model', 'disable_monodepth'): True, ('model', 'disable_pose'): True, ('model', 'variant'): 'sel_ds_us_transfer', ('data', 'restrict_to_subset', 'mode'): 'fixed', ('data', 'restrict_to_subset', 'subset'): [1436, 1150, 336, 2071, 382, 2563, 184, 1044, 2460, 831, 1704, 2868, 1133, 641, 416, 1553, 152, 234, 2684, 281, 114, 959, 1376, 914, 2471, 2729, 2538, 2478, 2323, 2054, 1711, 2430, 2894, 1620, 2462, 768, 158, 1308, 754, 2726, 2865, 2912, 1773, 2507, 109, 1981, 2531, 650, 484, 2062, 1234, 2425, 1233, 1103, 1211, 1459, 2451, 851, 2604, 2621, 2280, 1658, 2443, 2470, 1213, 259, 2529, 1294, 525, 1266, 274, 1615, 1170, 735, 1361, 352, 2312, 2318, 2651, 460, 2970, 2717, 2021, 2855, 2322, 2298, 2888, 1223, 715, 1097, 1669, 2442, 632, 1629, 1451, 2737, 2363, 1980, 1112, 464, 755, 1255, 2301, 2065, 2450, 1895, 1614, 642, 636, 630, 809, 1471, 2637, 1390, 1937, 2039, 2166, 2366, 2638, 1239, 2511, 1110, 2897, 359, 1674, 1031, 220, 2611, 2664, 2753, 2536, 2048, 2052, 2311, 2407, 721, 2055, 2892, 2860, 422, 1176, 956, 1697, 185, 1164, 2457, 2333, 1682, 2859, 190, 279, 337, 2852, 1976, 335, 849, 1578, 1698, 811, 736, 2093, 2649, 2445, 958, 680, 2704, 1257, 2593, 280, 2486, 1275, 2440, 356, 1693, 524, 1086, 2056, 758, 2331, 638, 17, 2650, 3, 1331, 1842, 604, 2073, 387, 2037, 1027, 495, 2535, 2830, 2924, 803, 646, 2456, 649, 2590, 1563, 2329, 1741, 2126, 1194, 61, 230, 1147, 2215, 1500, 794, 1212, 1809, 2785, 1598, 1606, 233, 1142, 310, 429, 277, 1915, 1177, 2118, 1554, 813, 2539, 2047, 45, 880, 134, 1573, 1263, 2148, 1319, 1328, 2310, 2232, 616, 2645, 2286, 1276, 922, 353, 2923, 1690, 1030, 836, 1120, 538, 796, 1310, 699, 823, 2176, 2891, 2959, 2035, 412, 2795, 1472, 672, 2285, 2805, 2898, 907, 2122, 923, 631, 2610, 2277, 2626, 2325, 1220, 2306, 1709, 2685, 2663, 2796, 2123, 1384, 91, 2446, 810, 2861, 2575, 399, 311, 2525, 1870, 1218, 1586, 1269, 588, 2238, 529, 2441, 700, 2730, 2005, 2098, 2020, 1082, 1750, 2654, 2939, 1725, 1125, 1254, 485, 870, 2095, 1198, 881, 2302, 927, 713, 1135, 2300, 2028, 720, 383, 2640, 2405, 219, 1495, 1235, 2314, 1278, 1942, 1152, 1332, 698, 1700, 760, 360, 2527, 694, 832, 278, 2131, 1865, 1982, 1452, 1370, 2572, 806, 1210, 2606, 904, 2711, 886, 142, 1710, 2291, 2636, 2392, 1613, 2377, 2544, 534, 2802, 578, 2743, 1494, 1449, 1203, 2699, 1609, 2676, 1520, 610, 798], ('data', 'restrict_to_subset', 'n_subset'): 372, ('training', 'monodepth_lambda'): 0.0, ('training', 'pseudo_depth_lambda'): 0.0, ('training', 'unlabeled_segmentation'): None}
Resolved vars {('config', 'general', 'tag'): 'cityscapes_sel_ds_us_transfer_D372fixed_S42_sgdLr0.010.001stepx_clip10_crop512x512bs2_flip_r101_dec6_lr5_fd2_crop512x512bs4_l9os1', 'seed': 42, ('model', 'segmentation_name'): 'joint_seg_depth_dec', ('model', 'segmentation_args', 'layers'): [9], ('model', 'segmentation_args', 'head_inter_channels'): 64, ('model', 'segmentation_args', 'layer_out_channels'): 64, ('model', 'segmentation_args', 'head_dropout'): 0.1, ('model', 'segmentation_args', 'layer_dropout'): 0, ('model', 'segmentation_args', 'head_inter'): False, ('model', 'pose_pretraining'): 'none', ('model', 'disable_monodepth'): True, ('model', 'disable_pose'): True, ('model', 'variant'): 'sel_ds_us_transfer', ('data', 'restrict_to_subset', 'mode'): 'fixed', ('data', 'restrict_to_subset', 'subset'): [1436, 1150, 336, 2071, 382, 2563, 184, 1044, 2460, 831, 1704, 2868, 1133, 641, 416, 1553, 152, 234, 2684, 281, 114, 959, 1376, 914, 2471, 2729, 2538, 2478, 2323, 2054, 1711, 2430, 2894, 1620, 2462, 768, 158, 1308, 754, 2726, 2865, 2912, 1773, 2507, 109, 1981, 2531, 650, 484, 2062, 1234, 2425, 1233, 1103, 1211, 1459, 2451, 851, 2604, 2621, 2280, 1658, 2443, 2470, 1213, 259, 2529, 1294, 525, 1266, 274, 1615, 1170, 735, 1361, 352, 2312, 2318, 2651, 460, 2970, 2717, 2021, 2855, 2322, 2298, 2888, 1223, 715, 1097, 1669, 2442, 632, 1629, 1451, 2737, 2363, 1980, 1112, 464, 755, 1255, 2301, 2065, 2450, 1895, 1614, 642, 636, 630, 809, 1471, 2637, 1390, 1937, 2039, 2166, 2366, 2638, 1239, 2511, 1110, 2897, 359, 1674, 1031, 220, 2611, 2664, 2753, 2536, 2048, 2052, 2311, 2407, 721, 2055, 2892, 2860, 422, 1176, 956, 1697, 185, 1164, 2457, 2333, 1682, 2859, 190, 279, 337, 2852, 1976, 335, 849, 1578, 1698, 811, 736, 2093, 2649, 2445, 958, 680, 2704, 1257, 2593, 280, 2486, 1275, 2440, 356, 1693, 524, 1086, 2056, 758, 2331, 638, 17, 2650, 3, 1331, 1842, 604, 2073, 387, 2037, 1027, 495, 2535, 2830, 2924, 803, 646, 2456, 649, 2590, 1563, 2329, 1741, 2126, 1194, 61, 230, 1147, 2215, 1500, 794, 1212, 1809, 2785, 1598, 1606, 233, 1142, 310, 429, 277, 1915, 1177, 2118, 1554, 813, 2539, 2047, 45, 880, 134, 1573, 1263, 2148, 1319, 1328, 2310, 2232, 616, 2645, 2286, 1276, 922, 353, 2923, 1690, 1030, 836, 1120, 538, 796, 1310, 699, 823, 2176, 2891, 2959, 2035, 412, 2795, 1472, 672, 2285, 2805, 2898, 907, 2122, 923, 631, 2610, 2277, 2626, 2325, 1220, 2306, 1709, 2685, 2663, 2796, 2123, 1384, 91, 2446, 810, 2861, 2575, 399, 311, 2525, 1870, 1218, 1586, 1269, 588, 2238, 529, 2441, 700, 2730, 2005, 2098, 2020, 1082, 1750, 2654, 2939, 1725, 1125, 1254, 485, 870, 2095, 1198, 881, 2302, 927, 713, 1135, 2300, 2028, 720, 383, 2640, 2405, 219, 1495, 1235, 2314, 1278, 1942, 1152, 1332, 698, 1700, 760, 360, 2527, 694, 832, 278, 2131, 1865, 1982, 1452, 1370, 2572, 806, 1210, 2606, 904, 2711, 886, 142, 1710, 2291, 2636, 2392, 1613, 2377, 2544, 534, 2802, 578, 2743, 1494, 1449, 1203, 2699, 1609, 2676, 1520, 610, 798], ('data', 'restrict_to_subset', 'n_subset'): 372, ('training', 'monodepth_lambda'): 0.0, ('training', 'pseudo_depth_lambda'): 0.0, ('training', 'unlabeled_segmentation'): None}
Resolved base cfg vars {'seed': 7, ('model', 'segmentation_name'): 'mtl_pad', ('model', 'segmentation_args', 'distillation_layer'): 7, ('model', 'segmentation_args', 'side_output'): True, ('model', 'segmentation_args', 'final_layer'): 9, ('model', 'pose_pretraining'): 'mono_cityscapes_1024x512_r101dil_aspp_dec6_lr5_fd2_crop512x512bs4', ('model', 'disable_monodepth'): False, ('model', 'disable_pose'): False, ('model', 'variant'): 'sel_ds_us_pad_transfer', ('data', 'restrict_to_subset', 'mode'): 'fixed', ('data', 'restrict_to_subset', 'subset'): [2403, 1150, 336, 2071, 382, 2563, 184, 1044, 2460, 1553, 1451, 641, 1233, 416, 152, 2868, 1211, 1704, 2323, 1255, 2538, 356, 2703, 914, 1110, 2531, 1981, 2894, 2430, 1234, 2729, 768, 2054, 2478, 1937, 2865, 1103, 1620, 1384, 1711, 1308, 1658, 2462, 1741, 2888, 2126, 2726, 2062, 158, 2425, 2638, 2507, 2664, 2604, 114, 2684, 259, 2897, 2445, 2470, 525, 1629, 2451, 2442, 109, 1376, 1133, 1895, 352, 735, 2912, 2265, 234, 1266, 636, 1170, 650, 2280, 1471, 359, 1682, 831, 2471, 1213, 1223, 959, 281, 2590, 2318, 274, 2621, 1390, 2322, 2529, 2298, 2651, 460, 411, 2021, 2457, 754, 2450, 1615, 2970, 2717, 2366, 851, 2536, 2301, 1614, 2176, 2892, 1507, 1960, 1112, 809, 715, 422, 485, 1459, 2637, 2611, 1294, 2065, 1361, 1570, 2329, 823, 1674, 796, 1669, 1097, 2039, 524, 758, 632, 2852, 1697, 277, 1031, 1176, 2753, 185, 1239, 2525, 630, 2654, 836, 2855, 337, 2055, 1870, 642, 2118, 279, 720, 538, 2587, 2052, 2649, 2860, 811, 956, 280, 794, 1338, 2047, 2895, 1578, 2891, 849, 616, 1275, 958, 2511, 2535, 2650, 2331, 2830, 2440, 646, 2572, 1842, 1319, 2310, 2785, 495, 1976, 1194, 2446, 2302, 1257, 694, 17, 649, 2122, 1693, 803, 2386, 1061, 2311, 1331, 736, 2037, 2059, 387, 1700, 2456, 2959, 624, 310, 2333, 230, 2924, 233, 1915, 2148, 2898, 1164, 2593, 2363, 1177, 1809, 2063, 2123, 1710, 1120, 2095, 2073, 2805, 2048, 165, 1030, 813, 631, 655, 880, 638, 610, 2705, 907, 45, 2312, 134, 1698, 2325, 2798, 672, 2486, 1147, 2861, 2527, 2685, 2098, 755, 1586, 1494, 1220, 1263, 1472, 1310, 2441, 806, 1993, 1709, 2923, 1563, 1606, 2626, 1203, 668, 2238, 2093, 2288, 1573, 1980, 2306, 1433, 1184, 1212, 353, 2020, 2886, 2005, 604, 1082, 2064, 1690, 2028, 2795, 348, 810, 1328, 904, 2215, 2652, 2560, 2672, 383, 927, 529, 399, 220, 2314, 600, 1254, 1142, 1613, 2796, 1152, 2443, 2056, 1436, 1407, 588, 578, 700, 1670, 1495, 2645, 881, 2546, 191, 1276, 219, 1218, 1982, 699, 2859, 91, 159, 2640, 1296, 2285, 2539, 335, 680, 484, 698, 1942, 2173, 2405, 1725, 1520, 1598, 1135, 2696, 1188, 1452, 439, 214, 2407, 1449, 173, 345, 690, 2300, 1125, 360, 713, 2474, 1278, 922, 2232, 452, 2197, 2731, 926, 535, 2544, 1027, 2743], ('data', 'restrict_to_subset', 'n_subset'): 372, ('training', 'optimizer', 'pose_lr'): 1e-06, ('training', 'monodepth_lambda'): 1, ('training', 'pseudo_depth_lambda'): 0.0, ('training', 'unlabeled_segmentation', 'consistency_weight'): 1.0, ('training', 'unlabeled_segmentation', 'mix_mask'): None, ('training', 'unlabeled_segmentation', 'depthmix_online_depth'): False, ('training', 'unlabeled_segmentation', 'backward_first_pseudo_label'): False, ('training', 'unlabeled_segmentation', 'color_jitter'): True, ('training', 'unlabeled_segmentation', 'blur'): True, ('training', 'unlabeled_segmentation', 'only_unlabeled'): False, ('training', 'unlabeled_segmentation', 'mix_use_gt'): False, ('training', 'unlabeled_segmentation', 'depthcomp_margin'): 0.03, ('training', 'unlabeled_segmentation', 'depthcomp_foreground_threshold'): 0, ('training', 'unlabeled_segmentation', 'debug_image'): True, ('training', 'disable_depth_estimator'): True, ('training', 'disable_depth_grad_clip'): False}
Resolved vars {('config', 'general', 'tag'): 'cityscapes_sel_ds_us_pad_transfer_D372fixed_S7_sgdLr1E-021E-031E-061E-03stepx_clip10False_m1s1_crop512x512bs2_flip_dec6_lr5_fd2_crop512x512bs4_l9i7Trueos1_Unlab1.0NoneFPLFalsejitblur', 'seed': 7, ('model', 'segmentation_name'): 'mtl_pad', ('model', 'segmentation_args', 'distillation_layer'): 7, ('model', 'segmentation_args', 'side_output'): True, ('model', 'segmentation_args', 'final_layer'): 9, ('model', 'pose_pretraining'): 'mono_cityscapes_1024x512_r101dil_aspp_dec6_lr5_fd2_crop512x512bs4', ('model', 'disable_monodepth'): False, ('model', 'disable_pose'): False, ('model', 'variant'): 'sel_ds_us_pad_transfer', ('data', 'restrict_to_subset', 'mode'): 'fixed', ('data', 'restrict_to_subset', 'subset'): [2403, 1150, 336, 2071, 382, 2563, 184, 1044, 2460, 1553, 1451, 641, 1233, 416, 152, 2868, 1211, 1704, 2323, 1255, 2538, 356, 2703, 914, 1110, 2531, 1981, 2894, 2430, 1234, 2729, 768, 2054, 2478, 1937, 2865, 1103, 1620, 1384, 1711, 1308, 1658, 2462, 1741, 2888, 2126, 2726, 2062, 158, 2425, 2638, 2507, 2664, 2604, 114, 2684, 259, 2897, 2445, 2470, 525, 1629, 2451, 2442, 109, 1376, 1133, 1895, 352, 735, 2912, 2265, 234, 1266, 636, 1170, 650, 2280, 1471, 359, 1682, 831, 2471, 1213, 1223, 959, 281, 2590, 2318, 274, 2621, 1390, 2322, 2529, 2298, 2651, 460, 411, 2021, 2457, 754, 2450, 1615, 2970, 2717, 2366, 851, 2536, 2301, 1614, 2176, 2892, 1507, 1960, 1112, 809, 715, 422, 485, 1459, 2637, 2611, 1294, 2065, 1361, 1570, 2329, 823, 1674, 796, 1669, 1097, 2039, 524, 758, 632, 2852, 1697, 277, 1031, 1176, 2753, 185, 1239, 2525, 630, 2654, 836, 2855, 337, 2055, 1870, 642, 2118, 279, 720, 538, 2587, 2052, 2649, 2860, 811, 956, 280, 794, 1338, 2047, 2895, 1578, 2891, 849, 616, 1275, 958, 2511, 2535, 2650, 2331, 2830, 2440, 646, 2572, 1842, 1319, 2310, 2785, 495, 1976, 1194, 2446, 2302, 1257, 694, 17, 649, 2122, 1693, 803, 2386, 1061, 2311, 1331, 736, 2037, 2059, 387, 1700, 2456, 2959, 624, 310, 2333, 230, 2924, 233, 1915, 2148, 2898, 1164, 2593, 2363, 1177, 1809, 2063, 2123, 1710, 1120, 2095, 2073, 2805, 2048, 165, 1030, 813, 631, 655, 880, 638, 610, 2705, 907, 45, 2312, 134, 1698, 2325, 2798, 672, 2486, 1147, 2861, 2527, 2685, 2098, 755, 1586, 1494, 1220, 1263, 1472, 1310, 2441, 806, 1993, 1709, 2923, 1563, 1606, 2626, 1203, 668, 2238, 2093, 2288, 1573, 1980, 2306, 1433, 1184, 1212, 353, 2020, 2886, 2005, 604, 1082, 2064, 1690, 2028, 2795, 348, 810, 1328, 904, 2215, 2652, 2560, 2672, 383, 927, 529, 399, 220, 2314, 600, 1254, 1142, 1613, 2796, 1152, 2443, 2056, 1436, 1407, 588, 578, 700, 1670, 1495, 2645, 881, 2546, 191, 1276, 219, 1218, 1982, 699, 2859, 91, 159, 2640, 1296, 2285, 2539, 335, 680, 484, 698, 1942, 2173, 2405, 1725, 1520, 1598, 1135, 2696, 1188, 1452, 439, 214, 2407, 1449, 173, 345, 690, 2300, 1125, 360, 713, 2474, 1278, 922, 2232, 452, 2197, 2731, 926, 535, 2544, 1027, 2743], ('data', 'restrict_to_subset', 'n_subset'): 372, ('training', 'optimizer', 'pose_lr'): 1e-06, ('training', 'monodepth_lambda'): 1, ('training', 'pseudo_depth_lambda'): 0.0, ('training', 'unlabeled_segmentation', 'consistency_weight'): 1.0, ('training', 'unlabeled_segmentation', 'mix_mask'): None, ('training', 'unlabeled_segmentation', 'depthmix_online_depth'): False, ('training', 'unlabeled_segmentation', 'backward_first_pseudo_label'): False, ('training', 'unlabeled_segmentation', 'color_jitter'): True, ('training', 'unlabeled_segmentation', 'blur'): True, ('training', 'unlabeled_segmentation', 'only_unlabeled'): False, ('training', 'unlabeled_segmentation', 'mix_use_gt'): False, ('training', 'unlabeled_segmentation', 'depthcomp_margin'): 0.03, ('training', 'unlabeled_segmentation', 'depthcomp_foreground_threshold'): 0, ('training', 'unlabeled_segmentation', 'debug_image'): True, ('training', 'disable_depth_estimator'): True, ('training', 'disable_depth_grad_clip'): False}
Resolved base cfg vars {'seed': 25, ('model', 'segmentation_name'): 'mtl_pad', ('model', 'segmentation_args', 'distillation_layer'): 7, ('model', 'segmentation_args', 'side_output'): True, ('model', 'segmentation_args', 'final_layer'): 9, ('model', 'pose_pretraining'): 'mono_cityscapes_1024x512_r101dil_aspp_dec6_lr5_fd2_crop512x512bs4', ('model', 'disable_monodepth'): False, ('model', 'disable_pose'): False, ('model', 'variant'): 'sel_ds_us_pad_transfer', ('data', 'restrict_to_subset', 'mode'): 'fixed', ('data', 'restrict_to_subset', 'subset'): [938, 1150, 336, 2071, 382, 2563, 184, 234, 1044, 2460, 831, 1704, 641, 1553, 2868, 1451, 1133, 1308, 416, 2865, 2684, 152, 2531, 2486, 1294, 2538, 2323, 1234, 768, 2377, 2054, 158, 1711, 274, 2726, 1981, 2478, 484, 2462, 2507, 2280, 1459, 2470, 2062, 1658, 2638, 2065, 1233, 114, 1257, 1103, 2425, 2529, 1211, 2445, 185, 109, 1170, 259, 2729, 525, 2302, 2894, 2897, 2888, 2912, 1376, 650, 1097, 281, 2621, 754, 1266, 2451, 2651, 1110, 1213, 636, 2311, 2298, 2785, 851, 1176, 642, 2073, 1697, 2737, 1615, 2430, 142, 2970, 1331, 1620, 1629, 1937, 1223, 2450, 464, 1773, 352, 1255, 1471, 1361, 2664, 755, 1960, 959, 809, 2039, 2301, 2442, 2611, 310, 1112, 2637, 1674, 735, 646, 359, 1031, 2318, 2363, 2322, 1980, 2366, 2855, 1682, 2604, 2892, 720, 1570, 2055, 460, 758, 2511, 2022, 2314, 2052, 2535, 1164, 823, 2098, 2457, 1390, 811, 1669, 630, 956, 736, 2717, 2860, 1275, 2536, 2590, 2020, 638, 2331, 1895, 280, 2118, 356, 2056, 277, 279, 958, 632, 2593, 2704, 680, 2525, 794, 2753, 2312, 806, 1842, 796, 337, 383, 1915, 1693, 1741, 1310, 1870, 2440, 1976, 2329, 387, 1614, 1254, 849, 2325, 1319, 1027, 1194, 2471, 610, 3, 694, 1436, 1452, 1578, 2443, 2333, 2126, 2069, 2650, 1929, 1177, 2830, 649, 2924, 1865, 1598, 1809, 1328, 2277, 17, 2037, 836, 1500, 1120, 2456, 2645, 1698, 672, 233, 2539, 668, 2063, 1030, 2310, 803, 1993, 1709, 1086, 1147, 2685, 1606, 2148, 2123, 699, 2852, 907, 1573, 1212, 1220, 524, 1554, 360, 2048, 1142, 2176, 2923, 134, 190, 813, 230, 2610, 880, 353, 2047, 2448, 529, 2898, 2959, 485, 2764, 335, 2805, 1296, 2309, 1690, 2336, 631, 904, 2238, 2654, 1586, 2446, 1563, 2306, 1239, 2663, 2886, 2407, 598, 2795, 2891, 2649, 616, 2035, 2005, 531, 1834, 1152, 1263, 923, 1332, 2077, 1198, 832, 2232, 1384, 1700, 495, 2572, 2798, 45, 810, 2796, 357, 2575, 2051, 2640, 91, 2862, 914, 2095, 870, 698, 604, 2215, 1982, 1472, 1061, 2288, 1203, 588, 1276, 1218, 2300, 1235, 721, 220, 2405, 1433, 1725, 296, 2285, 1484, 915, 1278, 2297, 2636, 412, 2676, 2424, 538, 2441, 399, 1135, 707, 2403, 704, 1494, 2859, 535, 1354, 2028, 2527, 2861, 2255, 700, 254, 1520, 20, 278, 926, 2122, 219, 1042, 1370], ('data', 'restrict_to_subset', 'n_subset'): 372, ('training', 'optimizer', 'pose_lr'): 1e-06, ('training', 'monodepth_lambda'): 1, ('training', 'pseudo_depth_lambda'): 0.0, ('training', 'unlabeled_segmentation', 'consistency_weight'): 1.0, ('training', 'unlabeled_segmentation', 'mix_mask'): None, ('training', 'unlabeled_segmentation', 'depthmix_online_depth'): False, ('training', 'unlabeled_segmentation', 'backward_first_pseudo_label'): False, ('training', 'unlabeled_segmentation', 'color_jitter'): True, ('training', 'unlabeled_segmentation', 'blur'): True, ('training', 'unlabeled_segmentation', 'only_unlabeled'): False, ('training', 'unlabeled_segmentation', 'mix_use_gt'): False, ('training', 'unlabeled_segmentation', 'depthcomp_margin'): 0.03, ('training', 'unlabeled_segmentation', 'depthcomp_foreground_threshold'): 0, ('training', 'unlabeled_segmentation', 'debug_image'): True, ('training', 'disable_depth_estimator'): True, ('training', 'disable_depth_grad_clip'): False}
Resolved vars {('config', 'general', 'tag'): 'cityscapes_sel_ds_us_pad_transfer_D372fixed_S25_sgdLr1E-021E-031E-061E-03stepx_clip10False_m1s1_crop512x512bs2_flip_dec6_lr5_fd2_crop512x512bs4_l9i7Trueos1_Unlab1.0NoneFPLFalsejitblur', 'seed': 25, ('model', 'segmentation_name'): 'mtl_pad', ('model', 'segmentation_args', 'distillation_layer'): 7, ('model', 'segmentation_args', 'side_output'): True, ('model', 'segmentation_args', 'final_layer'): 9, ('model', 'pose_pretraining'): 'mono_cityscapes_1024x512_r101dil_aspp_dec6_lr5_fd2_crop512x512bs4', ('model', 'disable_monodepth'): False, ('model', 'disable_pose'): False, ('model', 'variant'): 'sel_ds_us_pad_transfer', ('data', 'restrict_to_subset', 'mode'): 'fixed', ('data', 'restrict_to_subset', 'subset'): [938, 1150, 336, 2071, 382, 2563, 184, 234, 1044, 2460, 831, 1704, 641, 1553, 2868, 1451, 1133, 1308, 416, 2865, 2684, 152, 2531, 2486, 1294, 2538, 2323, 1234, 768, 2377, 2054, 158, 1711, 274, 2726, 1981, 2478, 484, 2462, 2507, 2280, 1459, 2470, 2062, 1658, 2638, 2065, 1233, 114, 1257, 1103, 2425, 2529, 1211, 2445, 185, 109, 1170, 259, 2729, 525, 2302, 2894, 2897, 2888, 2912, 1376, 650, 1097, 281, 2621, 754, 1266, 2451, 2651, 1110, 1213, 636, 2311, 2298, 2785, 851, 1176, 642, 2073, 1697, 2737, 1615, 2430, 142, 2970, 1331, 1620, 1629, 1937, 1223, 2450, 464, 1773, 352, 1255, 1471, 1361, 2664, 755, 1960, 959, 809, 2039, 2301, 2442, 2611, 310, 1112, 2637, 1674, 735, 646, 359, 1031, 2318, 2363, 2322, 1980, 2366, 2855, 1682, 2604, 2892, 720, 1570, 2055, 460, 758, 2511, 2022, 2314, 2052, 2535, 1164, 823, 2098, 2457, 1390, 811, 1669, 630, 956, 736, 2717, 2860, 1275, 2536, 2590, 2020, 638, 2331, 1895, 280, 2118, 356, 2056, 277, 279, 958, 632, 2593, 2704, 680, 2525, 794, 2753, 2312, 806, 1842, 796, 337, 383, 1915, 1693, 1741, 1310, 1870, 2440, 1976, 2329, 387, 1614, 1254, 849, 2325, 1319, 1027, 1194, 2471, 610, 3, 694, 1436, 1452, 1578, 2443, 2333, 2126, 2069, 2650, 1929, 1177, 2830, 649, 2924, 1865, 1598, 1809, 1328, 2277, 17, 2037, 836, 1500, 1120, 2456, 2645, 1698, 672, 233, 2539, 668, 2063, 1030, 2310, 803, 1993, 1709, 1086, 1147, 2685, 1606, 2148, 2123, 699, 2852, 907, 1573, 1212, 1220, 524, 1554, 360, 2048, 1142, 2176, 2923, 134, 190, 813, 230, 2610, 880, 353, 2047, 2448, 529, 2898, 2959, 485, 2764, 335, 2805, 1296, 2309, 1690, 2336, 631, 904, 2238, 2654, 1586, 2446, 1563, 2306, 1239, 2663, 2886, 2407, 598, 2795, 2891, 2649, 616, 2035, 2005, 531, 1834, 1152, 1263, 923, 1332, 2077, 1198, 832, 2232, 1384, 1700, 495, 2572, 2798, 45, 810, 2796, 357, 2575, 2051, 2640, 91, 2862, 914, 2095, 870, 698, 604, 2215, 1982, 1472, 1061, 2288, 1203, 588, 1276, 1218, 2300, 1235, 721, 220, 2405, 1433, 1725, 296, 2285, 1484, 915, 1278, 2297, 2636, 412, 2676, 2424, 538, 2441, 399, 1135, 707, 2403, 704, 1494, 2859, 535, 1354, 2028, 2527, 2861, 2255, 700, 254, 1520, 20, 278, 926, 2122, 219, 1042, 1370], ('data', 'restrict_to_subset', 'n_subset'): 372, ('training', 'optimizer', 'pose_lr'): 1e-06, ('training', 'monodepth_lambda'): 1, ('training', 'pseudo_depth_lambda'): 0.0, ('training', 'unlabeled_segmentation', 'consistency_weight'): 1.0, ('training', 'unlabeled_segmentation', 'mix_mask'): None, ('training', 'unlabeled_segmentation', 'depthmix_online_depth'): False, ('training', 'unlabeled_segmentation', 'backward_first_pseudo_label'): False, ('training', 'unlabeled_segmentation', 'color_jitter'): True, ('training', 'unlabeled_segmentation', 'blur'): True, ('training', 'unlabeled_segmentation', 'only_unlabeled'): False, ('training', 'unlabeled_segmentation', 'mix_use_gt'): False, ('training', 'unlabeled_segmentation', 'depthcomp_margin'): 0.03, ('training', 'unlabeled_segmentation', 'depthcomp_foreground_threshold'): 0, ('training', 'unlabeled_segmentation', 'debug_image'): True, ('training', 'disable_depth_estimator'): True, ('training', 'disable_depth_grad_clip'): False}
Resolved base cfg vars {'seed': 42, ('model', 'segmentation_name'): 'mtl_pad', ('model', 'segmentation_args', 'distillation_layer'): 7, ('model', 'segmentation_args', 'side_output'): True, ('model', 'segmentation_args', 'final_layer'): 9, ('model', 'pose_pretraining'): 'mono_cityscapes_1024x512_r101dil_aspp_dec6_lr5_fd2_crop512x512bs4', ('model', 'disable_monodepth'): False, ('model', 'disable_pose'): False, ('model', 'variant'): 'sel_ds_us_pad_transfer', ('data', 'restrict_to_subset', 'mode'): 'fixed', ('data', 'restrict_to_subset', 'subset'): [1436, 1150, 336, 2071, 382, 2563, 184, 1044, 2460, 831, 1704, 2868, 1133, 641, 416, 1553, 152, 234, 2684, 281, 114, 959, 1376, 914, 2471, 2729, 2538, 2478, 2323, 2054, 1711, 2430, 2894, 1620, 2462, 768, 158, 1308, 754, 2726, 2865, 2912, 1773, 2507, 109, 1981, 2531, 650, 484, 2062, 1234, 2425, 1233, 1103, 1211, 1459, 2451, 851, 2604, 2621, 2280, 1658, 2443, 2470, 1213, 259, 2529, 1294, 525, 1266, 274, 1615, 1170, 735, 1361, 352, 2312, 2318, 2651, 460, 2970, 2717, 2021, 2855, 2322, 2298, 2888, 1223, 715, 1097, 1669, 2442, 632, 1629, 1451, 2737, 2363, 1980, 1112, 464, 755, 1255, 2301, 2065, 2450, 1895, 1614, 642, 636, 630, 809, 1471, 2637, 1390, 1937, 2039, 2166, 2366, 2638, 1239, 2511, 1110, 2897, 359, 1674, 1031, 220, 2611, 2664, 2753, 2536, 2048, 2052, 2311, 2407, 721, 2055, 2892, 2860, 422, 1176, 956, 1697, 185, 1164, 2457, 2333, 1682, 2859, 190, 279, 337, 2852, 1976, 335, 849, 1578, 1698, 811, 736, 2093, 2649, 2445, 958, 680, 2704, 1257, 2593, 280, 2486, 1275, 2440, 356, 1693, 524, 1086, 2056, 758, 2331, 638, 17, 2650, 3, 1331, 1842, 604, 2073, 387, 2037, 1027, 495, 2535, 2830, 2924, 803, 646, 2456, 649, 2590, 1563, 2329, 1741, 2126, 1194, 61, 230, 1147, 2215, 1500, 794, 1212, 1809, 2785, 1598, 1606, 233, 1142, 310, 429, 277, 1915, 1177, 2118, 1554, 813, 2539, 2047, 45, 880, 134, 1573, 1263, 2148, 1319, 1328, 2310, 2232, 616, 2645, 2286, 1276, 922, 353, 2923, 1690, 1030, 836, 1120, 538, 796, 1310, 699, 823, 2176, 2891, 2959, 2035, 412, 2795, 1472, 672, 2285, 2805, 2898, 907, 2122, 923, 631, 2610, 2277, 2626, 2325, 1220, 2306, 1709, 2685, 2663, 2796, 2123, 1384, 91, 2446, 810, 2861, 2575, 399, 311, 2525, 1870, 1218, 1586, 1269, 588, 2238, 529, 2441, 700, 2730, 2005, 2098, 2020, 1082, 1750, 2654, 2939, 1725, 1125, 1254, 485, 870, 2095, 1198, 881, 2302, 927, 713, 1135, 2300, 2028, 720, 383, 2640, 2405, 219, 1495, 1235, 2314, 1278, 1942, 1152, 1332, 698, 1700, 760, 360, 2527, 694, 832, 278, 2131, 1865, 1982, 1452, 1370, 2572, 806, 1210, 2606, 904, 2711, 886, 142, 1710, 2291, 2636, 2392, 1613, 2377, 2544, 534, 2802, 578, 2743, 1494, 1449, 1203, 2699, 1609, 2676, 1520, 610, 798], ('data', 'restrict_to_subset', 'n_subset'): 372, ('training', 'optimizer', 'pose_lr'): 1e-06, ('training', 'monodepth_lambda'): 1, ('training', 'pseudo_depth_lambda'): 0.0, ('training', 'unlabeled_segmentation', 'consistency_weight'): 1.0, ('training', 'unlabeled_segmentation', 'mix_mask'): None, ('training', 'unlabeled_segmentation', 'depthmix_online_depth'): False, ('training', 'unlabeled_segmentation', 'backward_first_pseudo_label'): False, ('training', 'unlabeled_segmentation', 'color_jitter'): True, ('training', 'unlabeled_segmentation', 'blur'): True, ('training', 'unlabeled_segmentation', 'only_unlabeled'): False, ('training', 'unlabeled_segmentation', 'mix_use_gt'): False, ('training', 'unlabeled_segmentation', 'depthcomp_margin'): 0.03, ('training', 'unlabeled_segmentation', 'depthcomp_foreground_threshold'): 0, ('training', 'unlabeled_segmentation', 'debug_image'): True, ('training', 'disable_depth_estimator'): True, ('training', 'disable_depth_grad_clip'): False}
Resolved vars {('config', 'general', 'tag'): 'cityscapes_sel_ds_us_pad_transfer_D372fixed_S42_sgdLr1E-021E-031E-061E-03stepx_clip10False_m1s1_crop512x512bs2_flip_dec6_lr5_fd2_crop512x512bs4_l9i7Trueos1_Unlab1.0NoneFPLFalsejitblur', 'seed': 42, ('model', 'segmentation_name'): 'mtl_pad', ('model', 'segmentation_args', 'distillation_layer'): 7, ('model', 'segmentation_args', 'side_output'): True, ('model', 'segmentation_args', 'final_layer'): 9, ('model', 'pose_pretraining'): 'mono_cityscapes_1024x512_r101dil_aspp_dec6_lr5_fd2_crop512x512bs4', ('model', 'disable_monodepth'): False, ('model', 'disable_pose'): False, ('model', 'variant'): 'sel_ds_us_pad_transfer', ('data', 'restrict_to_subset', 'mode'): 'fixed', ('data', 'restrict_to_subset', 'subset'): [1436, 1150, 336, 2071, 382, 2563, 184, 1044, 2460, 831, 1704, 2868, 1133, 641, 416, 1553, 152, 234, 2684, 281, 114, 959, 1376, 914, 2471, 2729, 2538, 2478, 2323, 2054, 1711, 2430, 2894, 1620, 2462, 768, 158, 1308, 754, 2726, 2865, 2912, 1773, 2507, 109, 1981, 2531, 650, 484, 2062, 1234, 2425, 1233, 1103, 1211, 1459, 2451, 851, 2604, 2621, 2280, 1658, 2443, 2470, 1213, 259, 2529, 1294, 525, 1266, 274, 1615, 1170, 735, 1361, 352, 2312, 2318, 2651, 460, 2970, 2717, 2021, 2855, 2322, 2298, 2888, 1223, 715, 1097, 1669, 2442, 632, 1629, 1451, 2737, 2363, 1980, 1112, 464, 755, 1255, 2301, 2065, 2450, 1895, 1614, 642, 636, 630, 809, 1471, 2637, 1390, 1937, 2039, 2166, 2366, 2638, 1239, 2511, 1110, 2897, 359, 1674, 1031, 220, 2611, 2664, 2753, 2536, 2048, 2052, 2311, 2407, 721, 2055, 2892, 2860, 422, 1176, 956, 1697, 185, 1164, 2457, 2333, 1682, 2859, 190, 279, 337, 2852, 1976, 335, 849, 1578, 1698, 811, 736, 2093, 2649, 2445, 958, 680, 2704, 1257, 2593, 280, 2486, 1275, 2440, 356, 1693, 524, 1086, 2056, 758, 2331, 638, 17, 2650, 3, 1331, 1842, 604, 2073, 387, 2037, 1027, 495, 2535, 2830, 2924, 803, 646, 2456, 649, 2590, 1563, 2329, 1741, 2126, 1194, 61, 230, 1147, 2215, 1500, 794, 1212, 1809, 2785, 1598, 1606, 233, 1142, 310, 429, 277, 1915, 1177, 2118, 1554, 813, 2539, 2047, 45, 880, 134, 1573, 1263, 2148, 1319, 1328, 2310, 2232, 616, 2645, 2286, 1276, 922, 353, 2923, 1690, 1030, 836, 1120, 538, 796, 1310, 699, 823, 2176, 2891, 2959, 2035, 412, 2795, 1472, 672, 2285, 2805, 2898, 907, 2122, 923, 631, 2610, 2277, 2626, 2325, 1220, 2306, 1709, 2685, 2663, 2796, 2123, 1384, 91, 2446, 810, 2861, 2575, 399, 311, 2525, 1870, 1218, 1586, 1269, 588, 2238, 529, 2441, 700, 2730, 2005, 2098, 2020, 1082, 1750, 2654, 2939, 1725, 1125, 1254, 485, 870, 2095, 1198, 881, 2302, 927, 713, 1135, 2300, 2028, 720, 383, 2640, 2405, 219, 1495, 1235, 2314, 1278, 1942, 1152, 1332, 698, 1700, 760, 360, 2527, 694, 832, 278, 2131, 1865, 1982, 1452, 1370, 2572, 806, 1210, 2606, 904, 2711, 886, 142, 1710, 2291, 2636, 2392, 1613, 2377, 2544, 534, 2802, 578, 2743, 1494, 1449, 1203, 2699, 1609, 2676, 1520, 610, 798], ('data', 'restrict_to_subset', 'n_subset'): 372, ('training', 'optimizer', 'pose_lr'): 1e-06, ('training', 'monodepth_lambda'): 1, ('training', 'pseudo_depth_lambda'): 0.0, ('training', 'unlabeled_segmentation', 'consistency_weight'): 1.0, ('training', 'unlabeled_segmentation', 'mix_mask'): None, ('training', 'unlabeled_segmentation', 'depthmix_online_depth'): False, ('training', 'unlabeled_segmentation', 'backward_first_pseudo_label'): False, ('training', 'unlabeled_segmentation', 'color_jitter'): True, ('training', 'unlabeled_segmentation', 'blur'): True, ('training', 'unlabeled_segmentation', 'only_unlabeled'): False, ('training', 'unlabeled_segmentation', 'mix_use_gt'): False, ('training', 'unlabeled_segmentation', 'depthcomp_margin'): 0.03, ('training', 'unlabeled_segmentation', 'depthcomp_foreground_threshold'): 0, ('training', 'unlabeled_segmentation', 'debug_image'): True, ('training', 'disable_depth_estimator'): True, ('training', 'disable_depth_grad_clip'): False}
Resolved base cfg vars {'seed': 7, ('model', 'segmentation_name'): 'joint_seg_depth_dec', ('model', 'segmentation_args', 'layers'): [9], ('model', 'segmentation_args', 'head_inter_channels'): 64, ('model', 'segmentation_args', 'layer_out_channels'): 64, ('model', 'segmentation_args', 'head_dropout'): 0.1, ('model', 'segmentation_args', 'layer_dropout'): 0, ('model', 'segmentation_args', 'head_inter'): False, ('model', 'pose_pretraining'): 'mono_cityscapes_1024x512_r101dil_aspp_dec6_lr5_fd2_crop512x512bs4', ('model', 'disable_monodepth'): False, ('model', 'disable_pose'): False, ('model', 'variant'): 'sel_ds_us_transfer_dcompgt0030', ('data', 'restrict_to_subset', 'mode'): 'fixed', ('data', 'restrict_to_subset', 'subset'): [2403, 1150, 336, 2071, 382, 2563, 184, 1044, 2460, 1553, 1451, 641, 1233, 416, 152, 2868, 1211, 1704, 2323, 1255, 2538, 356, 2703, 914, 1110, 2531, 1981, 2894, 2430, 1234, 2729, 768, 2054, 2478, 1937, 2865, 1103, 1620, 1384, 1711, 1308, 1658, 2462, 1741, 2888, 2126, 2726, 2062, 158, 2425, 2638, 2507, 2664, 2604, 114, 2684, 259, 2897, 2445, 2470, 525, 1629, 2451, 2442, 109, 1376, 1133, 1895, 352, 735, 2912, 2265, 234, 1266, 636, 1170, 650, 2280, 1471, 359, 1682, 831, 2471, 1213, 1223, 959, 281, 2590, 2318, 274, 2621, 1390, 2322, 2529, 2298, 2651, 460, 411, 2021, 2457, 754, 2450, 1615, 2970, 2717, 2366, 851, 2536, 2301, 1614, 2176, 2892, 1507, 1960, 1112, 809, 715, 422, 485, 1459, 2637, 2611, 1294, 2065, 1361, 1570, 2329, 823, 1674, 796, 1669, 1097, 2039, 524, 758, 632, 2852, 1697, 277, 1031, 1176, 2753, 185, 1239, 2525, 630, 2654, 836, 2855, 337, 2055, 1870, 642, 2118, 279, 720, 538, 2587, 2052, 2649, 2860, 811, 956, 280, 794, 1338, 2047, 2895, 1578, 2891, 849, 616, 1275, 958, 2511, 2535, 2650, 2331, 2830, 2440, 646, 2572, 1842, 1319, 2310, 2785, 495, 1976, 1194, 2446, 2302, 1257, 694, 17, 649, 2122, 1693, 803, 2386, 1061, 2311, 1331, 736, 2037, 2059, 387, 1700, 2456, 2959, 624, 310, 2333, 230, 2924, 233, 1915, 2148, 2898, 1164, 2593, 2363, 1177, 1809, 2063, 2123, 1710, 1120, 2095, 2073, 2805, 2048, 165, 1030, 813, 631, 655, 880, 638, 610, 2705, 907, 45, 2312, 134, 1698, 2325, 2798, 672, 2486, 1147, 2861, 2527, 2685, 2098, 755, 1586, 1494, 1220, 1263, 1472, 1310, 2441, 806, 1993, 1709, 2923, 1563, 1606, 2626, 1203, 668, 2238, 2093, 2288, 1573, 1980, 2306, 1433, 1184, 1212, 353, 2020, 2886, 2005, 604, 1082, 2064, 1690, 2028, 2795, 348, 810, 1328, 904, 2215, 2652, 2560, 2672, 383, 927, 529, 399, 220, 2314, 600, 1254, 1142, 1613, 2796, 1152, 2443, 2056, 1436, 1407, 588, 578, 700, 1670, 1495, 2645, 881, 2546, 191, 1276, 219, 1218, 1982, 699, 2859, 91, 159, 2640, 1296, 2285, 2539, 335, 680, 484, 698, 1942, 2173, 2405, 1725, 1520, 1598, 1135, 2696, 1188, 1452, 439, 214, 2407, 1449, 173, 345, 690, 2300, 1125, 360, 713, 2474, 1278, 922, 2232, 452, 2197, 2731, 926, 535, 2544, 1027, 2743], ('data', 'restrict_to_subset', 'n_subset'): 372, ('training', 'monodepth_lambda'): 1, ('training', 'pseudo_depth_lambda'): 1, ('training', 'unlabeled_segmentation', 'consistency_weight'): 1.0, ('training', 'unlabeled_segmentation', 'mix_mask'): 'depthcomp', ('training', 'unlabeled_segmentation', 'color_jitter'): True, ('training', 'unlabeled_segmentation', 'blur'): True, ('training', 'unlabeled_segmentation', 'only_unlabeled'): False, ('training', 'unlabeled_segmentation', 'only_labeled'): False, ('training', 'unlabeled_segmentation', 'mix_video'): False, ('training', 'unlabeled_segmentation', 'mix_use_gt'): True, ('training', 'unlabeled_segmentation', 'depthcomp_margin'): 0.03, ('training', 'unlabeled_segmentation', 'depthcomp_foreground_threshold'): 0, ('training', 'unlabeled_segmentation', 'backward_first_pseudo_label'): False, ('training', 'unlabeled_segmentation', 'debug_image'): True, ('training', 'unlabeled_segmentation', 'depthmix_online_depth'): True}
Resolved vars {('config', 'general', 'tag'): 'cityscapes_sel_ds_us_transfer_dcompgt0030_D372fixed_S7_sgdLr0.010.001stepx_clip10_crop512x512bs2_flip_r101_dec6_lr5_fd2_crop512x512bs4_l9os1_Unlab1.0depthcompjitblur', 'seed': 7, ('model', 'segmentation_name'): 'joint_seg_depth_dec', ('model', 'segmentation_args', 'layers'): [9], ('model', 'segmentation_args', 'head_inter_channels'): 64, ('model', 'segmentation_args', 'layer_out_channels'): 64, ('model', 'segmentation_args', 'head_dropout'): 0.1, ('model', 'segmentation_args', 'layer_dropout'): 0, ('model', 'segmentation_args', 'head_inter'): False, ('model', 'pose_pretraining'): 'mono_cityscapes_1024x512_r101dil_aspp_dec6_lr5_fd2_crop512x512bs4', ('model', 'disable_monodepth'): False, ('model', 'disable_pose'): False, ('model', 'variant'): 'sel_ds_us_transfer_dcompgt0030', ('data', 'restrict_to_subset', 'mode'): 'fixed', ('data', 'restrict_to_subset', 'subset'): [2403, 1150, 336, 2071, 382, 2563, 184, 1044, 2460, 1553, 1451, 641, 1233, 416, 152, 2868, 1211, 1704, 2323, 1255, 2538, 356, 2703, 914, 1110, 2531, 1981, 2894, 2430, 1234, 2729, 768, 2054, 2478, 1937, 2865, 1103, 1620, 1384, 1711, 1308, 1658, 2462, 1741, 2888, 2126, 2726, 2062, 158, 2425, 2638, 2507, 2664, 2604, 114, 2684, 259, 2897, 2445, 2470, 525, 1629, 2451, 2442, 109, 1376, 1133, 1895, 352, 735, 2912, 2265, 234, 1266, 636, 1170, 650, 2280, 1471, 359, 1682, 831, 2471, 1213, 1223, 959, 281, 2590, 2318, 274, 2621, 1390, 2322, 2529, 2298, 2651, 460, 411, 2021, 2457, 754, 2450, 1615, 2970, 2717, 2366, 851, 2536, 2301, 1614, 2176, 2892, 1507, 1960, 1112, 809, 715, 422, 485, 1459, 2637, 2611, 1294, 2065, 1361, 1570, 2329, 823, 1674, 796, 1669, 1097, 2039, 524, 758, 632, 2852, 1697, 277, 1031, 1176, 2753, 185, 1239, 2525, 630, 2654, 836, 2855, 337, 2055, 1870, 642, 2118, 279, 720, 538, 2587, 2052, 2649, 2860, 811, 956, 280, 794, 1338, 2047, 2895, 1578, 2891, 849, 616, 1275, 958, 2511, 2535, 2650, 2331, 2830, 2440, 646, 2572, 1842, 1319, 2310, 2785, 495, 1976, 1194, 2446, 2302, 1257, 694, 17, 649, 2122, 1693, 803, 2386, 1061, 2311, 1331, 736, 2037, 2059, 387, 1700, 2456, 2959, 624, 310, 2333, 230, 2924, 233, 1915, 2148, 2898, 1164, 2593, 2363, 1177, 1809, 2063, 2123, 1710, 1120, 2095, 2073, 2805, 2048, 165, 1030, 813, 631, 655, 880, 638, 610, 2705, 907, 45, 2312, 134, 1698, 2325, 2798, 672, 2486, 1147, 2861, 2527, 2685, 2098, 755, 1586, 1494, 1220, 1263, 1472, 1310, 2441, 806, 1993, 1709, 2923, 1563, 1606, 2626, 1203, 668, 2238, 2093, 2288, 1573, 1980, 2306, 1433, 1184, 1212, 353, 2020, 2886, 2005, 604, 1082, 2064, 1690, 2028, 2795, 348, 810, 1328, 904, 2215, 2652, 2560, 2672, 383, 927, 529, 399, 220, 2314, 600, 1254, 1142, 1613, 2796, 1152, 2443, 2056, 1436, 1407, 588, 578, 700, 1670, 1495, 2645, 881, 2546, 191, 1276, 219, 1218, 1982, 699, 2859, 91, 159, 2640, 1296, 2285, 2539, 335, 680, 484, 698, 1942, 2173, 2405, 1725, 1520, 1598, 1135, 2696, 1188, 1452, 439, 214, 2407, 1449, 173, 345, 690, 2300, 1125, 360, 713, 2474, 1278, 922, 2232, 452, 2197, 2731, 926, 535, 2544, 1027, 2743], ('data', 'restrict_to_subset', 'n_subset'): 372, ('training', 'monodepth_lambda'): 1, ('training', 'pseudo_depth_lambda'): 1, ('training', 'unlabeled_segmentation', 'consistency_weight'): 1.0, ('training', 'unlabeled_segmentation', 'mix_mask'): 'depthcomp', ('training', 'unlabeled_segmentation', 'color_jitter'): True, ('training', 'unlabeled_segmentation', 'blur'): True, ('training', 'unlabeled_segmentation', 'only_unlabeled'): False, ('training', 'unlabeled_segmentation', 'only_labeled'): False, ('training', 'unlabeled_segmentation', 'mix_video'): False, ('training', 'unlabeled_segmentation', 'mix_use_gt'): True, ('training', 'unlabeled_segmentation', 'depthcomp_margin'): 0.03, ('training', 'unlabeled_segmentation', 'depthcomp_foreground_threshold'): 0, ('training', 'unlabeled_segmentation', 'backward_first_pseudo_label'): False, ('training', 'unlabeled_segmentation', 'debug_image'): True, ('training', 'unlabeled_segmentation', 'depthmix_online_depth'): True}
Resolved base cfg vars {'seed': 25, ('model', 'segmentation_name'): 'joint_seg_depth_dec', ('model', 'segmentation_args', 'layers'): [9], ('model', 'segmentation_args', 'head_inter_channels'): 64, ('model', 'segmentation_args', 'layer_out_channels'): 64, ('model', 'segmentation_args', 'head_dropout'): 0.1, ('model', 'segmentation_args', 'layer_dropout'): 0, ('model', 'segmentation_args', 'head_inter'): False, ('model', 'pose_pretraining'): 'mono_cityscapes_1024x512_r101dil_aspp_dec6_lr5_fd2_crop512x512bs4', ('model', 'disable_monodepth'): False, ('model', 'disable_pose'): False, ('model', 'variant'): 'sel_ds_us_transfer_dcompgt0030', ('data', 'restrict_to_subset', 'mode'): 'fixed', ('data', 'restrict_to_subset', 'subset'): [938, 1150, 336, 2071, 382, 2563, 184, 234, 1044, 2460, 831, 1704, 641, 1553, 2868, 1451, 1133, 1308, 416, 2865, 2684, 152, 2531, 2486, 1294, 2538, 2323, 1234, 768, 2377, 2054, 158, 1711, 274, 2726, 1981, 2478, 484, 2462, 2507, 2280, 1459, 2470, 2062, 1658, 2638, 2065, 1233, 114, 1257, 1103, 2425, 2529, 1211, 2445, 185, 109, 1170, 259, 2729, 525, 2302, 2894, 2897, 2888, 2912, 1376, 650, 1097, 281, 2621, 754, 1266, 2451, 2651, 1110, 1213, 636, 2311, 2298, 2785, 851, 1176, 642, 2073, 1697, 2737, 1615, 2430, 142, 2970, 1331, 1620, 1629, 1937, 1223, 2450, 464, 1773, 352, 1255, 1471, 1361, 2664, 755, 1960, 959, 809, 2039, 2301, 2442, 2611, 310, 1112, 2637, 1674, 735, 646, 359, 1031, 2318, 2363, 2322, 1980, 2366, 2855, 1682, 2604, 2892, 720, 1570, 2055, 460, 758, 2511, 2022, 2314, 2052, 2535, 1164, 823, 2098, 2457, 1390, 811, 1669, 630, 956, 736, 2717, 2860, 1275, 2536, 2590, 2020, 638, 2331, 1895, 280, 2118, 356, 2056, 277, 279, 958, 632, 2593, 2704, 680, 2525, 794, 2753, 2312, 806, 1842, 796, 337, 383, 1915, 1693, 1741, 1310, 1870, 2440, 1976, 2329, 387, 1614, 1254, 849, 2325, 1319, 1027, 1194, 2471, 610, 3, 694, 1436, 1452, 1578, 2443, 2333, 2126, 2069, 2650, 1929, 1177, 2830, 649, 2924, 1865, 1598, 1809, 1328, 2277, 17, 2037, 836, 1500, 1120, 2456, 2645, 1698, 672, 233, 2539, 668, 2063, 1030, 2310, 803, 1993, 1709, 1086, 1147, 2685, 1606, 2148, 2123, 699, 2852, 907, 1573, 1212, 1220, 524, 1554, 360, 2048, 1142, 2176, 2923, 134, 190, 813, 230, 2610, 880, 353, 2047, 2448, 529, 2898, 2959, 485, 2764, 335, 2805, 1296, 2309, 1690, 2336, 631, 904, 2238, 2654, 1586, 2446, 1563, 2306, 1239, 2663, 2886, 2407, 598, 2795, 2891, 2649, 616, 2035, 2005, 531, 1834, 1152, 1263, 923, 1332, 2077, 1198, 832, 2232, 1384, 1700, 495, 2572, 2798, 45, 810, 2796, 357, 2575, 2051, 2640, 91, 2862, 914, 2095, 870, 698, 604, 2215, 1982, 1472, 1061, 2288, 1203, 588, 1276, 1218, 2300, 1235, 721, 220, 2405, 1433, 1725, 296, 2285, 1484, 915, 1278, 2297, 2636, 412, 2676, 2424, 538, 2441, 399, 1135, 707, 2403, 704, 1494, 2859, 535, 1354, 2028, 2527, 2861, 2255, 700, 254, 1520, 20, 278, 926, 2122, 219, 1042, 1370], ('data', 'restrict_to_subset', 'n_subset'): 372, ('training', 'monodepth_lambda'): 1, ('training', 'pseudo_depth_lambda'): 1, ('training', 'unlabeled_segmentation', 'consistency_weight'): 1.0, ('training', 'unlabeled_segmentation', 'mix_mask'): 'depthcomp', ('training', 'unlabeled_segmentation', 'color_jitter'): True, ('training', 'unlabeled_segmentation', 'blur'): True, ('training', 'unlabeled_segmentation', 'only_unlabeled'): False, ('training', 'unlabeled_segmentation', 'only_labeled'): False, ('training', 'unlabeled_segmentation', 'mix_video'): False, ('training', 'unlabeled_segmentation', 'mix_use_gt'): True, ('training', 'unlabeled_segmentation', 'depthcomp_margin'): 0.03, ('training', 'unlabeled_segmentation', 'depthcomp_foreground_threshold'): 0, ('training', 'unlabeled_segmentation', 'backward_first_pseudo_label'): False, ('training', 'unlabeled_segmentation', 'debug_image'): True, ('training', 'unlabeled_segmentation', 'depthmix_online_depth'): True}
Resolved vars {('config', 'general', 'tag'): 'cityscapes_sel_ds_us_transfer_dcompgt0030_D372fixed_S25_sgdLr0.010.001stepx_clip10_crop512x512bs2_flip_r101_dec6_lr5_fd2_crop512x512bs4_l9os1_Unlab1.0depthcompjitblur', 'seed': 25, ('model', 'segmentation_name'): 'joint_seg_depth_dec', ('model', 'segmentation_args', 'layers'): [9], ('model', 'segmentation_args', 'head_inter_channels'): 64, ('model', 'segmentation_args', 'layer_out_channels'): 64, ('model', 'segmentation_args', 'head_dropout'): 0.1, ('model', 'segmentation_args', 'layer_dropout'): 0, ('model', 'segmentation_args', 'head_inter'): False, ('model', 'pose_pretraining'): 'mono_cityscapes_1024x512_r101dil_aspp_dec6_lr5_fd2_crop512x512bs4', ('model', 'disable_monodepth'): False, ('model', 'disable_pose'): False, ('model', 'variant'): 'sel_ds_us_transfer_dcompgt0030', ('data', 'restrict_to_subset', 'mode'): 'fixed', ('data', 'restrict_to_subset', 'subset'): [938, 1150, 336, 2071, 382, 2563, 184, 234, 1044, 2460, 831, 1704, 641, 1553, 2868, 1451, 1133, 1308, 416, 2865, 2684, 152, 2531, 2486, 1294, 2538, 2323, 1234, 768, 2377, 2054, 158, 1711, 274, 2726, 1981, 2478, 484, 2462, 2507, 2280, 1459, 2470, 2062, 1658, 2638, 2065, 1233, 114, 1257, 1103, 2425, 2529, 1211, 2445, 185, 109, 1170, 259, 2729, 525, 2302, 2894, 2897, 2888, 2912, 1376, 650, 1097, 281, 2621, 754, 1266, 2451, 2651, 1110, 1213, 636, 2311, 2298, 2785, 851, 1176, 642, 2073, 1697, 2737, 1615, 2430, 142, 2970, 1331, 1620, 1629, 1937, 1223, 2450, 464, 1773, 352, 1255, 1471, 1361, 2664, 755, 1960, 959, 809, 2039, 2301, 2442, 2611, 310, 1112, 2637, 1674, 735, 646, 359, 1031, 2318, 2363, 2322, 1980, 2366, 2855, 1682, 2604, 2892, 720, 1570, 2055, 460, 758, 2511, 2022, 2314, 2052, 2535, 1164, 823, 2098, 2457, 1390, 811, 1669, 630, 956, 736, 2717, 2860, 1275, 2536, 2590, 2020, 638, 2331, 1895, 280, 2118, 356, 2056, 277, 279, 958, 632, 2593, 2704, 680, 2525, 794, 2753, 2312, 806, 1842, 796, 337, 383, 1915, 1693, 1741, 1310, 1870, 2440, 1976, 2329, 387, 1614, 1254, 849, 2325, 1319, 1027, 1194, 2471, 610, 3, 694, 1436, 1452, 1578, 2443, 2333, 2126, 2069, 2650, 1929, 1177, 2830, 649, 2924, 1865, 1598, 1809, 1328, 2277, 17, 2037, 836, 1500, 1120, 2456, 2645, 1698, 672, 233, 2539, 668, 2063, 1030, 2310, 803, 1993, 1709, 1086, 1147, 2685, 1606, 2148, 2123, 699, 2852, 907, 1573, 1212, 1220, 524, 1554, 360, 2048, 1142, 2176, 2923, 134, 190, 813, 230, 2610, 880, 353, 2047, 2448, 529, 2898, 2959, 485, 2764, 335, 2805, 1296, 2309, 1690, 2336, 631, 904, 2238, 2654, 1586, 2446, 1563, 2306, 1239, 2663, 2886, 2407, 598, 2795, 2891, 2649, 616, 2035, 2005, 531, 1834, 1152, 1263, 923, 1332, 2077, 1198, 832, 2232, 1384, 1700, 495, 2572, 2798, 45, 810, 2796, 357, 2575, 2051, 2640, 91, 2862, 914, 2095, 870, 698, 604, 2215, 1982, 1472, 1061, 2288, 1203, 588, 1276, 1218, 2300, 1235, 721, 220, 2405, 1433, 1725, 296, 2285, 1484, 915, 1278, 2297, 2636, 412, 2676, 2424, 538, 2441, 399, 1135, 707, 2403, 704, 1494, 2859, 535, 1354, 2028, 2527, 2861, 2255, 700, 254, 1520, 20, 278, 926, 2122, 219, 1042, 1370], ('data', 'restrict_to_subset', 'n_subset'): 372, ('training', 'monodepth_lambda'): 1, ('training', 'pseudo_depth_lambda'): 1, ('training', 'unlabeled_segmentation', 'consistency_weight'): 1.0, ('training', 'unlabeled_segmentation', 'mix_mask'): 'depthcomp', ('training', 'unlabeled_segmentation', 'color_jitter'): True, ('training', 'unlabeled_segmentation', 'blur'): True, ('training', 'unlabeled_segmentation', 'only_unlabeled'): False, ('training', 'unlabeled_segmentation', 'only_labeled'): False, ('training', 'unlabeled_segmentation', 'mix_video'): False, ('training', 'unlabeled_segmentation', 'mix_use_gt'): True, ('training', 'unlabeled_segmentation', 'depthcomp_margin'): 0.03, ('training', 'unlabeled_segmentation', 'depthcomp_foreground_threshold'): 0, ('training', 'unlabeled_segmentation', 'backward_first_pseudo_label'): False, ('training', 'unlabeled_segmentation', 'debug_image'): True, ('training', 'unlabeled_segmentation', 'depthmix_online_depth'): True}
Resolved base cfg vars {'seed': 42, ('model', 'segmentation_name'): 'joint_seg_depth_dec', ('model', 'segmentation_args', 'layers'): [9], ('model', 'segmentation_args', 'head_inter_channels'): 64, ('model', 'segmentation_args', 'layer_out_channels'): 64, ('model', 'segmentation_args', 'head_dropout'): 0.1, ('model', 'segmentation_args', 'layer_dropout'): 0, ('model', 'segmentation_args', 'head_inter'): False, ('model', 'pose_pretraining'): 'mono_cityscapes_1024x512_r101dil_aspp_dec6_lr5_fd2_crop512x512bs4', ('model', 'disable_monodepth'): False, ('model', 'disable_pose'): False, ('model', 'variant'): 'sel_ds_us_transfer_dcompgt0030', ('data', 'restrict_to_subset', 'mode'): 'fixed', ('data', 'restrict_to_subset', 'subset'): [1436, 1150, 336, 2071, 382, 2563, 184, 1044, 2460, 831, 1704, 2868, 1133, 641, 416, 1553, 152, 234, 2684, 281, 114, 959, 1376, 914, 2471, 2729, 2538, 2478, 2323, 2054, 1711, 2430, 2894, 1620, 2462, 768, 158, 1308, 754, 2726, 2865, 2912, 1773, 2507, 109, 1981, 2531, 650, 484, 2062, 1234, 2425, 1233, 1103, 1211, 1459, 2451, 851, 2604, 2621, 2280, 1658, 2443, 2470, 1213, 259, 2529, 1294, 525, 1266, 274, 1615, 1170, 735, 1361, 352, 2312, 2318, 2651, 460, 2970, 2717, 2021, 2855, 2322, 2298, 2888, 1223, 715, 1097, 1669, 2442, 632, 1629, 1451, 2737, 2363, 1980, 1112, 464, 755, 1255, 2301, 2065, 2450, 1895, 1614, 642, 636, 630, 809, 1471, 2637, 1390, 1937, 2039, 2166, 2366, 2638, 1239, 2511, 1110, 2897, 359, 1674, 1031, 220, 2611, 2664, 2753, 2536, 2048, 2052, 2311, 2407, 721, 2055, 2892, 2860, 422, 1176, 956, 1697, 185, 1164, 2457, 2333, 1682, 2859, 190, 279, 337, 2852, 1976, 335, 849, 1578, 1698, 811, 736, 2093, 2649, 2445, 958, 680, 2704, 1257, 2593, 280, 2486, 1275, 2440, 356, 1693, 524, 1086, 2056, 758, 2331, 638, 17, 2650, 3, 1331, 1842, 604, 2073, 387, 2037, 1027, 495, 2535, 2830, 2924, 803, 646, 2456, 649, 2590, 1563, 2329, 1741, 2126, 1194, 61, 230, 1147, 2215, 1500, 794, 1212, 1809, 2785, 1598, 1606, 233, 1142, 310, 429, 277, 1915, 1177, 2118, 1554, 813, 2539, 2047, 45, 880, 134, 1573, 1263, 2148, 1319, 1328, 2310, 2232, 616, 2645, 2286, 1276, 922, 353, 2923, 1690, 1030, 836, 1120, 538, 796, 1310, 699, 823, 2176, 2891, 2959, 2035, 412, 2795, 1472, 672, 2285, 2805, 2898, 907, 2122, 923, 631, 2610, 2277, 2626, 2325, 1220, 2306, 1709, 2685, 2663, 2796, 2123, 1384, 91, 2446, 810, 2861, 2575, 399, 311, 2525, 1870, 1218, 1586, 1269, 588, 2238, 529, 2441, 700, 2730, 2005, 2098, 2020, 1082, 1750, 2654, 2939, 1725, 1125, 1254, 485, 870, 2095, 1198, 881, 2302, 927, 713, 1135, 2300, 2028, 720, 383, 2640, 2405, 219, 1495, 1235, 2314, 1278, 1942, 1152, 1332, 698, 1700, 760, 360, 2527, 694, 832, 278, 2131, 1865, 1982, 1452, 1370, 2572, 806, 1210, 2606, 904, 2711, 886, 142, 1710, 2291, 2636, 2392, 1613, 2377, 2544, 534, 2802, 578, 2743, 1494, 1449, 1203, 2699, 1609, 2676, 1520, 610, 798], ('data', 'restrict_to_subset', 'n_subset'): 372, ('training', 'monodepth_lambda'): 1, ('training', 'pseudo_depth_lambda'): 1, ('training', 'unlabeled_segmentation', 'consistency_weight'): 1.0, ('training', 'unlabeled_segmentation', 'mix_mask'): 'depthcomp', ('training', 'unlabeled_segmentation', 'color_jitter'): True, ('training', 'unlabeled_segmentation', 'blur'): True, ('training', 'unlabeled_segmentation', 'only_unlabeled'): False, ('training', 'unlabeled_segmentation', 'only_labeled'): False, ('training', 'unlabeled_segmentation', 'mix_video'): False, ('training', 'unlabeled_segmentation', 'mix_use_gt'): True, ('training', 'unlabeled_segmentation', 'depthcomp_margin'): 0.03, ('training', 'unlabeled_segmentation', 'depthcomp_foreground_threshold'): 0, ('training', 'unlabeled_segmentation', 'backward_first_pseudo_label'): False, ('training', 'unlabeled_segmentation', 'debug_image'): True, ('training', 'unlabeled_segmentation', 'depthmix_online_depth'): True}
Resolved vars {('config', 'general', 'tag'): 'cityscapes_sel_ds_us_transfer_dcompgt0030_D372fixed_S42_sgdLr0.010.001stepx_clip10_crop512x512bs2_flip_r101_dec6_lr5_fd2_crop512x512bs4_l9os1_Unlab1.0depthcompjitblur', 'seed': 42, ('model', 'segmentation_name'): 'joint_seg_depth_dec', ('model', 'segmentation_args', 'layers'): [9], ('model', 'segmentation_args', 'head_inter_channels'): 64, ('model', 'segmentation_args', 'layer_out_channels'): 64, ('model', 'segmentation_args', 'head_dropout'): 0.1, ('model', 'segmentation_args', 'layer_dropout'): 0, ('model', 'segmentation_args', 'head_inter'): False, ('model', 'pose_pretraining'): 'mono_cityscapes_1024x512_r101dil_aspp_dec6_lr5_fd2_crop512x512bs4', ('model', 'disable_monodepth'): False, ('model', 'disable_pose'): False, ('model', 'variant'): 'sel_ds_us_transfer_dcompgt0030', ('data', 'restrict_to_subset', 'mode'): 'fixed', ('data', 'restrict_to_subset', 'subset'): [1436, 1150, 336, 2071, 382, 2563, 184, 1044, 2460, 831, 1704, 2868, 1133, 641, 416, 1553, 152, 234, 2684, 281, 114, 959, 1376, 914, 2471, 2729, 2538, 2478, 2323, 2054, 1711, 2430, 2894, 1620, 2462, 768, 158, 1308, 754, 2726, 2865, 2912, 1773, 2507, 109, 1981, 2531, 650, 484, 2062, 1234, 2425, 1233, 1103, 1211, 1459, 2451, 851, 2604, 2621, 2280, 1658, 2443, 2470, 1213, 259, 2529, 1294, 525, 1266, 274, 1615, 1170, 735, 1361, 352, 2312, 2318, 2651, 460, 2970, 2717, 2021, 2855, 2322, 2298, 2888, 1223, 715, 1097, 1669, 2442, 632, 1629, 1451, 2737, 2363, 1980, 1112, 464, 755, 1255, 2301, 2065, 2450, 1895, 1614, 642, 636, 630, 809, 1471, 2637, 1390, 1937, 2039, 2166, 2366, 2638, 1239, 2511, 1110, 2897, 359, 1674, 1031, 220, 2611, 2664, 2753, 2536, 2048, 2052, 2311, 2407, 721, 2055, 2892, 2860, 422, 1176, 956, 1697, 185, 1164, 2457, 2333, 1682, 2859, 190, 279, 337, 2852, 1976, 335, 849, 1578, 1698, 811, 736, 2093, 2649, 2445, 958, 680, 2704, 1257, 2593, 280, 2486, 1275, 2440, 356, 1693, 524, 1086, 2056, 758, 2331, 638, 17, 2650, 3, 1331, 1842, 604, 2073, 387, 2037, 1027, 495, 2535, 2830, 2924, 803, 646, 2456, 649, 2590, 1563, 2329, 1741, 2126, 1194, 61, 230, 1147, 2215, 1500, 794, 1212, 1809, 2785, 1598, 1606, 233, 1142, 310, 429, 277, 1915, 1177, 2118, 1554, 813, 2539, 2047, 45, 880, 134, 1573, 1263, 2148, 1319, 1328, 2310, 2232, 616, 2645, 2286, 1276, 922, 353, 2923, 1690, 1030, 836, 1120, 538, 796, 1310, 699, 823, 2176, 2891, 2959, 2035, 412, 2795, 1472, 672, 2285, 2805, 2898, 907, 2122, 923, 631, 2610, 2277, 2626, 2325, 1220, 2306, 1709, 2685, 2663, 2796, 2123, 1384, 91, 2446, 810, 2861, 2575, 399, 311, 2525, 1870, 1218, 1586, 1269, 588, 2238, 529, 2441, 700, 2730, 2005, 2098, 2020, 1082, 1750, 2654, 2939, 1725, 1125, 1254, 485, 870, 2095, 1198, 881, 2302, 927, 713, 1135, 2300, 2028, 720, 383, 2640, 2405, 219, 1495, 1235, 2314, 1278, 1942, 1152, 1332, 698, 1700, 760, 360, 2527, 694, 832, 278, 2131, 1865, 1982, 1452, 1370, 2572, 806, 1210, 2606, 904, 2711, 886, 142, 1710, 2291, 2636, 2392, 1613, 2377, 2544, 534, 2802, 578, 2743, 1494, 1449, 1203, 2699, 1609, 2676, 1520, 610, 798], ('data', 'restrict_to_subset', 'n_subset'): 372, ('training', 'monodepth_lambda'): 1, ('training', 'pseudo_depth_lambda'): 1, ('training', 'unlabeled_segmentation', 'consistency_weight'): 1.0, ('training', 'unlabeled_segmentation', 'mix_mask'): 'depthcomp', ('training', 'unlabeled_segmentation', 'color_jitter'): True, ('training', 'unlabeled_segmentation', 'blur'): True, ('training', 'unlabeled_segmentation', 'only_unlabeled'): False, ('training', 'unlabeled_segmentation', 'only_labeled'): False, ('training', 'unlabeled_segmentation', 'mix_video'): False, ('training', 'unlabeled_segmentation', 'mix_use_gt'): True, ('training', 'unlabeled_segmentation', 'depthcomp_margin'): 0.03, ('training', 'unlabeled_segmentation', 'depthcomp_foreground_threshold'): 0, ('training', 'unlabeled_segmentation', 'backward_first_pseudo_label'): False, ('training', 'unlabeled_segmentation', 'debug_image'): True, ('training', 'unlabeled_segmentation', 'depthmix_online_depth'): True}
Resolved base cfg vars {'seed': 7, ('model', 'segmentation_name'): 'mtl_pad', ('model', 'segmentation_args', 'distillation_layer'): 7, ('model', 'segmentation_args', 'side_output'): True, ('model', 'segmentation_args', 'final_layer'): 9, ('model', 'pose_pretraining'): 'mono_cityscapes_1024x512_r101dil_aspp_dec6_lr5_fd2_crop512x512bs4', ('model', 'disable_monodepth'): False, ('model', 'disable_pose'): False, ('model', 'variant'): 'pad_transfer_dcompgt0030', ('data', 'restrict_to_subset', 'mode'): 'random', ('data', 'restrict_to_subset', 'subset'): None, ('data', 'restrict_to_subset', 'n_subset'): 372, ('training', 'optimizer', 'pose_lr'): 1e-06, ('training', 'monodepth_lambda'): 1, ('training', 'pseudo_depth_lambda'): 0.0, ('training', 'unlabeled_segmentation', 'consistency_weight'): 1.0, ('training', 'unlabeled_segmentation', 'mix_mask'): 'depthcomp', ('training', 'unlabeled_segmentation', 'depthmix_online_depth'): True, ('training', 'unlabeled_segmentation', 'backward_first_pseudo_label'): False, ('training', 'unlabeled_segmentation', 'color_jitter'): True, ('training', 'unlabeled_segmentation', 'blur'): True, ('training', 'unlabeled_segmentation', 'only_unlabeled'): False, ('training', 'unlabeled_segmentation', 'mix_use_gt'): True, ('training', 'unlabeled_segmentation', 'depthcomp_margin'): 0.03, ('training', 'unlabeled_segmentation', 'depthcomp_foreground_threshold'): 0, ('training', 'unlabeled_segmentation', 'debug_image'): True, ('training', 'disable_depth_estimator'): True, ('training', 'disable_depth_grad_clip'): False}
Resolved vars {('config', 'general', 'tag'): 'cityscapes_pad_transfer_dcompgt0030_D372random_S7_sgdLr1E-021E-031E-061E-03stepx_clip10False_m1s1_crop512x512bs2_flip_dec6_lr5_fd2_crop512x512bs4_l9i7Trueos1_Unlab1.0depthcompFPLFalsejitblur', 'seed': 7, ('model', 'segmentation_name'): 'mtl_pad', ('model', 'segmentation_args', 'distillation_layer'): 7, ('model', 'segmentation_args', 'side_output'): True, ('model', 'segmentation_args', 'final_layer'): 9, ('model', 'pose_pretraining'): 'mono_cityscapes_1024x512_r101dil_aspp_dec6_lr5_fd2_crop512x512bs4', ('model', 'disable_monodepth'): False, ('model', 'disable_pose'): False, ('model', 'variant'): 'pad_transfer_dcompgt0030', ('data', 'restrict_to_subset', 'mode'): 'random', ('data', 'restrict_to_subset', 'subset'): None, ('data', 'restrict_to_subset', 'n_subset'): 372, ('training', 'optimizer', 'pose_lr'): 1e-06, ('training', 'monodepth_lambda'): 1, ('training', 'pseudo_depth_lambda'): 0.0, ('training', 'unlabeled_segmentation', 'consistency_weight'): 1.0, ('training', 'unlabeled_segmentation', 'mix_mask'): 'depthcomp', ('training', 'unlabeled_segmentation', 'depthmix_online_depth'): True, ('training', 'unlabeled_segmentation', 'backward_first_pseudo_label'): False, ('training', 'unlabeled_segmentation', 'color_jitter'): True, ('training', 'unlabeled_segmentation', 'blur'): True, ('training', 'unlabeled_segmentation', 'only_unlabeled'): False, ('training', 'unlabeled_segmentation', 'mix_use_gt'): True, ('training', 'unlabeled_segmentation', 'depthcomp_margin'): 0.03, ('training', 'unlabeled_segmentation', 'depthcomp_foreground_threshold'): 0, ('training', 'unlabeled_segmentation', 'debug_image'): True, ('training', 'disable_depth_estimator'): True, ('training', 'disable_depth_grad_clip'): False}
Resolved base cfg vars {'seed': 25, ('model', 'segmentation_name'): 'mtl_pad', ('model', 'segmentation_args', 'distillation_layer'): 7, ('model', 'segmentation_args', 'side_output'): True, ('model', 'segmentation_args', 'final_layer'): 9, ('model', 'pose_pretraining'): 'mono_cityscapes_1024x512_r101dil_aspp_dec6_lr5_fd2_crop512x512bs4', ('model', 'disable_monodepth'): False, ('model', 'disable_pose'): False, ('model', 'variant'): 'pad_transfer_dcompgt0030', ('data', 'restrict_to_subset', 'mode'): 'random', ('data', 'restrict_to_subset', 'subset'): None, ('data', 'restrict_to_subset', 'n_subset'): 372, ('training', 'optimizer', 'pose_lr'): 1e-06, ('training', 'monodepth_lambda'): 1, ('training', 'pseudo_depth_lambda'): 0.0, ('training', 'unlabeled_segmentation', 'consistency_weight'): 1.0, ('training', 'unlabeled_segmentation', 'mix_mask'): 'depthcomp', ('training', 'unlabeled_segmentation', 'depthmix_online_depth'): True, ('training', 'unlabeled_segmentation', 'backward_first_pseudo_label'): False, ('training', 'unlabeled_segmentation', 'color_jitter'): True, ('training', 'unlabeled_segmentation', 'blur'): True, ('training', 'unlabeled_segmentation', 'only_unlabeled'): False, ('training', 'unlabeled_segmentation', 'mix_use_gt'): True, ('training', 'unlabeled_segmentation', 'depthcomp_margin'): 0.03, ('training', 'unlabeled_segmentation', 'depthcomp_foreground_threshold'): 0, ('training', 'unlabeled_segmentation', 'debug_image'): True, ('training', 'disable_depth_estimator'): True, ('training', 'disable_depth_grad_clip'): False}
Resolved vars {('config', 'general', 'tag'): 'cityscapes_pad_transfer_dcompgt0030_D372random_S25_sgdLr1E-021E-031E-061E-03stepx_clip10False_m1s1_crop512x512bs2_flip_dec6_lr5_fd2_crop512x512bs4_l9i7Trueos1_Unlab1.0depthcompFPLFalsejitblur', 'seed': 25, ('model', 'segmentation_name'): 'mtl_pad', ('model', 'segmentation_args', 'distillation_layer'): 7, ('model', 'segmentation_args', 'side_output'): True, ('model', 'segmentation_args', 'final_layer'): 9, ('model', 'pose_pretraining'): 'mono_cityscapes_1024x512_r101dil_aspp_dec6_lr5_fd2_crop512x512bs4', ('model', 'disable_monodepth'): False, ('model', 'disable_pose'): False, ('model', 'variant'): 'pad_transfer_dcompgt0030', ('data', 'restrict_to_subset', 'mode'): 'random', ('data', 'restrict_to_subset', 'subset'): None, ('data', 'restrict_to_subset', 'n_subset'): 372, ('training', 'optimizer', 'pose_lr'): 1e-06, ('training', 'monodepth_lambda'): 1, ('training', 'pseudo_depth_lambda'): 0.0, ('training', 'unlabeled_segmentation', 'consistency_weight'): 1.0, ('training', 'unlabeled_segmentation', 'mix_mask'): 'depthcomp', ('training', 'unlabeled_segmentation', 'depthmix_online_depth'): True, ('training', 'unlabeled_segmentation', 'backward_first_pseudo_label'): False, ('training', 'unlabeled_segmentation', 'color_jitter'): True, ('training', 'unlabeled_segmentation', 'blur'): True, ('training', 'unlabeled_segmentation', 'only_unlabeled'): False, ('training', 'unlabeled_segmentation', 'mix_use_gt'): True, ('training', 'unlabeled_segmentation', 'depthcomp_margin'): 0.03, ('training', 'unlabeled_segmentation', 'depthcomp_foreground_threshold'): 0, ('training', 'unlabeled_segmentation', 'debug_image'): True, ('training', 'disable_depth_estimator'): True, ('training', 'disable_depth_grad_clip'): False}
Resolved base cfg vars {'seed': 42, ('model', 'segmentation_name'): 'mtl_pad', ('model', 'segmentation_args', 'distillation_layer'): 7, ('model', 'segmentation_args', 'side_output'): True, ('model', 'segmentation_args', 'final_layer'): 9, ('model', 'pose_pretraining'): 'mono_cityscapes_1024x512_r101dil_aspp_dec6_lr5_fd2_crop512x512bs4', ('model', 'disable_monodepth'): False, ('model', 'disable_pose'): False, ('model', 'variant'): 'pad_transfer_dcompgt0030', ('data', 'restrict_to_subset', 'mode'): 'random', ('data', 'restrict_to_subset', 'subset'): None, ('data', 'restrict_to_subset', 'n_subset'): 372, ('training', 'optimizer', 'pose_lr'): 1e-06, ('training', 'monodepth_lambda'): 1, ('training', 'pseudo_depth_lambda'): 0.0, ('training', 'unlabeled_segmentation', 'consistency_weight'): 1.0, ('training', 'unlabeled_segmentation', 'mix_mask'): 'depthcomp', ('training', 'unlabeled_segmentation', 'depthmix_online_depth'): True, ('training', 'unlabeled_segmentation', 'backward_first_pseudo_label'): False, ('training', 'unlabeled_segmentation', 'color_jitter'): True, ('training', 'unlabeled_segmentation', 'blur'): True, ('training', 'unlabeled_segmentation', 'only_unlabeled'): False, ('training', 'unlabeled_segmentation', 'mix_use_gt'): True, ('training', 'unlabeled_segmentation', 'depthcomp_margin'): 0.03, ('training', 'unlabeled_segmentation', 'depthcomp_foreground_threshold'): 0, ('training', 'unlabeled_segmentation', 'debug_image'): True, ('training', 'disable_depth_estimator'): True, ('training', 'disable_depth_grad_clip'): False}
Resolved vars {('config', 'general', 'tag'): 'cityscapes_pad_transfer_dcompgt0030_D372random_S42_sgdLr1E-021E-031E-061E-03stepx_clip10False_m1s1_crop512x512bs2_flip_dec6_lr5_fd2_crop512x512bs4_l9i7Trueos1_Unlab1.0depthcompFPLFalsejitblur', 'seed': 42, ('model', 'segmentation_name'): 'mtl_pad', ('model', 'segmentation_args', 'distillation_layer'): 7, ('model', 'segmentation_args', 'side_output'): True, ('model', 'segmentation_args', 'final_layer'): 9, ('model', 'pose_pretraining'): 'mono_cityscapes_1024x512_r101dil_aspp_dec6_lr5_fd2_crop512x512bs4', ('model', 'disable_monodepth'): False, ('model', 'disable_pose'): False, ('model', 'variant'): 'pad_transfer_dcompgt0030', ('data', 'restrict_to_subset', 'mode'): 'random', ('data', 'restrict_to_subset', 'subset'): None, ('data', 'restrict_to_subset', 'n_subset'): 372, ('training', 'optimizer', 'pose_lr'): 1e-06, ('training', 'monodepth_lambda'): 1, ('training', 'pseudo_depth_lambda'): 0.0, ('training', 'unlabeled_segmentation', 'consistency_weight'): 1.0, ('training', 'unlabeled_segmentation', 'mix_mask'): 'depthcomp', ('training', 'unlabeled_segmentation', 'depthmix_online_depth'): True, ('training', 'unlabeled_segmentation', 'backward_first_pseudo_label'): False, ('training', 'unlabeled_segmentation', 'color_jitter'): True, ('training', 'unlabeled_segmentation', 'blur'): True, ('training', 'unlabeled_segmentation', 'only_unlabeled'): False, ('training', 'unlabeled_segmentation', 'mix_use_gt'): True, ('training', 'unlabeled_segmentation', 'depthcomp_margin'): 0.03, ('training', 'unlabeled_segmentation', 'depthcomp_foreground_threshold'): 0, ('training', 'unlabeled_segmentation', 'debug_image'): True, ('training', 'disable_depth_estimator'): True, ('training', 'disable_depth_grad_clip'): False}
Resolved base cfg vars {'seed': 7, ('model', 'segmentation_name'): 'mtl_pad', ('model', 'segmentation_args', 'distillation_layer'): 7, ('model', 'segmentation_args', 'side_output'): True, ('model', 'segmentation_args', 'final_layer'): 9, ('model', 'pose_pretraining'): 'mono_cityscapes_1024x512_r101dil_aspp_dec6_lr5_fd2_crop512x512bs4', ('model', 'disable_monodepth'): False, ('model', 'disable_pose'): False, ('model', 'variant'): 'pad_transfer_dcompgt0030', ('data', 'restrict_to_subset', 'mode'): 'random', ('data', 'restrict_to_subset', 'subset'): None, ('data', 'restrict_to_subset', 'n_subset'): 2975, ('training', 'optimizer', 'pose_lr'): 1e-06, ('training', 'monodepth_lambda'): 1, ('training', 'pseudo_depth_lambda'): 0.0, ('training', 'unlabeled_segmentation', 'consistency_weight'): 1.0, ('training', 'unlabeled_segmentation', 'mix_mask'): 'depthcomp', ('training', 'unlabeled_segmentation', 'depthmix_online_depth'): True, ('training', 'unlabeled_segmentation', 'backward_first_pseudo_label'): False, ('training', 'unlabeled_segmentation', 'color_jitter'): True, ('training', 'unlabeled_segmentation', 'blur'): True, ('training', 'unlabeled_segmentation', 'only_unlabeled'): False, ('training', 'unlabeled_segmentation', 'mix_use_gt'): True, ('training', 'unlabeled_segmentation', 'depthcomp_margin'): 0.03, ('training', 'unlabeled_segmentation', 'depthcomp_foreground_threshold'): 0, ('training', 'unlabeled_segmentation', 'debug_image'): True, ('training', 'disable_depth_estimator'): True, ('training', 'disable_depth_grad_clip'): False}
Resolved vars {('config', 'general', 'tag'): 'cityscapes_pad_transfer_dcompgt0030_D2975random_S7_sgdLr1E-021E-031E-061E-03stepx_clip10False_m1s1_crop512x512bs2_flip_dec6_lr5_fd2_crop512x512bs4_l9i7Trueos1_Unlab1.0depthcompFPLFalsejitblur', 'seed': 7, ('model', 'segmentation_name'): 'mtl_pad', ('model', 'segmentation_args', 'distillation_layer'): 7, ('model', 'segmentation_args', 'side_output'): True, ('model', 'segmentation_args', 'final_layer'): 9, ('model', 'pose_pretraining'): 'mono_cityscapes_1024x512_r101dil_aspp_dec6_lr5_fd2_crop512x512bs4', ('model', 'disable_monodepth'): False, ('model', 'disable_pose'): False, ('model', 'variant'): 'pad_transfer_dcompgt0030', ('data', 'restrict_to_subset', 'mode'): 'random', ('data', 'restrict_to_subset', 'subset'): None, ('data', 'restrict_to_subset', 'n_subset'): 2975, ('training', 'optimizer', 'pose_lr'): 1e-06, ('training', 'monodepth_lambda'): 1, ('training', 'pseudo_depth_lambda'): 0.0, ('training', 'unlabeled_segmentation', 'consistency_weight'): 1.0, ('training', 'unlabeled_segmentation', 'mix_mask'): 'depthcomp', ('training', 'unlabeled_segmentation', 'depthmix_online_depth'): True, ('training', 'unlabeled_segmentation', 'backward_first_pseudo_label'): False, ('training', 'unlabeled_segmentation', 'color_jitter'): True, ('training', 'unlabeled_segmentation', 'blur'): True, ('training', 'unlabeled_segmentation', 'only_unlabeled'): False, ('training', 'unlabeled_segmentation', 'mix_use_gt'): True, ('training', 'unlabeled_segmentation', 'depthcomp_margin'): 0.03, ('training', 'unlabeled_segmentation', 'depthcomp_foreground_threshold'): 0, ('training', 'unlabeled_segmentation', 'debug_image'): True, ('training', 'disable_depth_estimator'): True, ('training', 'disable_depth_grad_clip'): False}
Resolved base cfg vars {'seed': 25, ('model', 'segmentation_name'): 'mtl_pad', ('model', 'segmentation_args', 'distillation_layer'): 7, ('model', 'segmentation_args', 'side_output'): True, ('model', 'segmentation_args', 'final_layer'): 9, ('model', 'pose_pretraining'): 'mono_cityscapes_1024x512_r101dil_aspp_dec6_lr5_fd2_crop512x512bs4', ('model', 'disable_monodepth'): False, ('model', 'disable_pose'): False, ('model', 'variant'): 'pad_transfer_dcompgt0030', ('data', 'restrict_to_subset', 'mode'): 'random', ('data', 'restrict_to_subset', 'subset'): None, ('data', 'restrict_to_subset', 'n_subset'): 2975, ('training', 'optimizer', 'pose_lr'): 1e-06, ('training', 'monodepth_lambda'): 1, ('training', 'pseudo_depth_lambda'): 0.0, ('training', 'unlabeled_segmentation', 'consistency_weight'): 1.0, ('training', 'unlabeled_segmentation', 'mix_mask'): 'depthcomp', ('training', 'unlabeled_segmentation', 'depthmix_online_depth'): True, ('training', 'unlabeled_segmentation', 'backward_first_pseudo_label'): False, ('training', 'unlabeled_segmentation', 'color_jitter'): True, ('training', 'unlabeled_segmentation', 'blur'): True, ('training', 'unlabeled_segmentation', 'only_unlabeled'): False, ('training', 'unlabeled_segmentation', 'mix_use_gt'): True, ('training', 'unlabeled_segmentation', 'depthcomp_margin'): 0.03, ('training', 'unlabeled_segmentation', 'depthcomp_foreground_threshold'): 0, ('training', 'unlabeled_segmentation', 'debug_image'): True, ('training', 'disable_depth_estimator'): True, ('training', 'disable_depth_grad_clip'): False}
Resolved vars {('config', 'general', 'tag'): 'cityscapes_pad_transfer_dcompgt0030_D2975random_S25_sgdLr1E-021E-031E-061E-03stepx_clip10False_m1s1_crop512x512bs2_flip_dec6_lr5_fd2_crop512x512bs4_l9i7Trueos1_Unlab1.0depthcompFPLFalsejitblur', 'seed': 25, ('model', 'segmentation_name'): 'mtl_pad', ('model', 'segmentation_args', 'distillation_layer'): 7, ('model', 'segmentation_args', 'side_output'): True, ('model', 'segmentation_args', 'final_layer'): 9, ('model', 'pose_pretraining'): 'mono_cityscapes_1024x512_r101dil_aspp_dec6_lr5_fd2_crop512x512bs4', ('model', 'disable_monodepth'): False, ('model', 'disable_pose'): False, ('model', 'variant'): 'pad_transfer_dcompgt0030', ('data', 'restrict_to_subset', 'mode'): 'random', ('data', 'restrict_to_subset', 'subset'): None, ('data', 'restrict_to_subset', 'n_subset'): 2975, ('training', 'optimizer', 'pose_lr'): 1e-06, ('training', 'monodepth_lambda'): 1, ('training', 'pseudo_depth_lambda'): 0.0, ('training', 'unlabeled_segmentation', 'consistency_weight'): 1.0, ('training', 'unlabeled_segmentation', 'mix_mask'): 'depthcomp', ('training', 'unlabeled_segmentation', 'depthmix_online_depth'): True, ('training', 'unlabeled_segmentation', 'backward_first_pseudo_label'): False, ('training', 'unlabeled_segmentation', 'color_jitter'): True, ('training', 'unlabeled_segmentation', 'blur'): True, ('training', 'unlabeled_segmentation', 'only_unlabeled'): False, ('training', 'unlabeled_segmentation', 'mix_use_gt'): True, ('training', 'unlabeled_segmentation', 'depthcomp_margin'): 0.03, ('training', 'unlabeled_segmentation', 'depthcomp_foreground_threshold'): 0, ('training', 'unlabeled_segmentation', 'debug_image'): True, ('training', 'disable_depth_estimator'): True, ('training', 'disable_depth_grad_clip'): False}
Resolved base cfg vars {'seed': 42, ('model', 'segmentation_name'): 'mtl_pad', ('model', 'segmentation_args', 'distillation_layer'): 7, ('model', 'segmentation_args', 'side_output'): True, ('model', 'segmentation_args', 'final_layer'): 9, ('model', 'pose_pretraining'): 'mono_cityscapes_1024x512_r101dil_aspp_dec6_lr5_fd2_crop512x512bs4', ('model', 'disable_monodepth'): False, ('model', 'disable_pose'): False, ('model', 'variant'): 'pad_transfer_dcompgt0030', ('data', 'restrict_to_subset', 'mode'): 'random', ('data', 'restrict_to_subset', 'subset'): None, ('data', 'restrict_to_subset', 'n_subset'): 2975, ('training', 'optimizer', 'pose_lr'): 1e-06, ('training', 'monodepth_lambda'): 1, ('training', 'pseudo_depth_lambda'): 0.0, ('training', 'unlabeled_segmentation', 'consistency_weight'): 1.0, ('training', 'unlabeled_segmentation', 'mix_mask'): 'depthcomp', ('training', 'unlabeled_segmentation', 'depthmix_online_depth'): True, ('training', 'unlabeled_segmentation', 'backward_first_pseudo_label'): False, ('training', 'unlabeled_segmentation', 'color_jitter'): True, ('training', 'unlabeled_segmentation', 'blur'): True, ('training', 'unlabeled_segmentation', 'only_unlabeled'): False, ('training', 'unlabeled_segmentation', 'mix_use_gt'): True, ('training', 'unlabeled_segmentation', 'depthcomp_margin'): 0.03, ('training', 'unlabeled_segmentation', 'depthcomp_foreground_threshold'): 0, ('training', 'unlabeled_segmentation', 'debug_image'): True, ('training', 'disable_depth_estimator'): True, ('training', 'disable_depth_grad_clip'): False}
Resolved vars {('config', 'general', 'tag'): 'cityscapes_pad_transfer_dcompgt0030_D2975random_S42_sgdLr1E-021E-031E-061E-03stepx_clip10False_m1s1_crop512x512bs2_flip_dec6_lr5_fd2_crop512x512bs4_l9i7Trueos1_Unlab1.0depthcompFPLFalsejitblur', 'seed': 42, ('model', 'segmentation_name'): 'mtl_pad', ('model', 'segmentation_args', 'distillation_layer'): 7, ('model', 'segmentation_args', 'side_output'): True, ('model', 'segmentation_args', 'final_layer'): 9, ('model', 'pose_pretraining'): 'mono_cityscapes_1024x512_r101dil_aspp_dec6_lr5_fd2_crop512x512bs4', ('model', 'disable_monodepth'): False, ('model', 'disable_pose'): False, ('model', 'variant'): 'pad_transfer_dcompgt0030', ('data', 'restrict_to_subset', 'mode'): 'random', ('data', 'restrict_to_subset', 'subset'): None, ('data', 'restrict_to_subset', 'n_subset'): 2975, ('training', 'optimizer', 'pose_lr'): 1e-06, ('training', 'monodepth_lambda'): 1, ('training', 'pseudo_depth_lambda'): 0.0, ('training', 'unlabeled_segmentation', 'consistency_weight'): 1.0, ('training', 'unlabeled_segmentation', 'mix_mask'): 'depthcomp', ('training', 'unlabeled_segmentation', 'depthmix_online_depth'): True, ('training', 'unlabeled_segmentation', 'backward_first_pseudo_label'): False, ('training', 'unlabeled_segmentation', 'color_jitter'): True, ('training', 'unlabeled_segmentation', 'blur'): True, ('training', 'unlabeled_segmentation', 'only_unlabeled'): False, ('training', 'unlabeled_segmentation', 'mix_use_gt'): True, ('training', 'unlabeled_segmentation', 'depthcomp_margin'): 0.03, ('training', 'unlabeled_segmentation', 'depthcomp_foreground_threshold'): 0, ('training', 'unlabeled_segmentation', 'debug_image'): True, ('training', 'disable_depth_estimator'): True, ('training', 'disable_depth_grad_clip'): False}
Resolved base cfg vars {'seed': 7, ('model', 'segmentation_name'): 'mtl_pad', ('model', 'segmentation_args', 'distillation_layer'): 7, ('model', 'segmentation_args', 'side_output'): True, ('model', 'segmentation_args', 'final_layer'): 9, ('model', 'pose_pretraining'): 'mono_cityscapes_1024x512_r101dil_aspp_dec6_lr5_fd2_crop512x512bs4', ('model', 'disable_monodepth'): False, ('model', 'disable_pose'): False, ('model', 'variant'): 'sel_ds_us_pad_transfer_dcompgt0030', ('data', 'restrict_to_subset', 'mode'): 'fixed', ('data', 'restrict_to_subset', 'subset'): [2403, 1150, 336, 2071, 382, 2563, 184, 1044, 2460, 1553, 1451, 641, 1233, 416, 152, 2868, 1211, 1704, 2323, 1255, 2538, 356, 2703, 914, 1110, 2531, 1981, 2894, 2430, 1234, 2729, 768, 2054, 2478, 1937, 2865, 1103, 1620, 1384, 1711, 1308, 1658, 2462, 1741, 2888, 2126, 2726, 2062, 158, 2425, 2638, 2507, 2664, 2604, 114, 2684, 259, 2897, 2445, 2470, 525, 1629, 2451, 2442, 109, 1376, 1133, 1895, 352, 735, 2912, 2265, 234, 1266, 636, 1170, 650, 2280, 1471, 359, 1682, 831, 2471, 1213, 1223, 959, 281, 2590, 2318, 274, 2621, 1390, 2322, 2529, 2298, 2651, 460, 411, 2021, 2457, 754, 2450, 1615, 2970, 2717, 2366, 851, 2536, 2301, 1614, 2176, 2892, 1507, 1960, 1112, 809, 715, 422, 485, 1459, 2637, 2611, 1294, 2065, 1361, 1570, 2329, 823, 1674, 796, 1669, 1097, 2039, 524, 758, 632, 2852, 1697, 277, 1031, 1176, 2753, 185, 1239, 2525, 630, 2654, 836, 2855, 337, 2055, 1870, 642, 2118, 279, 720, 538, 2587, 2052, 2649, 2860, 811, 956, 280, 794, 1338, 2047, 2895, 1578, 2891, 849, 616, 1275, 958, 2511, 2535, 2650, 2331, 2830, 2440, 646, 2572, 1842, 1319, 2310, 2785, 495, 1976, 1194, 2446, 2302, 1257, 694, 17, 649, 2122, 1693, 803, 2386, 1061, 2311, 1331, 736, 2037, 2059, 387, 1700, 2456, 2959, 624, 310, 2333, 230, 2924, 233, 1915, 2148, 2898, 1164, 2593, 2363, 1177, 1809, 2063, 2123, 1710, 1120, 2095, 2073, 2805, 2048, 165, 1030, 813, 631, 655, 880, 638, 610, 2705, 907, 45, 2312, 134, 1698, 2325, 2798, 672, 2486, 1147, 2861, 2527, 2685, 2098, 755, 1586, 1494, 1220, 1263, 1472, 1310, 2441, 806, 1993, 1709, 2923, 1563, 1606, 2626, 1203, 668, 2238, 2093, 2288, 1573, 1980, 2306, 1433, 1184, 1212, 353, 2020, 2886, 2005, 604, 1082, 2064, 1690, 2028, 2795, 348, 810, 1328, 904, 2215, 2652, 2560, 2672, 383, 927, 529, 399, 220, 2314, 600, 1254, 1142, 1613, 2796, 1152, 2443, 2056, 1436, 1407, 588, 578, 700, 1670, 1495, 2645, 881, 2546, 191, 1276, 219, 1218, 1982, 699, 2859, 91, 159, 2640, 1296, 2285, 2539, 335, 680, 484, 698, 1942, 2173, 2405, 1725, 1520, 1598, 1135, 2696, 1188, 1452, 439, 214, 2407, 1449, 173, 345, 690, 2300, 1125, 360, 713, 2474, 1278, 922, 2232, 452, 2197, 2731, 926, 535, 2544, 1027, 2743], ('data', 'restrict_to_subset', 'n_subset'): 372, ('training', 'optimizer', 'pose_lr'): 1e-06, ('training', 'monodepth_lambda'): 1, ('training', 'pseudo_depth_lambda'): 0.0, ('training', 'unlabeled_segmentation', 'consistency_weight'): 1.0, ('training', 'unlabeled_segmentation', 'mix_mask'): 'depthcomp', ('training', 'unlabeled_segmentation', 'depthmix_online_depth'): True, ('training', 'unlabeled_segmentation', 'backward_first_pseudo_label'): False, ('training', 'unlabeled_segmentation', 'color_jitter'): True, ('training', 'unlabeled_segmentation', 'blur'): True, ('training', 'unlabeled_segmentation', 'only_unlabeled'): False, ('training', 'unlabeled_segmentation', 'mix_use_gt'): True, ('training', 'unlabeled_segmentation', 'depthcomp_margin'): 0.03, ('training', 'unlabeled_segmentation', 'depthcomp_foreground_threshold'): 0, ('training', 'unlabeled_segmentation', 'debug_image'): True, ('training', 'disable_depth_estimator'): True, ('training', 'disable_depth_grad_clip'): False}
Resolved vars {('config', 'general', 'tag'): 'cityscapes_sel_ds_us_pad_transfer_dcompgt0030_D372fixed_S7_sgdLr1E-021E-031E-061E-03stepx_clip10False_m1s1_crop512x512bs2_flip_dec6_lr5_fd2_crop512x512bs4_l9i7Trueos1_Unlab1.0depthcompFPLFalsejitblur', 'seed': 7, ('model', 'segmentation_name'): 'mtl_pad', ('model', 'segmentation_args', 'distillation_layer'): 7, ('model', 'segmentation_args', 'side_output'): True, ('model', 'segmentation_args', 'final_layer'): 9, ('model', 'pose_pretraining'): 'mono_cityscapes_1024x512_r101dil_aspp_dec6_lr5_fd2_crop512x512bs4', ('model', 'disable_monodepth'): False, ('model', 'disable_pose'): False, ('model', 'variant'): 'sel_ds_us_pad_transfer_dcompgt0030', ('data', 'restrict_to_subset', 'mode'): 'fixed', ('data', 'restrict_to_subset', 'subset'): [2403, 1150, 336, 2071, 382, 2563, 184, 1044, 2460, 1553, 1451, 641, 1233, 416, 152, 2868, 1211, 1704, 2323, 1255, 2538, 356, 2703, 914, 1110, 2531, 1981, 2894, 2430, 1234, 2729, 768, 2054, 2478, 1937, 2865, 1103, 1620, 1384, 1711, 1308, 1658, 2462, 1741, 2888, 2126, 2726, 2062, 158, 2425, 2638, 2507, 2664, 2604, 114, 2684, 259, 2897, 2445, 2470, 525, 1629, 2451, 2442, 109, 1376, 1133, 1895, 352, 735, 2912, 2265, 234, 1266, 636, 1170, 650, 2280, 1471, 359, 1682, 831, 2471, 1213, 1223, 959, 281, 2590, 2318, 274, 2621, 1390, 2322, 2529, 2298, 2651, 460, 411, 2021, 2457, 754, 2450, 1615, 2970, 2717, 2366, 851, 2536, 2301, 1614, 2176, 2892, 1507, 1960, 1112, 809, 715, 422, 485, 1459, 2637, 2611, 1294, 2065, 1361, 1570, 2329, 823, 1674, 796, 1669, 1097, 2039, 524, 758, 632, 2852, 1697, 277, 1031, 1176, 2753, 185, 1239, 2525, 630, 2654, 836, 2855, 337, 2055, 1870, 642, 2118, 279, 720, 538, 2587, 2052, 2649, 2860, 811, 956, 280, 794, 1338, 2047, 2895, 1578, 2891, 849, 616, 1275, 958, 2511, 2535, 2650, 2331, 2830, 2440, 646, 2572, 1842, 1319, 2310, 2785, 495, 1976, 1194, 2446, 2302, 1257, 694, 17, 649, 2122, 1693, 803, 2386, 1061, 2311, 1331, 736, 2037, 2059, 387, 1700, 2456, 2959, 624, 310, 2333, 230, 2924, 233, 1915, 2148, 2898, 1164, 2593, 2363, 1177, 1809, 2063, 2123, 1710, 1120, 2095, 2073, 2805, 2048, 165, 1030, 813, 631, 655, 880, 638, 610, 2705, 907, 45, 2312, 134, 1698, 2325, 2798, 672, 2486, 1147, 2861, 2527, 2685, 2098, 755, 1586, 1494, 1220, 1263, 1472, 1310, 2441, 806, 1993, 1709, 2923, 1563, 1606, 2626, 1203, 668, 2238, 2093, 2288, 1573, 1980, 2306, 1433, 1184, 1212, 353, 2020, 2886, 2005, 604, 1082, 2064, 1690, 2028, 2795, 348, 810, 1328, 904, 2215, 2652, 2560, 2672, 383, 927, 529, 399, 220, 2314, 600, 1254, 1142, 1613, 2796, 1152, 2443, 2056, 1436, 1407, 588, 578, 700, 1670, 1495, 2645, 881, 2546, 191, 1276, 219, 1218, 1982, 699, 2859, 91, 159, 2640, 1296, 2285, 2539, 335, 680, 484, 698, 1942, 2173, 2405, 1725, 1520, 1598, 1135, 2696, 1188, 1452, 439, 214, 2407, 1449, 173, 345, 690, 2300, 1125, 360, 713, 2474, 1278, 922, 2232, 452, 2197, 2731, 926, 535, 2544, 1027, 2743], ('data', 'restrict_to_subset', 'n_subset'): 372, ('training', 'optimizer', 'pose_lr'): 1e-06, ('training', 'monodepth_lambda'): 1, ('training', 'pseudo_depth_lambda'): 0.0, ('training', 'unlabeled_segmentation', 'consistency_weight'): 1.0, ('training', 'unlabeled_segmentation', 'mix_mask'): 'depthcomp', ('training', 'unlabeled_segmentation', 'depthmix_online_depth'): True, ('training', 'unlabeled_segmentation', 'backward_first_pseudo_label'): False, ('training', 'unlabeled_segmentation', 'color_jitter'): True, ('training', 'unlabeled_segmentation', 'blur'): True, ('training', 'unlabeled_segmentation', 'only_unlabeled'): False, ('training', 'unlabeled_segmentation', 'mix_use_gt'): True, ('training', 'unlabeled_segmentation', 'depthcomp_margin'): 0.03, ('training', 'unlabeled_segmentation', 'depthcomp_foreground_threshold'): 0, ('training', 'unlabeled_segmentation', 'debug_image'): True, ('training', 'disable_depth_estimator'): True, ('training', 'disable_depth_grad_clip'): False}
Resolved base cfg vars {'seed': 25, ('model', 'segmentation_name'): 'mtl_pad', ('model', 'segmentation_args', 'distillation_layer'): 7, ('model', 'segmentation_args', 'side_output'): True, ('model', 'segmentation_args', 'final_layer'): 9, ('model', 'pose_pretraining'): 'mono_cityscapes_1024x512_r101dil_aspp_dec6_lr5_fd2_crop512x512bs4', ('model', 'disable_monodepth'): False, ('model', 'disable_pose'): False, ('model', 'variant'): 'sel_ds_us_pad_transfer_dcompgt0030', ('data', 'restrict_to_subset', 'mode'): 'fixed', ('data', 'restrict_to_subset', 'subset'): [938, 1150, 336, 2071, 382, 2563, 184, 234, 1044, 2460, 831, 1704, 641, 1553, 2868, 1451, 1133, 1308, 416, 2865, 2684, 152, 2531, 2486, 1294, 2538, 2323, 1234, 768, 2377, 2054, 158, 1711, 274, 2726, 1981, 2478, 484, 2462, 2507, 2280, 1459, 2470, 2062, 1658, 2638, 2065, 1233, 114, 1257, 1103, 2425, 2529, 1211, 2445, 185, 109, 1170, 259, 2729, 525, 2302, 2894, 2897, 2888, 2912, 1376, 650, 1097, 281, 2621, 754, 1266, 2451, 2651, 1110, 1213, 636, 2311, 2298, 2785, 851, 1176, 642, 2073, 1697, 2737, 1615, 2430, 142, 2970, 1331, 1620, 1629, 1937, 1223, 2450, 464, 1773, 352, 1255, 1471, 1361, 2664, 755, 1960, 959, 809, 2039, 2301, 2442, 2611, 310, 1112, 2637, 1674, 735, 646, 359, 1031, 2318, 2363, 2322, 1980, 2366, 2855, 1682, 2604, 2892, 720, 1570, 2055, 460, 758, 2511, 2022, 2314, 2052, 2535, 1164, 823, 2098, 2457, 1390, 811, 1669, 630, 956, 736, 2717, 2860, 1275, 2536, 2590, 2020, 638, 2331, 1895, 280, 2118, 356, 2056, 277, 279, 958, 632, 2593, 2704, 680, 2525, 794, 2753, 2312, 806, 1842, 796, 337, 383, 1915, 1693, 1741, 1310, 1870, 2440, 1976, 2329, 387, 1614, 1254, 849, 2325, 1319, 1027, 1194, 2471, 610, 3, 694, 1436, 1452, 1578, 2443, 2333, 2126, 2069, 2650, 1929, 1177, 2830, 649, 2924, 1865, 1598, 1809, 1328, 2277, 17, 2037, 836, 1500, 1120, 2456, 2645, 1698, 672, 233, 2539, 668, 2063, 1030, 2310, 803, 1993, 1709, 1086, 1147, 2685, 1606, 2148, 2123, 699, 2852, 907, 1573, 1212, 1220, 524, 1554, 360, 2048, 1142, 2176, 2923, 134, 190, 813, 230, 2610, 880, 353, 2047, 2448, 529, 2898, 2959, 485, 2764, 335, 2805, 1296, 2309, 1690, 2336, 631, 904, 2238, 2654, 1586, 2446, 1563, 2306, 1239, 2663, 2886, 2407, 598, 2795, 2891, 2649, 616, 2035, 2005, 531, 1834, 1152, 1263, 923, 1332, 2077, 1198, 832, 2232, 1384, 1700, 495, 2572, 2798, 45, 810, 2796, 357, 2575, 2051, 2640, 91, 2862, 914, 2095, 870, 698, 604, 2215, 1982, 1472, 1061, 2288, 1203, 588, 1276, 1218, 2300, 1235, 721, 220, 2405, 1433, 1725, 296, 2285, 1484, 915, 1278, 2297, 2636, 412, 2676, 2424, 538, 2441, 399, 1135, 707, 2403, 704, 1494, 2859, 535, 1354, 2028, 2527, 2861, 2255, 700, 254, 1520, 20, 278, 926, 2122, 219, 1042, 1370], ('data', 'restrict_to_subset', 'n_subset'): 372, ('training', 'optimizer', 'pose_lr'): 1e-06, ('training', 'monodepth_lambda'): 1, ('training', 'pseudo_depth_lambda'): 0.0, ('training', 'unlabeled_segmentation', 'consistency_weight'): 1.0, ('training', 'unlabeled_segmentation', 'mix_mask'): 'depthcomp', ('training', 'unlabeled_segmentation', 'depthmix_online_depth'): True, ('training', 'unlabeled_segmentation', 'backward_first_pseudo_label'): False, ('training', 'unlabeled_segmentation', 'color_jitter'): True, ('training', 'unlabeled_segmentation', 'blur'): True, ('training', 'unlabeled_segmentation', 'only_unlabeled'): False, ('training', 'unlabeled_segmentation', 'mix_use_gt'): True, ('training', 'unlabeled_segmentation', 'depthcomp_margin'): 0.03, ('training', 'unlabeled_segmentation', 'depthcomp_foreground_threshold'): 0, ('training', 'unlabeled_segmentation', 'debug_image'): True, ('training', 'disable_depth_estimator'): True, ('training', 'disable_depth_grad_clip'): False}
Resolved vars {('config', 'general', 'tag'): 'cityscapes_sel_ds_us_pad_transfer_dcompgt0030_D372fixed_S25_sgdLr1E-021E-031E-061E-03stepx_clip10False_m1s1_crop512x512bs2_flip_dec6_lr5_fd2_crop512x512bs4_l9i7Trueos1_Unlab1.0depthcompFPLFalsejitblur', 'seed': 25, ('model', 'segmentation_name'): 'mtl_pad', ('model', 'segmentation_args', 'distillation_layer'): 7, ('model', 'segmentation_args', 'side_output'): True, ('model', 'segmentation_args', 'final_layer'): 9, ('model', 'pose_pretraining'): 'mono_cityscapes_1024x512_r101dil_aspp_dec6_lr5_fd2_crop512x512bs4', ('model', 'disable_monodepth'): False, ('model', 'disable_pose'): False, ('model', 'variant'): 'sel_ds_us_pad_transfer_dcompgt0030', ('data', 'restrict_to_subset', 'mode'): 'fixed', ('data', 'restrict_to_subset', 'subset'): [938, 1150, 336, 2071, 382, 2563, 184, 234, 1044, 2460, 831, 1704, 641, 1553, 2868, 1451, 1133, 1308, 416, 2865, 2684, 152, 2531, 2486, 1294, 2538, 2323, 1234, 768, 2377, 2054, 158, 1711, 274, 2726, 1981, 2478, 484, 2462, 2507, 2280, 1459, 2470, 2062, 1658, 2638, 2065, 1233, 114, 1257, 1103, 2425, 2529, 1211, 2445, 185, 109, 1170, 259, 2729, 525, 2302, 2894, 2897, 2888, 2912, 1376, 650, 1097, 281, 2621, 754, 1266, 2451, 2651, 1110, 1213, 636, 2311, 2298, 2785, 851, 1176, 642, 2073, 1697, 2737, 1615, 2430, 142, 2970, 1331, 1620, 1629, 1937, 1223, 2450, 464, 1773, 352, 1255, 1471, 1361, 2664, 755, 1960, 959, 809, 2039, 2301, 2442, 2611, 310, 1112, 2637, 1674, 735, 646, 359, 1031, 2318, 2363, 2322, 1980, 2366, 2855, 1682, 2604, 2892, 720, 1570, 2055, 460, 758, 2511, 2022, 2314, 2052, 2535, 1164, 823, 2098, 2457, 1390, 811, 1669, 630, 956, 736, 2717, 2860, 1275, 2536, 2590, 2020, 638, 2331, 1895, 280, 2118, 356, 2056, 277, 279, 958, 632, 2593, 2704, 680, 2525, 794, 2753, 2312, 806, 1842, 796, 337, 383, 1915, 1693, 1741, 1310, 1870, 2440, 1976, 2329, 387, 1614, 1254, 849, 2325, 1319, 1027, 1194, 2471, 610, 3, 694, 1436, 1452, 1578, 2443, 2333, 2126, 2069, 2650, 1929, 1177, 2830, 649, 2924, 1865, 1598, 1809, 1328, 2277, 17, 2037, 836, 1500, 1120, 2456, 2645, 1698, 672, 233, 2539, 668, 2063, 1030, 2310, 803, 1993, 1709, 1086, 1147, 2685, 1606, 2148, 2123, 699, 2852, 907, 1573, 1212, 1220, 524, 1554, 360, 2048, 1142, 2176, 2923, 134, 190, 813, 230, 2610, 880, 353, 2047, 2448, 529, 2898, 2959, 485, 2764, 335, 2805, 1296, 2309, 1690, 2336, 631, 904, 2238, 2654, 1586, 2446, 1563, 2306, 1239, 2663, 2886, 2407, 598, 2795, 2891, 2649, 616, 2035, 2005, 531, 1834, 1152, 1263, 923, 1332, 2077, 1198, 832, 2232, 1384, 1700, 495, 2572, 2798, 45, 810, 2796, 357, 2575, 2051, 2640, 91, 2862, 914, 2095, 870, 698, 604, 2215, 1982, 1472, 1061, 2288, 1203, 588, 1276, 1218, 2300, 1235, 721, 220, 2405, 1433, 1725, 296, 2285, 1484, 915, 1278, 2297, 2636, 412, 2676, 2424, 538, 2441, 399, 1135, 707, 2403, 704, 1494, 2859, 535, 1354, 2028, 2527, 2861, 2255, 700, 254, 1520, 20, 278, 926, 2122, 219, 1042, 1370], ('data', 'restrict_to_subset', 'n_subset'): 372, ('training', 'optimizer', 'pose_lr'): 1e-06, ('training', 'monodepth_lambda'): 1, ('training', 'pseudo_depth_lambda'): 0.0, ('training', 'unlabeled_segmentation', 'consistency_weight'): 1.0, ('training', 'unlabeled_segmentation', 'mix_mask'): 'depthcomp', ('training', 'unlabeled_segmentation', 'depthmix_online_depth'): True, ('training', 'unlabeled_segmentation', 'backward_first_pseudo_label'): False, ('training', 'unlabeled_segmentation', 'color_jitter'): True, ('training', 'unlabeled_segmentation', 'blur'): True, ('training', 'unlabeled_segmentation', 'only_unlabeled'): False, ('training', 'unlabeled_segmentation', 'mix_use_gt'): True, ('training', 'unlabeled_segmentation', 'depthcomp_margin'): 0.03, ('training', 'unlabeled_segmentation', 'depthcomp_foreground_threshold'): 0, ('training', 'unlabeled_segmentation', 'debug_image'): True, ('training', 'disable_depth_estimator'): True, ('training', 'disable_depth_grad_clip'): False}
Resolved base cfg vars {'seed': 42, ('model', 'segmentation_name'): 'mtl_pad', ('model', 'segmentation_args', 'distillation_layer'): 7, ('model', 'segmentation_args', 'side_output'): True, ('model', 'segmentation_args', 'final_layer'): 9, ('model', 'pose_pretraining'): 'mono_cityscapes_1024x512_r101dil_aspp_dec6_lr5_fd2_crop512x512bs4', ('model', 'disable_monodepth'): False, ('model', 'disable_pose'): False, ('model', 'variant'): 'sel_ds_us_pad_transfer_dcompgt0030', ('data', 'restrict_to_subset', 'mode'): 'fixed', ('data', 'restrict_to_subset', 'subset'): [1436, 1150, 336, 2071, 382, 2563, 184, 1044, 2460, 831, 1704, 2868, 1133, 641, 416, 1553, 152, 234, 2684, 281, 114, 959, 1376, 914, 2471, 2729, 2538, 2478, 2323, 2054, 1711, 2430, 2894, 1620, 2462, 768, 158, 1308, 754, 2726, 2865, 2912, 1773, 2507, 109, 1981, 2531, 650, 484, 2062, 1234, 2425, 1233, 1103, 1211, 1459, 2451, 851, 2604, 2621, 2280, 1658, 2443, 2470, 1213, 259, 2529, 1294, 525, 1266, 274, 1615, 1170, 735, 1361, 352, 2312, 2318, 2651, 460, 2970, 2717, 2021, 2855, 2322, 2298, 2888, 1223, 715, 1097, 1669, 2442, 632, 1629, 1451, 2737, 2363, 1980, 1112, 464, 755, 1255, 2301, 2065, 2450, 1895, 1614, 642, 636, 630, 809, 1471, 2637, 1390, 1937, 2039, 2166, 2366, 2638, 1239, 2511, 1110, 2897, 359, 1674, 1031, 220, 2611, 2664, 2753, 2536, 2048, 2052, 2311, 2407, 721, 2055, 2892, 2860, 422, 1176, 956, 1697, 185, 1164, 2457, 2333, 1682, 2859, 190, 279, 337, 2852, 1976, 335, 849, 1578, 1698, 811, 736, 2093, 2649, 2445, 958, 680, 2704, 1257, 2593, 280, 2486, 1275, 2440, 356, 1693, 524, 1086, 2056, 758, 2331, 638, 17, 2650, 3, 1331, 1842, 604, 2073, 387, 2037, 1027, 495, 2535, 2830, 2924, 803, 646, 2456, 649, 2590, 1563, 2329, 1741, 2126, 1194, 61, 230, 1147, 2215, 1500, 794, 1212, 1809, 2785, 1598, 1606, 233, 1142, 310, 429, 277, 1915, 1177, 2118, 1554, 813, 2539, 2047, 45, 880, 134, 1573, 1263, 2148, 1319, 1328, 2310, 2232, 616, 2645, 2286, 1276, 922, 353, 2923, 1690, 1030, 836, 1120, 538, 796, 1310, 699, 823, 2176, 2891, 2959, 2035, 412, 2795, 1472, 672, 2285, 2805, 2898, 907, 2122, 923, 631, 2610, 2277, 2626, 2325, 1220, 2306, 1709, 2685, 2663, 2796, 2123, 1384, 91, 2446, 810, 2861, 2575, 399, 311, 2525, 1870, 1218, 1586, 1269, 588, 2238, 529, 2441, 700, 2730, 2005, 2098, 2020, 1082, 1750, 2654, 2939, 1725, 1125, 1254, 485, 870, 2095, 1198, 881, 2302, 927, 713, 1135, 2300, 2028, 720, 383, 2640, 2405, 219, 1495, 1235, 2314, 1278, 1942, 1152, 1332, 698, 1700, 760, 360, 2527, 694, 832, 278, 2131, 1865, 1982, 1452, 1370, 2572, 806, 1210, 2606, 904, 2711, 886, 142, 1710, 2291, 2636, 2392, 1613, 2377, 2544, 534, 2802, 578, 2743, 1494, 1449, 1203, 2699, 1609, 2676, 1520, 610, 798], ('data', 'restrict_to_subset', 'n_subset'): 372, ('training', 'optimizer', 'pose_lr'): 1e-06, ('training', 'monodepth_lambda'): 1, ('training', 'pseudo_depth_lambda'): 0.0, ('training', 'unlabeled_segmentation', 'consistency_weight'): 1.0, ('training', 'unlabeled_segmentation', 'mix_mask'): 'depthcomp', ('training', 'unlabeled_segmentation', 'depthmix_online_depth'): True, ('training', 'unlabeled_segmentation', 'backward_first_pseudo_label'): False, ('training', 'unlabeled_segmentation', 'color_jitter'): True, ('training', 'unlabeled_segmentation', 'blur'): True, ('training', 'unlabeled_segmentation', 'only_unlabeled'): False, ('training', 'unlabeled_segmentation', 'mix_use_gt'): True, ('training', 'unlabeled_segmentation', 'depthcomp_margin'): 0.03, ('training', 'unlabeled_segmentation', 'depthcomp_foreground_threshold'): 0, ('training', 'unlabeled_segmentation', 'debug_image'): True, ('training', 'disable_depth_estimator'): True, ('training', 'disable_depth_grad_clip'): False}
Resolved vars {('config', 'general', 'tag'): 'cityscapes_sel_ds_us_pad_transfer_dcompgt0030_D372fixed_S42_sgdLr1E-021E-031E-061E-03stepx_clip10False_m1s1_crop512x512bs2_flip_dec6_lr5_fd2_crop512x512bs4_l9i7Trueos1_Unlab1.0depthcompFPLFalsejitblur', 'seed': 42, ('model', 'segmentation_name'): 'mtl_pad', ('model', 'segmentation_args', 'distillation_layer'): 7, ('model', 'segmentation_args', 'side_output'): True, ('model', 'segmentation_args', 'final_layer'): 9, ('model', 'pose_pretraining'): 'mono_cityscapes_1024x512_r101dil_aspp_dec6_lr5_fd2_crop512x512bs4', ('model', 'disable_monodepth'): False, ('model', 'disable_pose'): False, ('model', 'variant'): 'sel_ds_us_pad_transfer_dcompgt0030', ('data', 'restrict_to_subset', 'mode'): 'fixed', ('data', 'restrict_to_subset', 'subset'): [1436, 1150, 336, 2071, 382, 2563, 184, 1044, 2460, 831, 1704, 2868, 1133, 641, 416, 1553, 152, 234, 2684, 281, 114, 959, 1376, 914, 2471, 2729, 2538, 2478, 2323, 2054, 1711, 2430, 2894, 1620, 2462, 768, 158, 1308, 754, 2726, 2865, 2912, 1773, 2507, 109, 1981, 2531, 650, 484, 2062, 1234, 2425, 1233, 1103, 1211, 1459, 2451, 851, 2604, 2621, 2280, 1658, 2443, 2470, 1213, 259, 2529, 1294, 525, 1266, 274, 1615, 1170, 735, 1361, 352, 2312, 2318, 2651, 460, 2970, 2717, 2021, 2855, 2322, 2298, 2888, 1223, 715, 1097, 1669, 2442, 632, 1629, 1451, 2737, 2363, 1980, 1112, 464, 755, 1255, 2301, 2065, 2450, 1895, 1614, 642, 636, 630, 809, 1471, 2637, 1390, 1937, 2039, 2166, 2366, 2638, 1239, 2511, 1110, 2897, 359, 1674, 1031, 220, 2611, 2664, 2753, 2536, 2048, 2052, 2311, 2407, 721, 2055, 2892, 2860, 422, 1176, 956, 1697, 185, 1164, 2457, 2333, 1682, 2859, 190, 279, 337, 2852, 1976, 335, 849, 1578, 1698, 811, 736, 2093, 2649, 2445, 958, 680, 2704, 1257, 2593, 280, 2486, 1275, 2440, 356, 1693, 524, 1086, 2056, 758, 2331, 638, 17, 2650, 3, 1331, 1842, 604, 2073, 387, 2037, 1027, 495, 2535, 2830, 2924, 803, 646, 2456, 649, 2590, 1563, 2329, 1741, 2126, 1194, 61, 230, 1147, 2215, 1500, 794, 1212, 1809, 2785, 1598, 1606, 233, 1142, 310, 429, 277, 1915, 1177, 2118, 1554, 813, 2539, 2047, 45, 880, 134, 1573, 1263, 2148, 1319, 1328, 2310, 2232, 616, 2645, 2286, 1276, 922, 353, 2923, 1690, 1030, 836, 1120, 538, 796, 1310, 699, 823, 2176, 2891, 2959, 2035, 412, 2795, 1472, 672, 2285, 2805, 2898, 907, 2122, 923, 631, 2610, 2277, 2626, 2325, 1220, 2306, 1709, 2685, 2663, 2796, 2123, 1384, 91, 2446, 810, 2861, 2575, 399, 311, 2525, 1870, 1218, 1586, 1269, 588, 2238, 529, 2441, 700, 2730, 2005, 2098, 2020, 1082, 1750, 2654, 2939, 1725, 1125, 1254, 485, 870, 2095, 1198, 881, 2302, 927, 713, 1135, 2300, 2028, 720, 383, 2640, 2405, 219, 1495, 1235, 2314, 1278, 1942, 1152, 1332, 698, 1700, 760, 360, 2527, 694, 832, 278, 2131, 1865, 1982, 1452, 1370, 2572, 806, 1210, 2606, 904, 2711, 886, 142, 1710, 2291, 2636, 2392, 1613, 2377, 2544, 534, 2802, 578, 2743, 1494, 1449, 1203, 2699, 1609, 2676, 1520, 610, 798], ('data', 'restrict_to_subset', 'n_subset'): 372, ('training', 'optimizer', 'pose_lr'): 1e-06, ('training', 'monodepth_lambda'): 1, ('training', 'pseudo_depth_lambda'): 0.0, ('training', 'unlabeled_segmentation', 'consistency_weight'): 1.0, ('training', 'unlabeled_segmentation', 'mix_mask'): 'depthcomp', ('training', 'unlabeled_segmentation', 'depthmix_online_depth'): True, ('training', 'unlabeled_segmentation', 'backward_first_pseudo_label'): False, ('training', 'unlabeled_segmentation', 'color_jitter'): True, ('training', 'unlabeled_segmentation', 'blur'): True, ('training', 'unlabeled_segmentation', 'only_unlabeled'): False, ('training', 'unlabeled_segmentation', 'mix_use_gt'): True, ('training', 'unlabeled_segmentation', 'depthcomp_margin'): 0.03, ('training', 'unlabeled_segmentation', 'depthcomp_foreground_threshold'): 0, ('training', 'unlabeled_segmentation', 'debug_image'): True, ('training', 'disable_depth_estimator'): True, ('training', 'disable_depth_grad_clip'): False}

Finished: Sun Mar 29 11:39:36 BST 2026
==========================================
