==============================================
exp 217: cosine λ=0.84 × 3 seeds
==============================================
Run IDs : 9,10,11  (seeds 7 / 25 / 42)
Config  : configs/cityscapes_joint.yml
Time    : 24h
==============================================
Host    : nid010128
Job ID  : 2578797
Start   : Wed Mar  4 01:02:45 AM UTC 2026
GPU     : 0

Starting 3 seeds (7, 25, 42) sequentially...

Start experiment cityscapes_joint_217
Run ID: cityscapes_joint_217_2026-03-04_01-03-06
Resolved base cfg vars {'seed': 7, ('model', 'variant'): 'ct_mse_0p30', ('training', 'cross_task_lambda'): 0.3, ('training', 'cross_task_type'): 'mse'}
Resolved vars {('config', 'general', 'tag'): 'cityscapes_pad_ct_mse_0p30_D372_S7', 'seed': 7, ('model', 'variant'): 'ct_mse_0p30', ('training', 'cross_task_lambda'): 0.3, ('training', 'cross_task_type'): 'mse'}
Resolved base cfg vars {'seed': 25, ('model', 'variant'): 'ct_mse_0p30', ('training', 'cross_task_lambda'): 0.3, ('training', 'cross_task_type'): 'mse'}
Resolved vars {('config', 'general', 'tag'): 'cityscapes_pad_ct_mse_0p30_D372_S25', 'seed': 25, ('model', 'variant'): 'ct_mse_0p30', ('training', 'cross_task_lambda'): 0.3, ('training', 'cross_task_type'): 'mse'}
Resolved base cfg vars {'seed': 42, ('model', 'variant'): 'ct_mse_0p30', ('training', 'cross_task_lambda'): 0.3, ('training', 'cross_task_type'): 'mse'}
Resolved vars {('config', 'general', 'tag'): 'cityscapes_pad_ct_mse_0p30_D372_S42', 'seed': 42, ('model', 'variant'): 'ct_mse_0p30', ('training', 'cross_task_lambda'): 0.3, ('training', 'cross_task_type'): 'mse'}
Resolved base cfg vars {'seed': 7, ('model', 'variant'): 'ct_cos_0p48', ('training', 'cross_task_lambda'): 0.48, ('training', 'cross_task_type'): 'cosine'}
Resolved vars {('config', 'general', 'tag'): 'cityscapes_pad_ct_cos_0p48_D372_S7', 'seed': 7, ('model', 'variant'): 'ct_cos_0p48', ('training', 'cross_task_lambda'): 0.48, ('training', 'cross_task_type'): 'cosine'}
Resolved base cfg vars {'seed': 25, ('model', 'variant'): 'ct_cos_0p48', ('training', 'cross_task_lambda'): 0.48, ('training', 'cross_task_type'): 'cosine'}
Resolved vars {('config', 'general', 'tag'): 'cityscapes_pad_ct_cos_0p48_D372_S25', 'seed': 25, ('model', 'variant'): 'ct_cos_0p48', ('training', 'cross_task_lambda'): 0.48, ('training', 'cross_task_type'): 'cosine'}
Resolved base cfg vars {'seed': 42, ('model', 'variant'): 'ct_cos_0p48', ('training', 'cross_task_lambda'): 0.48, ('training', 'cross_task_type'): 'cosine'}
Resolved vars {('config', 'general', 'tag'): 'cityscapes_pad_ct_cos_0p48_D372_S42', 'seed': 42, ('model', 'variant'): 'ct_cos_0p48', ('training', 'cross_task_lambda'): 0.48, ('training', 'cross_task_type'): 'cosine'}
Resolved base cfg vars {'seed': 7, ('model', 'variant'): 'ct_cos_0p60', ('training', 'cross_task_lambda'): 0.6, ('training', 'cross_task_type'): 'cosine'}
Resolved vars {('config', 'general', 'tag'): 'cityscapes_pad_ct_cos_0p60_D372_S7', 'seed': 7, ('model', 'variant'): 'ct_cos_0p60', ('training', 'cross_task_lambda'): 0.6, ('training', 'cross_task_type'): 'cosine'}
Resolved base cfg vars {'seed': 25, ('model', 'variant'): 'ct_cos_0p60', ('training', 'cross_task_lambda'): 0.6, ('training', 'cross_task_type'): 'cosine'}
Resolved vars {('config', 'general', 'tag'): 'cityscapes_pad_ct_cos_0p60_D372_S25', 'seed': 25, ('model', 'variant'): 'ct_cos_0p60', ('training', 'cross_task_lambda'): 0.6, ('training', 'cross_task_type'): 'cosine'}
Resolved base cfg vars {'seed': 42, ('model', 'variant'): 'ct_cos_0p60', ('training', 'cross_task_lambda'): 0.6, ('training', 'cross_task_type'): 'cosine'}
Resolved vars {('config', 'general', 'tag'): 'cityscapes_pad_ct_cos_0p60_D372_S42', 'seed': 42, ('model', 'variant'): 'ct_cos_0p60', ('training', 'cross_task_lambda'): 0.6, ('training', 'cross_task_type'): 'cosine'}
Resolved base cfg vars {'seed': 7, ('model', 'variant'): 'ct_cos_0p84', ('training', 'cross_task_lambda'): 0.84, ('training', 'cross_task_type'): 'cosine'}
Resolved vars {('config', 'general', 'tag'): 'cityscapes_pad_ct_cos_0p84_D372_S7', 'seed': 7, ('model', 'variant'): 'ct_cos_0p84', ('training', 'cross_task_lambda'): 0.84, ('training', 'cross_task_type'): 'cosine'}
Dispatch job 9_tag=cityscapes_pad_ct_cos_0p84_D372_S7
Start 2026-03-04_01-03-069_tag=cityscapes_pad_ct_cos_0p84_D372_S7
RUNDIR: /scratch/u5hv/shijie.u5hv/sde_seg/logs//cityscapes_joint_217/2026-03-04_01-03-069_tag=cityscapes_pad_ct_cos_0p84_D372_S7
Restrict subset from 2975 to 372 images ...
Use image subset [np.int64(0), np.int64(2), np.int64(24), np.int64(26), np.int64(34), np.int64(36), np.int64(60), np.int64(70), np.int64(71), np.int64(87), np.int64(99), np.int64(118), np.int64(121), np.int64(125), np.int64(131), np.int64(142), np.int64(151), np.int64(172), np.int64(180), np.int64(186), np.int64(190), np.int64(194), np.int64(203), np.int64(206), np.int64(224), np.int64(226), np.int64(241), np.int64(259), np.int64(278), np.int64(280), np.int64(296), np.int64(305), np.int64(314), np.int64(318), np.int64(325), np.int64(340), np.int64(356), np.int64(361), np.int64(372), np.int64(375), np.int64(377), np.int64(386), np.int64(400), np.int64(412), np.int64(414), np.int64(415), np.int64(419), np.int64(420), np.int64(423), np.int64(426), np.int64(427), np.int64(429), np.int64(430), np.int64(433), np.int64(450), np.int64(454), np.int64(468), np.int64(474), np.int64(502), np.int64(513), np.int64(514), np.int64(523), np.int64(526), np.int64(536), np.int64(539), np.int64(547), np.int64(561), np.int64(562), np.int64(580), np.int64(582), np.int64(584), np.int64(587), np.int64(592), np.int64(603), np.int64(619), np.int64(632), np.int64(637), np.int64(643), np.int64(658), np.int64(661), np.int64(664), np.int64(666), np.int64(672), np.int64(674), np.int64(690), np.int64(699), np.int64(701), np.int64(704), np.int64(705), np.int64(707), np.int64(716), np.int64(717), np.int64(718), np.int64(727), np.int64(729), np.int64(732), np.int64(735), np.int64(746), np.int64(752), np.int64(757), np.int64(760), np.int64(795), np.int64(802), np.int64(803), np.int64(832), np.int64(836), np.int64(840), np.int64(842), np.int64(845), np.int64(847), np.int64(858), np.int64(863), np.int64(864), np.int64(879), np.int64(890), np.int64(895), np.int64(921), np.int64(928), np.int64(939), np.int64(945), np.int64(961), np.int64(964), np.int64(977), np.int64(979), np.int64(983), np.int64(992), np.int64(997), np.int64(1002), np.int64(1039), np.int64(1054), np.int64(1057), np.int64(1061), np.int64(1070), np.int64(1084), np.int64(1104), np.int64(1109), np.int64(1123), np.int64(1135), np.int64(1140), np.int64(1141), np.int64(1144), np.int64(1151), np.int64(1153), np.int64(1165), np.int64(1167), np.int64(1171), np.int64(1181), np.int64(1209), np.int64(1210), np.int64(1222), np.int64(1224), np.int64(1227), np.int64(1228), np.int64(1235), np.int64(1251), np.int64(1263), np.int64(1267), np.int64(1281), np.int64(1283), np.int64(1292), np.int64(1294), np.int64(1303), np.int64(1308), np.int64(1313), np.int64(1324), np.int64(1332), np.int64(1338), np.int64(1351), np.int64(1354), np.int64(1363), np.int64(1364), np.int64(1365), np.int64(1381), np.int64(1396), np.int64(1420), np.int64(1421), np.int64(1428), np.int64(1434), np.int64(1443), np.int64(1448), np.int64(1455), np.int64(1458), np.int64(1470), np.int64(1476), np.int64(1477), np.int64(1483), np.int64(1487), np.int64(1490), np.int64(1495), np.int64(1496), np.int64(1512), np.int64(1524), np.int64(1533), np.int64(1538), np.int64(1545), np.int64(1559), np.int64(1578), np.int64(1584), np.int64(1587), np.int64(1611), np.int64(1617), np.int64(1647), np.int64(1670), np.int64(1675), np.int64(1678), np.int64(1681), np.int64(1682), np.int64(1695), np.int64(1697), np.int64(1703), np.int64(1705), np.int64(1714), np.int64(1715), np.int64(1730), np.int64(1731), np.int64(1751), np.int64(1755), np.int64(1761), np.int64(1766), np.int64(1769), np.int64(1777), np.int64(1782), np.int64(1792), np.int64(1795), np.int64(1805), np.int64(1813), np.int64(1830), np.int64(1853), np.int64(1854), np.int64(1863), np.int64(1875), np.int64(1876), np.int64(1879), np.int64(1898), np.int64(1914), np.int64(1915), np.int64(1939), np.int64(1958), np.int64(1979), np.int64(1982), np.int64(1992), np.int64(2008), np.int64(2014), np.int64(2043), np.int64(2047), np.int64(2052), np.int64(2081), np.int64(2085), np.int64(2087), np.int64(2092), np.int64(2099), np.int64(2106), np.int64(2112), np.int64(2114), np.int64(2116), np.int64(2130), np.int64(2132), np.int64(2134), np.int64(2146), np.int64(2159), np.int64(2160), np.int64(2165), np.int64(2194), np.int64(2196), np.int64(2202), np.int64(2203), np.int64(2205), np.int64(2208), np.int64(2211), np.int64(2212), np.int64(2218), np.int64(2224), np.int64(2234), np.int64(2237), np.int64(2240), np.int64(2248), np.int64(2253), np.int64(2263), np.int64(2271), np.int64(2282), np.int64(2284), np.int64(2285), np.int64(2288), np.int64(2293), np.int64(2335), np.int64(2350), np.int64(2360), np.int64(2361), np.int64(2369), np.int64(2385), np.int64(2402), np.int64(2417), np.int64(2426), np.int64(2430), np.int64(2437), np.int64(2443), np.int64(2444), np.int64(2455), np.int64(2461), np.int64(2465), np.int64(2489), np.int64(2503), np.int64(2510), np.int64(2522), np.int64(2535), np.int64(2547), np.int64(2548), np.int64(2555), np.int64(2556), np.int64(2559), np.int64(2561), np.int64(2568), np.int64(2582), np.int64(2591), np.int64(2592), np.int64(2599), np.int64(2607), np.int64(2611), np.int64(2620), np.int64(2623), np.int64(2625), np.int64(2628), np.int64(2629), np.int64(2643), np.int64(2645), np.int64(2653), np.int64(2665), np.int64(2671), np.int64(2679), np.int64(2690), np.int64(2698), np.int64(2700), np.int64(2701), np.int64(2703), np.int64(2706), np.int64(2724), np.int64(2729), np.int64(2734), np.int64(2741), np.int64(2742), np.int64(2744), np.int64(2747), np.int64(2755), np.int64(2762), np.int64(2768), np.int64(2781), np.int64(2787), np.int64(2790), np.int64(2795), np.int64(2798), np.int64(2802), np.int64(2809), np.int64(2817), np.int64(2825), np.int64(2830), np.int64(2835), np.int64(2841), np.int64(2843), np.int64(2844), np.int64(2868), np.int64(2885), np.int64(2887), np.int64(2890), np.int64(2925), np.int64(2928), np.int64(2936), np.int64(2949), np.int64(2961), np.int64(2970), np.int64(2971), np.int64(2972), np.int64(2973)] with class frequencies:
Keep 372 images
Found 372 train images
Restrict subset from 2975 to 372 images ...
Use image subset [np.int64(0), np.int64(2), np.int64(24), np.int64(26), np.int64(34), np.int64(36), np.int64(60), np.int64(70), np.int64(71), np.int64(87), np.int64(99), np.int64(118), np.int64(121), np.int64(125), np.int64(131), np.int64(142), np.int64(151), np.int64(172), np.int64(180), np.int64(186), np.int64(190), np.int64(194), np.int64(203), np.int64(206), np.int64(224), np.int64(226), np.int64(241), np.int64(259), np.int64(278), np.int64(280), np.int64(296), np.int64(305), np.int64(314), np.int64(318), np.int64(325), np.int64(340), np.int64(356), np.int64(361), np.int64(372), np.int64(375), np.int64(377), np.int64(386), np.int64(400), np.int64(412), np.int64(414), np.int64(415), np.int64(419), np.int64(420), np.int64(423), np.int64(426), np.int64(427), np.int64(429), np.int64(430), np.int64(433), np.int64(450), np.int64(454), np.int64(468), np.int64(474), np.int64(502), np.int64(513), np.int64(514), np.int64(523), np.int64(526), np.int64(536), np.int64(539), np.int64(547), np.int64(561), np.int64(562), np.int64(580), np.int64(582), np.int64(584), np.int64(587), np.int64(592), np.int64(603), np.int64(619), np.int64(632), np.int64(637), np.int64(643), np.int64(658), np.int64(661), np.int64(664), np.int64(666), np.int64(672), np.int64(674), np.int64(690), np.int64(699), np.int64(701), np.int64(704), np.int64(705), np.int64(707), np.int64(716), np.int64(717), np.int64(718), np.int64(727), np.int64(729), np.int64(732), np.int64(735), np.int64(746), np.int64(752), np.int64(757), np.int64(760), np.int64(795), np.int64(802), np.int64(803), np.int64(832), np.int64(836), np.int64(840), np.int64(842), np.int64(845), np.int64(847), np.int64(858), np.int64(863), np.int64(864), np.int64(879), np.int64(890), np.int64(895), np.int64(921), np.int64(928), np.int64(939), np.int64(945), np.int64(961), np.int64(964), np.int64(977), np.int64(979), np.int64(983), np.int64(992), np.int64(997), np.int64(1002), np.int64(1039), np.int64(1054), np.int64(1057), np.int64(1061), np.int64(1070), np.int64(1084), np.int64(1104), np.int64(1109), np.int64(1123), np.int64(1135), np.int64(1140), np.int64(1141), np.int64(1144), np.int64(1151), np.int64(1153), np.int64(1165), np.int64(1167), np.int64(1171), np.int64(1181), np.int64(1209), np.int64(1210), np.int64(1222), np.int64(1224), np.int64(1227), np.int64(1228), np.int64(1235), np.int64(1251), np.int64(1263), np.int64(1267), np.int64(1281), np.int64(1283), np.int64(1292), np.int64(1294), np.int64(1303), np.int64(1308), np.int64(1313), np.int64(1324), np.int64(1332), np.int64(1338), np.int64(1351), np.int64(1354), np.int64(1363), np.int64(1364), np.int64(1365), np.int64(1381), np.int64(1396), np.int64(1420), np.int64(1421), np.int64(1428), np.int64(1434), np.int64(1443), np.int64(1448), np.int64(1455), np.int64(1458), np.int64(1470), np.int64(1476), np.int64(1477), np.int64(1483), np.int64(1487), np.int64(1490), np.int64(1495), np.int64(1496), np.int64(1512), np.int64(1524), np.int64(1533), np.int64(1538), np.int64(1545), np.int64(1559), np.int64(1578), np.int64(1584), np.int64(1587), np.int64(1611), np.int64(1617), np.int64(1647), np.int64(1670), np.int64(1675), np.int64(1678), np.int64(1681), np.int64(1682), np.int64(1695), np.int64(1697), np.int64(1703), np.int64(1705), np.int64(1714), np.int64(1715), np.int64(1730), np.int64(1731), np.int64(1751), np.int64(1755), np.int64(1761), np.int64(1766), np.int64(1769), np.int64(1777), np.int64(1782), np.int64(1792), np.int64(1795), np.int64(1805), np.int64(1813), np.int64(1830), np.int64(1853), np.int64(1854), np.int64(1863), np.int64(1875), np.int64(1876), np.int64(1879), np.int64(1898), np.int64(1914), np.int64(1915), np.int64(1939), np.int64(1958), np.int64(1979), np.int64(1982), np.int64(1992), np.int64(2008), np.int64(2014), np.int64(2043), np.int64(2047), np.int64(2052), np.int64(2081), np.int64(2085), np.int64(2087), np.int64(2092), np.int64(2099), np.int64(2106), np.int64(2112), np.int64(2114), np.int64(2116), np.int64(2130), np.int64(2132), np.int64(2134), np.int64(2146), np.int64(2159), np.int64(2160), np.int64(2165), np.int64(2194), np.int64(2196), np.int64(2202), np.int64(2203), np.int64(2205), np.int64(2208), np.int64(2211), np.int64(2212), np.int64(2218), np.int64(2224), np.int64(2234), np.int64(2237), np.int64(2240), np.int64(2248), np.int64(2253), np.int64(2263), np.int64(2271), np.int64(2282), np.int64(2284), np.int64(2285), np.int64(2288), np.int64(2293), np.int64(2335), np.int64(2350), np.int64(2360), np.int64(2361), np.int64(2369), np.int64(2385), np.int64(2402), np.int64(2417), np.int64(2426), np.int64(2430), np.int64(2437), np.int64(2443), np.int64(2444), np.int64(2455), np.int64(2461), np.int64(2465), np.int64(2489), np.int64(2503), np.int64(2510), np.int64(2522), np.int64(2535), np.int64(2547), np.int64(2548), np.int64(2555), np.int64(2556), np.int64(2559), np.int64(2561), np.int64(2568), np.int64(2582), np.int64(2591), np.int64(2592), np.int64(2599), np.int64(2607), np.int64(2611), np.int64(2620), np.int64(2623), np.int64(2625), np.int64(2628), np.int64(2629), np.int64(2643), np.int64(2645), np.int64(2653), np.int64(2665), np.int64(2671), np.int64(2679), np.int64(2690), np.int64(2698), np.int64(2700), np.int64(2701), np.int64(2703), np.int64(2706), np.int64(2724), np.int64(2729), np.int64(2734), np.int64(2741), np.int64(2742), np.int64(2744), np.int64(2747), np.int64(2755), np.int64(2762), np.int64(2768), np.int64(2781), np.int64(2787), np.int64(2790), np.int64(2795), np.int64(2798), np.int64(2802), np.int64(2809), np.int64(2817), np.int64(2825), np.int64(2830), np.int64(2835), np.int64(2841), np.int64(2843), np.int64(2844), np.int64(2868), np.int64(2885), np.int64(2887), np.int64(2890), np.int64(2925), np.int64(2928), np.int64(2936), np.int64(2949), np.int64(2961), np.int64(2970), np.int64(2971), np.int64(2972), np.int64(2973)] with class frequencies:
Keep 2975 images
Found 2975 train images
Found 500 val images
Load mono_cityscapes_1024x512_r101dil_aspp_dec6_lr5_fd2_crop512x512bs4 weights
Load mono_cityscapes_1024x512_r101dil_aspp_dec6_lr5_fd2_crop512x512bs4depth weights
Load mono_cityscapes_1024x512_r101dil_aspp_dec6_lr5_fd2_crop512x512bs4depth weights
Create segmentation ema model.
Load mono_cityscapes_1024x512_r101dil_aspp_dec6_lr5_fd2_crop512x512bs4 weights
Load mono_cityscapes_1024x512_r101dil_aspp_dec6_lr5_fd2_crop512x512bs4depth weights
Load mono_cityscapes_1024x512_r101dil_aspp_dec6_lr5_fd2_crop512x512bs4depth weights
PAD run first half of decoder ([4, 3, 2]).
bottleneck shape torch.Size([2, 2048, 32, 32])
upconv4-0 shape: torch.Size([2, 256, 32, 32])
concatenated features shape: torch.Size([2, 1280, 32, 32])
upconv4-1 shape: torch.Size([2, 256, 32, 32])
upconv3-0 shape: torch.Size([2, 256, 32, 32])
concatenated features shape: torch.Size([2, 768, 64, 64])
upconv3-1 shape: torch.Size([2, 256, 64, 64])
disp3 shape: torch.Size([2, 1, 64, 64]), expected [64 64]
upconv2-0 shape: torch.Size([2, 128, 64, 64])
concatenated features shape: torch.Size([2, 384, 128, 128])
upconv2-1 shape: torch.Size([2, 128, 128, 128])
disp2 shape: torch.Size([2, 1, 128, 128]), expected [128 128]
bottleneck shape torch.Size([2, 2048, 32, 32])
upconv4-0 shape: torch.Size([2, 256, 32, 32])
concatenated features shape: torch.Size([2, 1280, 32, 32])
upconv4-1 shape: torch.Size([2, 256, 32, 32])
upconv3-0 shape: torch.Size([2, 256, 32, 32])
concatenated features shape: torch.Size([2, 768, 64, 64])
upconv3-1 shape: torch.Size([2, 256, 64, 64])
upconv2-0 shape: torch.Size([2, 128, 64, 64])
concatenated features shape: torch.Size([2, 384, 128, 128])
upconv2-1 shape: torch.Size([2, 128, 128, 128])
PAD self attention for ('upconv', 2) with shape torch.Size([2, 128, 128, 128]).
PAD run second half of decoder ([1, 0]).
bottleneck shape torch.Size([2, 128, 128, 128])
upconv1-0 shape: torch.Size([2, 128, 128, 128])
concatenated features shape: torch.Size([2, 192, 256, 256])
upconv1-1 shape: torch.Size([2, 128, 256, 256])
disp1 shape: torch.Size([2, 1, 256, 256]), expected [256 256]
upconv0-0 shape: torch.Size([2, 64, 256, 256])
concatenated features shape: torch.Size([2, 64, 512, 512])
upconv0-1 shape: torch.Size([2, 64, 512, 512])
disp0 shape: torch.Size([2, 1, 512, 512]), expected [512 512]
WARN get_lr: optimizer has more than one param group
Overall Acc: 	 0.8092361395030667
Mean Acc : 	 0.259010301031754
FreqW Acc : 	 0.6770165027678635
Mean IoU : 	 0.21191592286929206
WARN get_lr: optimizer has more than one param group
WARN get_lr: optimizer has more than one param group
WARN get_lr: optimizer has more than one param group
WARN get_lr: optimizer has more than one param group
WARN get_lr: optimizer has more than one param group
WARN get_lr: optimizer has more than one param group
WARN get_lr: optimizer has more than one param group
WARN get_lr: optimizer has more than one param group
WARN get_lr: optimizer has more than one param group
WARN get_lr: optimizer has more than one param group
WARN get_lr: optimizer has more than one param group
WARN get_lr: optimizer has more than one param group
WARN get_lr: optimizer has more than one param group
WARN get_lr: optimizer has more than one param group
WARN get_lr: optimizer has more than one param group
WARN get_lr: optimizer has more than one param group
WARN get_lr: optimizer has more than one param group
WARN get_lr: optimizer has more than one param group
WARN get_lr: optimizer has more than one param group
WARN get_lr: optimizer has more than one param group
WARN get_lr: optimizer has more than one param group
WARN get_lr: optimizer has more than one param group
WARN get_lr: optimizer has more than one param group
WARN get_lr: optimizer has more than one param group
Overall Acc: 	 0.917063431106522
Mean Acc : 	 0.5794554306831816
FreqW Acc : 	 0.855945561728136
Mean IoU : 	 0.48174224086466716
WARN get_lr: optimizer has more than one param group
WARN get_lr: optimizer has more than one param group
WARN get_lr: optimizer has more than one param group
WARN get_lr: optimizer has more than one param group
WARN get_lr: optimizer has more than one param group
WARN get_lr: optimizer has more than one param group
WARN get_lr: optimizer has more than one param group
WARN get_lr: optimizer has more than one param group
WARN get_lr: optimizer has more than one param group
WARN get_lr: optimizer has more than one param group
WARN get_lr: optimizer has more than one param group
WARN get_lr: optimizer has more than one param group
WARN get_lr: optimizer has more than one param group
WARN get_lr: optimizer has more than one param group
WARN get_lr: optimizer has more than one param group
WARN get_lr: optimizer has more than one param group
WARN get_lr: optimizer has more than one param group
WARN get_lr: optimizer has more than one param group
WARN get_lr: optimizer has more than one param group
WARN get_lr: optimizer has more than one param group
WARN get_lr: optimizer has more than one param group
WARN get_lr: optimizer has more than one param group
WARN get_lr: optimizer has more than one param group
WARN get_lr: optimizer has more than one param group
WARN get_lr: optimizer has more than one param group
Overall Acc: 	 0.9271912287478173
Mean Acc : 	 0.6250890889018057
FreqW Acc : 	 0.871392330764705
Mean IoU : 	 0.5316258734178646
WARN get_lr: optimizer has more than one param group
WARN get_lr: optimizer has more than one param group
WARN get_lr: optimizer has more than one param group
WARN get_lr: optimizer has more than one param group
WARN get_lr: optimizer has more than one param group
WARN get_lr: optimizer has more than one param group
WARN get_lr: optimizer has more than one param group
WARN get_lr: optimizer has more than one param group
WARN get_lr: optimizer has more than one param group
WARN get_lr: optimizer has more than one param group
WARN get_lr: optimizer has more than one param group
WARN get_lr: optimizer has more than one param group
WARN get_lr: optimizer has more than one param group
WARN get_lr: optimizer has more than one param group
WARN get_lr: optimizer has more than one param group
WARN get_lr: optimizer has more than one param group
WARN get_lr: optimizer has more than one param group
WARN get_lr: optimizer has more than one param group
WARN get_lr: optimizer has more than one param group
WARN get_lr: optimizer has more than one param group
WARN get_lr: optimizer has more than one param group
WARN get_lr: optimizer has more than one param group
WARN get_lr: optimizer has more than one param group
WARN get_lr: optimizer has more than one param group
WARN get_lr: optimizer has more than one param group
Overall Acc: 	 0.9289666762104789
Mean Acc : 	 0.6520312962098127
FreqW Acc : 	 0.8758736719240124
Mean IoU : 	 0.5500524568662257
WARN get_lr: optimizer has more than one param group
WARN get_lr: optimizer has more than one param group
WARN get_lr: optimizer has more than one param group
WARN get_lr: optimizer has more than one param group
WARN get_lr: optimizer has more than one param group
WARN get_lr: optimizer has more than one param group
WARN get_lr: optimizer has more than one param group
WARN get_lr: optimizer has more than one param group
WARN get_lr: optimizer has more than one param group
WARN get_lr: optimizer has more than one param group
WARN get_lr: optimizer has more than one param group
WARN get_lr: optimizer has more than one param group
WARN get_lr: optimizer has more than one param group
WARN get_lr: optimizer has more than one param group
WARN get_lr: optimizer has more than one param group
WARN get_lr: optimizer has more than one param group
WARN get_lr: optimizer has more than one param group
WARN get_lr: optimizer has more than one param group
WARN get_lr: optimizer has more than one param group
WARN get_lr: optimizer has more than one param group
WARN get_lr: optimizer has more than one param group
WARN get_lr: optimizer has more than one param group
WARN get_lr: optimizer has more than one param group
WARN get_lr: optimizer has more than one param group
WARN get_lr: optimizer has more than one param group
Overall Acc: 	 0.9318212347718353
Mean Acc : 	 0.6580973904794163
FreqW Acc : 	 0.8789786412728762
Mean IoU : 	 0.569749001290625
WARN get_lr: optimizer has more than one param group
WARN get_lr: optimizer has more than one param group
WARN get_lr: optimizer has more than one param group
WARN get_lr: optimizer has more than one param group
WARN get_lr: optimizer has more than one param group
WARN get_lr: optimizer has more than one param group
WARN get_lr: optimizer has more than one param group
WARN get_lr: optimizer has more than one param group
WARN get_lr: optimizer has more than one param group
WARN get_lr: optimizer has more than one param group
WARN get_lr: optimizer has more than one param group
WARN get_lr: optimizer has more than one param group
WARN get_lr: optimizer has more than one param group
WARN get_lr: optimizer has more than one param group
WARN get_lr: optimizer has more than one param group
WARN get_lr: optimizer has more than one param group
WARN get_lr: optimizer has more than one param group
WARN get_lr: optimizer has more than one param group
WARN get_lr: optimizer has more than one param group
WARN get_lr: optimizer has more than one param group
WARN get_lr: optimizer has more than one param group
WARN get_lr: optimizer has more than one param group
WARN get_lr: optimizer has more than one param group
WARN get_lr: optimizer has more than one param group
WARN get_lr: optimizer has more than one param group
Overall Acc: 	 0.9323679772990786
Mean Acc : 	 0.6736925611836612
FreqW Acc : 	 0.8801458042869331
Mean IoU : 	 0.5787058019752356
WARN get_lr: optimizer has more than one param group
WARN get_lr: optimizer has more than one param group
WARN get_lr: optimizer has more than one param group
WARN get_lr: optimizer has more than one param group
WARN get_lr: optimizer has more than one param group
WARN get_lr: optimizer has more than one param group
WARN get_lr: optimizer has more than one param group
WARN get_lr: optimizer has more than one param group
WARN get_lr: optimizer has more than one param group
WARN get_lr: optimizer has more than one param group
WARN get_lr: optimizer has more than one param group
WARN get_lr: optimizer has more than one param group
WARN get_lr: optimizer has more than one param group
WARN get_lr: optimizer has more than one param group
WARN get_lr: optimizer has more than one param group
WARN get_lr: optimizer has more than one param group
WARN get_lr: optimizer has more than one param group
WARN get_lr: optimizer has more than one param group
WARN get_lr: optimizer has more than one param group
WARN get_lr: optimizer has more than one param group
WARN get_lr: optimizer has more than one param group
WARN get_lr: optimizer has more than one param group
WARN get_lr: optimizer has more than one param group
WARN get_lr: optimizer has more than one param group
WARN get_lr: optimizer has more than one param group
Overall Acc: 	 0.9343289687561808
Mean Acc : 	 0.6725982585219704
FreqW Acc : 	 0.882726353741735
Mean IoU : 	 0.5825401011097094
WARN get_lr: optimizer has more than one param group
WARN get_lr: optimizer has more than one param group
WARN get_lr: optimizer has more than one param group
WARN get_lr: optimizer has more than one param group
WARN get_lr: optimizer has more than one param group
WARN get_lr: optimizer has more than one param group
WARN get_lr: optimizer has more than one param group
WARN get_lr: optimizer has more than one param group
WARN get_lr: optimizer has more than one param group
WARN get_lr: optimizer has more than one param group
WARN get_lr: optimizer has more than one param group
WARN get_lr: optimizer has more than one param group
WARN get_lr: optimizer has more than one param group
WARN get_lr: optimizer has more than one param group
WARN get_lr: optimizer has more than one param group
WARN get_lr: optimizer has more than one param group
WARN get_lr: optimizer has more than one param group
WARN get_lr: optimizer has more than one param group
WARN get_lr: optimizer has more than one param group
WARN get_lr: optimizer has more than one param group
WARN get_lr: optimizer has more than one param group
WARN get_lr: optimizer has more than one param group
WARN get_lr: optimizer has more than one param group
WARN get_lr: optimizer has more than one param group
WARN get_lr: optimizer has more than one param group
Overall Acc: 	 0.933746533450095
Mean Acc : 	 0.672544913665614
FreqW Acc : 	 0.8818516501218396
Mean IoU : 	 0.5797285142971119
WARN get_lr: optimizer has more than one param group
WARN get_lr: optimizer has more than one param group
WARN get_lr: optimizer has more than one param group
WARN get_lr: optimizer has more than one param group
WARN get_lr: optimizer has more than one param group
WARN get_lr: optimizer has more than one param group
WARN get_lr: optimizer has more than one param group
WARN get_lr: optimizer has more than one param group
WARN get_lr: optimizer has more than one param group
WARN get_lr: optimizer has more than one param group
WARN get_lr: optimizer has more than one param group
WARN get_lr: optimizer has more than one param group
WARN get_lr: optimizer has more than one param group
WARN get_lr: optimizer has more than one param group
WARN get_lr: optimizer has more than one param group
WARN get_lr: optimizer has more than one param group
WARN get_lr: optimizer has more than one param group
WARN get_lr: optimizer has more than one param group
WARN get_lr: optimizer has more than one param group
WARN get_lr: optimizer has more than one param group
WARN get_lr: optimizer has more than one param group
WARN get_lr: optimizer has more than one param group
WARN get_lr: optimizer has more than one param group
WARN get_lr: optimizer has more than one param group
WARN get_lr: optimizer has more than one param group
Overall Acc: 	 0.9331134294045497
Mean Acc : 	 0.6758404762713399
FreqW Acc : 	 0.8815277470350749
Mean IoU : 	 0.5663926437049845
WARN get_lr: optimizer has more than one param group
WARN get_lr: optimizer has more than one param group
WARN get_lr: optimizer has more than one param group
WARN get_lr: optimizer has more than one param group
WARN get_lr: optimizer has more than one param group
WARN get_lr: optimizer has more than one param group
WARN get_lr: optimizer has more than one param group
WARN get_lr: optimizer has more than one param group
WARN get_lr: optimizer has more than one param group
WARN get_lr: optimizer has more than one param group
WARN get_lr: optimizer has more than one param group
WARN get_lr: optimizer has more than one param group
WARN get_lr: optimizer has more than one param group
WARN get_lr: optimizer has more than one param group
WARN get_lr: optimizer has more than one param group
WARN get_lr: optimizer has more than one param group
WARN get_lr: optimizer has more than one param group
WARN get_lr: optimizer has more than one param group
WARN get_lr: optimizer has more than one param group
WARN get_lr: optimizer has more than one param group
WARN get_lr: optimizer has more than one param group
WARN get_lr: optimizer has more than one param group
WARN get_lr: optimizer has more than one param group
WARN get_lr: optimizer has more than one param group
WARN get_lr: optimizer has more than one param group
Overall Acc: 	 0.9348224033199117
Mean Acc : 	 0.6985173177029528
FreqW Acc : 	 0.8838244382294455
Mean IoU : 	 0.6005767774713648
WARN get_lr: optimizer has more than one param group
WARN get_lr: optimizer has more than one param group
WARN get_lr: optimizer has more than one param group
WARN get_lr: optimizer has more than one param group
WARN get_lr: optimizer has more than one param group
WARN get_lr: optimizer has more than one param group
WARN get_lr: optimizer has more than one param group
WARN get_lr: optimizer has more than one param group
WARN get_lr: optimizer has more than one param group
WARN get_lr: optimizer has more than one param group
WARN get_lr: optimizer has more than one param group
WARN get_lr: optimizer has more than one param group
WARN get_lr: optimizer has more than one param group
WARN get_lr: optimizer has more than one param group
WARN get_lr: optimizer has more than one param group
WARN get_lr: optimizer has more than one param group
WARN get_lr: optimizer has more than one param group
WARN get_lr: optimizer has more than one param group
WARN get_lr: optimizer has more than one param group
WARN get_lr: optimizer has more than one param group
WARN get_lr: optimizer has more than one param group
WARN get_lr: optimizer has more than one param group
WARN get_lr: optimizer has more than one param group
WARN get_lr: optimizer has more than one param group
WARN get_lr: optimizer has more than one param group
Overall Acc: 	 0.9349915143275643
Mean Acc : 	 0.6953030616817903
FreqW Acc : 	 0.8843674549119399
Mean IoU : 	 0.5881401213582431
WARN get_lr: optimizer has more than one param group
WARN get_lr: optimizer has more than one param group
WARN get_lr: optimizer has more than one param group
WARN get_lr: optimizer has more than one param group
WARN get_lr: optimizer has more than one param group
WARN get_lr: optimizer has more than one param group
WARN get_lr: optimizer has more than one param group
WARN get_lr: optimizer has more than one param group
WARN get_lr: optimizer has more than one param group
WARN get_lr: optimizer has more than one param group
WARN get_lr: optimizer has more than one param group
WARN get_lr: optimizer has more than one param group
WARN get_lr: optimizer has more than one param group
WARN get_lr: optimizer has more than one param group
WARN get_lr: optimizer has more than one param group
WARN get_lr: optimizer has more than one param group
WARN get_lr: optimizer has more than one param group
WARN get_lr: optimizer has more than one param group
WARN get_lr: optimizer has more than one param group
WARN get_lr: optimizer has more than one param group
WARN get_lr: optimizer has more than one param group
WARN get_lr: optimizer has more than one param group
WARN get_lr: optimizer has more than one param group
WARN get_lr: optimizer has more than one param group
WARN get_lr: optimizer has more than one param group
Overall Acc: 	 0.9356043552396797
Mean Acc : 	 0.7015848420857492
FreqW Acc : 	 0.8845376934417775
Mean IoU : 	 0.6068705411601044
WARN get_lr: optimizer has more than one param group
WARN get_lr: optimizer has more than one param group
WARN get_lr: optimizer has more than one param group
WARN get_lr: optimizer has more than one param group
WARN get_lr: optimizer has more than one param group
WARN get_lr: optimizer has more than one param group
WARN get_lr: optimizer has more than one param group
WARN get_lr: optimizer has more than one param group
WARN get_lr: optimizer has more than one param group
WARN get_lr: optimizer has more than one param group
WARN get_lr: optimizer has more than one param group
WARN get_lr: optimizer has more than one param group
WARN get_lr: optimizer has more than one param group
WARN get_lr: optimizer has more than one param group
WARN get_lr: optimizer has more than one param group
WARN get_lr: optimizer has more than one param group
WARN get_lr: optimizer has more than one param group
WARN get_lr: optimizer has more than one param group
WARN get_lr: optimizer has more than one param group
WARN get_lr: optimizer has more than one param group
WARN get_lr: optimizer has more than one param group
WARN get_lr: optimizer has more than one param group
WARN get_lr: optimizer has more than one param group
WARN get_lr: optimizer has more than one param group
WARN get_lr: optimizer has more than one param group
Overall Acc: 	 0.9349083896757865
Mean Acc : 	 0.7032304894086403
FreqW Acc : 	 0.8847385530527566
Mean IoU : 	 0.5973673772900381
WARN get_lr: optimizer has more than one param group
WARN get_lr: optimizer has more than one param group
WARN get_lr: optimizer has more than one param group
WARN get_lr: optimizer has more than one param group
WARN get_lr: optimizer has more than one param group
Overall Acc: 	 0.9379041619922046
Mean Acc : 	 0.7096425876289495
FreqW Acc : 	 0.8888863323353856
Mean IoU : 	 0.6159350288669865
WARN get_lr: optimizer has more than one param group
WARN get_lr: optimizer has more than one param group
WARN get_lr: optimizer has more than one param group
WARN get_lr: optimizer has more than one param group
WARN get_lr: optimizer has more than one param group
Overall Acc: 	 0.9378604163082357
Mean Acc : 	 0.7119914654654963
FreqW Acc : 	 0.8888576655819292
Mean IoU : 	 0.617720369746652
WARN get_lr: optimizer has more than one param group
WARN get_lr: optimizer has more than one param group
WARN get_lr: optimizer has more than one param group
WARN get_lr: optimizer has more than one param group
WARN get_lr: optimizer has more than one param group
Overall Acc: 	 0.9379936382311244
Mean Acc : 	 0.7073869116177776
FreqW Acc : 	 0.889162866745316
Mean IoU : 	 0.6135102933859219
WARN get_lr: optimizer has more than one param group
WARN get_lr: optimizer has more than one param group
WARN get_lr: optimizer has more than one param group
WARN get_lr: optimizer has more than one param group
WARN get_lr: optimizer has more than one param group
Overall Acc: 	 0.9379501542883838
Mean Acc : 	 0.7121276654028588
FreqW Acc : 	 0.889006006418549
Mean IoU : 	 0.6158112875151215
WARN get_lr: optimizer has more than one param group
WARN get_lr: optimizer has more than one param group
WARN get_lr: optimizer has more than one param group
WARN get_lr: optimizer has more than one param group
WARN get_lr: optimizer has more than one param group
Overall Acc: 	 0.938208990189123
Mean Acc : 	 0.7124846056122601
FreqW Acc : 	 0.8894308846260576
Mean IoU : 	 0.6156313482561192
WARN get_lr: optimizer has more than one param group
WARN get_lr: optimizer has more than one param group
WARN get_lr: optimizer has more than one param group
WARN get_lr: optimizer has more than one param group
WARN get_lr: optimizer has more than one param group
Overall Acc: 	 0.9376998467893357
Mean Acc : 	 0.70705393347423
FreqW Acc : 	 0.8884904008215416
Mean IoU : 	 0.6140466422256237
WARN get_lr: optimizer has more than one param group
WARN get_lr: optimizer has more than one param group
WARN get_lr: optimizer has more than one param group
WARN get_lr: optimizer has more than one param group
WARN get_lr: optimizer has more than one param group
Overall Acc: 	 0.9381804342211074
Mean Acc : 	 0.7129165849781041
FreqW Acc : 	 0.8893340908610331
Mean IoU : 	 0.6182663778021136
WARN get_lr: optimizer has more than one param group
WARN get_lr: optimizer has more than one param group
WARN get_lr: optimizer has more than one param group
WARN get_lr: optimizer has more than one param group
WARN get_lr: optimizer has more than one param group
Overall Acc: 	 0.9382663769534441
Mean Acc : 	 0.7117479342812023
FreqW Acc : 	 0.8894272881808778
Mean IoU : 	 0.6179273054734017
WARN get_lr: optimizer has more than one param group
WARN get_lr: optimizer has more than one param group
WARN get_lr: optimizer has more than one param group
WARN get_lr: optimizer has more than one param group
WARN get_lr: optimizer has more than one param group
Overall Acc: 	 0.937966382244543
Mean Acc : 	 0.7084340584111395
FreqW Acc : 	 0.888934226920184
Mean IoU : 	 0.6141218361523331
WARN get_lr: optimizer has more than one param group
WARN get_lr: optimizer has more than one param group
WARN get_lr: optimizer has more than one param group
WARN get_lr: optimizer has more than one param group
WARN get_lr: optimizer has more than one param group
Overall Acc: 	 0.9380718770466392
Mean Acc : 	 0.7120902581901264
FreqW Acc : 	 0.8892014336551302
Mean IoU : 	 0.6159334514215405
WARN get_lr: optimizer has more than one param group
WARN get_lr: optimizer has more than one param group
WARN get_lr: optimizer has more than one param group
WARN get_lr: optimizer has more than one param group
WARN get_lr: optimizer has more than one param group
Overall Acc: 	 0.9381393321235451
Mean Acc : 	 0.7139962351745066
FreqW Acc : 	 0.8894291466595352
Mean IoU : 	 0.6166666234478388
WARN get_lr: optimizer has more than one param group
WARN get_lr: optimizer has more than one param group
WARN get_lr: optimizer has more than one param group
WARN get_lr: optimizer has more than one param group
WARN get_lr: optimizer has more than one param group
Overall Acc: 	 0.9386692665015728
Mean Acc : 	 0.7111834015497206
FreqW Acc : 	 0.8901007887436987
Mean IoU : 	 0.6185247497138583
WARN get_lr: optimizer has more than one param group
WARN get_lr: optimizer has more than one param group
WARN get_lr: optimizer has more than one param group
WARN get_lr: optimizer has more than one param group
WARN get_lr: optimizer has more than one param group
Overall Acc: 	 0.9378660524693534
Mean Acc : 	 0.714160397580053
FreqW Acc : 	 0.8890068762883865
Mean IoU : 	 0.6178264898520232
WARN get_lr: optimizer has more than one param group
WARN get_lr: optimizer has more than one param group
WARN get_lr: optimizer has more than one param group
WARN get_lr: optimizer has more than one param group
WARN get_lr: optimizer has more than one param group
Overall Acc: 	 0.9380432163821322
Mean Acc : 	 0.7147891488759162
FreqW Acc : 	 0.8895371793609472
Mean IoU : 	 0.6169765848605905
WARN get_lr: optimizer has more than one param group
WARN get_lr: optimizer has more than one param group
WARN get_lr: optimizer has more than one param group
WARN get_lr: optimizer has more than one param group
WARN get_lr: optimizer has more than one param group
Overall Acc: 	 0.9385159035911608
Mean Acc : 	 0.7069476072749906
FreqW Acc : 	 0.8896774768001223
Mean IoU : 	 0.6157197622869761
WARN get_lr: optimizer has more than one param group
WARN get_lr: optimizer has more than one param group
WARN get_lr: optimizer has more than one param group
WARN get_lr: optimizer has more than one param group
WARN get_lr: optimizer has more than one param group
Overall Acc: 	 0.9376256911369836
Mean Acc : 	 0.7143999960654632
FreqW Acc : 	 0.8886139674989351
Mean IoU : 	 0.6150263372819754
WARN get_lr: optimizer has more than one param group
WARN get_lr: optimizer has more than one param group
WARN get_lr: optimizer has more than one param group
WARN get_lr: optimizer has more than one param group
WARN get_lr: optimizer has more than one param group
Overall Acc: 	 0.9385475742797941
Mean Acc : 	 0.7195192055918068
FreqW Acc : 	 0.8900597857936708
Mean IoU : 	 0.6218587969801712
WARN get_lr: optimizer has more than one param group
WARN get_lr: optimizer has more than one param group
WARN get_lr: optimizer has more than one param group
WARN get_lr: optimizer has more than one param group
WARN get_lr: optimizer has more than one param group
Overall Acc: 	 0.9382266664467459
Mean Acc : 	 0.7175706963557704
FreqW Acc : 	 0.8893752854599476
Mean IoU : 	 0.6194657755737661
WARN get_lr: optimizer has more than one param group
WARN get_lr: optimizer has more than one param group
WARN get_lr: optimizer has more than one param group
WARN get_lr: optimizer has more than one param group
WARN get_lr: optimizer has more than one param group
Overall Acc: 	 0.9383668027004174
Mean Acc : 	 0.7167219745700036
FreqW Acc : 	 0.8898592237556789
Mean IoU : 	 0.6201414149698022
WARN get_lr: optimizer has more than one param group
WARN get_lr: optimizer has more than one param group
WARN get_lr: optimizer has more than one param group
WARN get_lr: optimizer has more than one param group
WARN get_lr: optimizer has more than one param group
Overall Acc: 	 0.9385310627706375
Mean Acc : 	 0.7115165048919178
FreqW Acc : 	 0.8899575197211528
Mean IoU : 	 0.6176517274497775
Resolved base cfg vars {'seed': 25, ('model', 'variant'): 'ct_cos_0p84', ('training', 'cross_task_lambda'): 0.84, ('training', 'cross_task_type'): 'cosine'}
Resolved vars {('config', 'general', 'tag'): 'cityscapes_pad_ct_cos_0p84_D372_S25', 'seed': 25, ('model', 'variant'): 'ct_cos_0p84', ('training', 'cross_task_lambda'): 0.84, ('training', 'cross_task_type'): 'cosine'}
Dispatch job 10_tag=cityscapes_pad_ct_cos_0p84_D372_S25
Start 2026-03-04_04-49-4210_tag=cityscapes_pad_ct_cos_0p84_D372_S25
RUNDIR: /scratch/u5hv/shijie.u5hv/sde_seg/logs//cityscapes_joint_217/2026-03-04_04-49-4210_tag=cityscapes_pad_ct_cos_0p84_D372_S25
Restrict subset from 2975 to 372 images ...
Use image subset [np.int64(7), np.int64(27), np.int64(35), np.int64(45), np.int64(48), np.int64(51), np.int64(55), np.int64(64), np.int64(81), np.int64(85), np.int64(103), np.int64(109), np.int64(111), np.int64(118), np.int64(123), np.int64(134), np.int64(135), np.int64(137), np.int64(166), np.int64(172), np.int64(176), np.int64(181), np.int64(182), np.int64(199), np.int64(201), np.int64(208), np.int64(241), np.int64(252), np.int64(256), np.int64(263), np.int64(273), np.int64(281), np.int64(289), np.int64(298), np.int64(302), np.int64(311), np.int64(314), np.int64(328), np.int64(329), np.int64(330), np.int64(335), np.int64(345), np.int64(346), np.int64(347), np.int64(349), np.int64(363), np.int64(365), np.int64(373), np.int64(387), np.int64(395), np.int64(399), np.int64(406), np.int64(408), np.int64(414), np.int64(431), np.int64(443), np.int64(444), np.int64(448), np.int64(450), np.int64(455), np.int64(462), np.int64(465), np.int64(477), np.int64(478), np.int64(484), np.int64(508), np.int64(510), np.int64(514), np.int64(522), np.int64(541), np.int64(556), np.int64(559), np.int64(568), np.int64(577), np.int64(586), np.int64(615), np.int64(617), np.int64(618), np.int64(629), np.int64(636), np.int64(638), np.int64(642), np.int64(646), np.int64(653), np.int64(670), np.int64(675), np.int64(682), np.int64(691), np.int64(698), np.int64(699), np.int64(700), np.int64(718), np.int64(725), np.int64(730), np.int64(731), np.int64(732), np.int64(746), np.int64(760), np.int64(769), np.int64(791), np.int64(800), np.int64(806), np.int64(819), np.int64(827), np.int64(831), np.int64(839), np.int64(844), np.int64(863), np.int64(867), np.int64(868), np.int64(875), np.int64(887), np.int64(899), np.int64(906), np.int64(919), np.int64(924), np.int64(939), np.int64(942), np.int64(946), np.int64(949), np.int64(967), np.int64(973), np.int64(975), np.int64(987), np.int64(993), np.int64(999), np.int64(1000), np.int64(1006), np.int64(1017), np.int64(1020), np.int64(1024), np.int64(1035), np.int64(1038), np.int64(1044), np.int64(1054), np.int64(1058), np.int64(1064), np.int64(1070), np.int64(1076), np.int64(1082), np.int64(1090), np.int64(1094), np.int64(1104), np.int64(1110), np.int64(1115), np.int64(1117), np.int64(1118), np.int64(1147), np.int64(1152), np.int64(1162), np.int64(1166), np.int64(1169), np.int64(1172), np.int64(1180), np.int64(1190), np.int64(1194), np.int64(1204), np.int64(1207), np.int64(1217), np.int64(1219), np.int64(1226), np.int64(1235), np.int64(1261), np.int64(1275), np.int64(1280), np.int64(1293), np.int64(1296), np.int64(1299), np.int64(1303), np.int64(1305), np.int64(1338), np.int64(1340), np.int64(1371), np.int64(1380), np.int64(1384), np.int64(1396), np.int64(1404), np.int64(1413), np.int64(1433), np.int64(1449), np.int64(1452), np.int64(1463), np.int64(1474), np.int64(1488), np.int64(1492), np.int64(1510), np.int64(1520), np.int64(1531), np.int64(1532), np.int64(1533), np.int64(1557), np.int64(1560), np.int64(1566), np.int64(1577), np.int64(1595), np.int64(1597), np.int64(1602), np.int64(1608), np.int64(1624), np.int64(1627), np.int64(1629), np.int64(1640), np.int64(1644), np.int64(1648), np.int64(1657), np.int64(1686), np.int64(1705), np.int64(1711), np.int64(1713), np.int64(1720), np.int64(1724), np.int64(1730), np.int64(1760), np.int64(1766), np.int64(1769), np.int64(1770), np.int64(1779), np.int64(1794), np.int64(1797), np.int64(1803), np.int64(1810), np.int64(1818), np.int64(1827), np.int64(1831), np.int64(1832), np.int64(1837), np.int64(1844), np.int64(1845), np.int64(1849), np.int64(1851), np.int64(1860), np.int64(1876), np.int64(1883), np.int64(1890), np.int64(1901), np.int64(1905), np.int64(1907), np.int64(1908), np.int64(1911), np.int64(1918), np.int64(1926), np.int64(1946), np.int64(1947), np.int64(1950), np.int64(1953), np.int64(1959), np.int64(1971), np.int64(1976), np.int64(1980), np.int64(1981), np.int64(1986), np.int64(1989), np.int64(1999), np.int64(2015), np.int64(2021), np.int64(2022), np.int64(2029), np.int64(2042), np.int64(2043), np.int64(2055), np.int64(2057), np.int64(2080), np.int64(2100), np.int64(2107), np.int64(2109), np.int64(2116), np.int64(2117), np.int64(2124), np.int64(2136), np.int64(2139), np.int64(2151), np.int64(2153), np.int64(2156), np.int64(2160), np.int64(2171), np.int64(2187), np.int64(2188), np.int64(2207), np.int64(2218), np.int64(2223), np.int64(2230), np.int64(2239), np.int64(2245), np.int64(2247), np.int64(2257), np.int64(2267), np.int64(2272), np.int64(2280), np.int64(2284), np.int64(2287), np.int64(2290), np.int64(2291), np.int64(2293), np.int64(2301), np.int64(2302), np.int64(2306), np.int64(2314), np.int64(2326), np.int64(2338), np.int64(2342), np.int64(2355), np.int64(2362), np.int64(2365), np.int64(2373), np.int64(2385), np.int64(2402), np.int64(2404), np.int64(2405), np.int64(2438), np.int64(2444), np.int64(2452), np.int64(2462), np.int64(2468), np.int64(2507), np.int64(2508), np.int64(2510), np.int64(2527), np.int64(2528), np.int64(2546), np.int64(2553), np.int64(2554), np.int64(2558), np.int64(2570), np.int64(2571), np.int64(2580), np.int64(2606), np.int64(2618), np.int64(2625), np.int64(2629), np.int64(2636), np.int64(2649), np.int64(2655), np.int64(2663), np.int64(2679), np.int64(2680), np.int64(2683), np.int64(2695), np.int64(2700), np.int64(2704), np.int64(2711), np.int64(2715), np.int64(2720), np.int64(2722), np.int64(2728), np.int64(2734), np.int64(2738), np.int64(2752), np.int64(2758), np.int64(2759), np.int64(2775), np.int64(2777), np.int64(2782), np.int64(2791), np.int64(2799), np.int64(2809), np.int64(2830), np.int64(2839), np.int64(2843), np.int64(2852), np.int64(2854), np.int64(2856), np.int64(2859), np.int64(2871), np.int64(2890), np.int64(2892), np.int64(2901), np.int64(2921), np.int64(2923), np.int64(2925), np.int64(2950), np.int64(2960), np.int64(2969)] with class frequencies:
Keep 372 images
Found 372 train images
Restrict subset from 2975 to 372 images ...
Use image subset [np.int64(7), np.int64(27), np.int64(35), np.int64(45), np.int64(48), np.int64(51), np.int64(55), np.int64(64), np.int64(81), np.int64(85), np.int64(103), np.int64(109), np.int64(111), np.int64(118), np.int64(123), np.int64(134), np.int64(135), np.int64(137), np.int64(166), np.int64(172), np.int64(176), np.int64(181), np.int64(182), np.int64(199), np.int64(201), np.int64(208), np.int64(241), np.int64(252), np.int64(256), np.int64(263), np.int64(273), np.int64(281), np.int64(289), np.int64(298), np.int64(302), np.int64(311), np.int64(314), np.int64(328), np.int64(329), np.int64(330), np.int64(335), np.int64(345), np.int64(346), np.int64(347), np.int64(349), np.int64(363), np.int64(365), np.int64(373), np.int64(387), np.int64(395), np.int64(399), np.int64(406), np.int64(408), np.int64(414), np.int64(431), np.int64(443), np.int64(444), np.int64(448), np.int64(450), np.int64(455), np.int64(462), np.int64(465), np.int64(477), np.int64(478), np.int64(484), np.int64(508), np.int64(510), np.int64(514), np.int64(522), np.int64(541), np.int64(556), np.int64(559), np.int64(568), np.int64(577), np.int64(586), np.int64(615), np.int64(617), np.int64(618), np.int64(629), np.int64(636), np.int64(638), np.int64(642), np.int64(646), np.int64(653), np.int64(670), np.int64(675), np.int64(682), np.int64(691), np.int64(698), np.int64(699), np.int64(700), np.int64(718), np.int64(725), np.int64(730), np.int64(731), np.int64(732), np.int64(746), np.int64(760), np.int64(769), np.int64(791), np.int64(800), np.int64(806), np.int64(819), np.int64(827), np.int64(831), np.int64(839), np.int64(844), np.int64(863), np.int64(867), np.int64(868), np.int64(875), np.int64(887), np.int64(899), np.int64(906), np.int64(919), np.int64(924), np.int64(939), np.int64(942), np.int64(946), np.int64(949), np.int64(967), np.int64(973), np.int64(975), np.int64(987), np.int64(993), np.int64(999), np.int64(1000), np.int64(1006), np.int64(1017), np.int64(1020), np.int64(1024), np.int64(1035), np.int64(1038), np.int64(1044), np.int64(1054), np.int64(1058), np.int64(1064), np.int64(1070), np.int64(1076), np.int64(1082), np.int64(1090), np.int64(1094), np.int64(1104), np.int64(1110), np.int64(1115), np.int64(1117), np.int64(1118), np.int64(1147), np.int64(1152), np.int64(1162), np.int64(1166), np.int64(1169), np.int64(1172), np.int64(1180), np.int64(1190), np.int64(1194), np.int64(1204), np.int64(1207), np.int64(1217), np.int64(1219), np.int64(1226), np.int64(1235), np.int64(1261), np.int64(1275), np.int64(1280), np.int64(1293), np.int64(1296), np.int64(1299), np.int64(1303), np.int64(1305), np.int64(1338), np.int64(1340), np.int64(1371), np.int64(1380), np.int64(1384), np.int64(1396), np.int64(1404), np.int64(1413), np.int64(1433), np.int64(1449), np.int64(1452), np.int64(1463), np.int64(1474), np.int64(1488), np.int64(1492), np.int64(1510), np.int64(1520), np.int64(1531), np.int64(1532), np.int64(1533), np.int64(1557), np.int64(1560), np.int64(1566), np.int64(1577), np.int64(1595), np.int64(1597), np.int64(1602), np.int64(1608), np.int64(1624), np.int64(1627), np.int64(1629), np.int64(1640), np.int64(1644), np.int64(1648), np.int64(1657), np.int64(1686), np.int64(1705), np.int64(1711), np.int64(1713), np.int64(1720), np.int64(1724), np.int64(1730), np.int64(1760), np.int64(1766), np.int64(1769), np.int64(1770), np.int64(1779), np.int64(1794), np.int64(1797), np.int64(1803), np.int64(1810), np.int64(1818), np.int64(1827), np.int64(1831), np.int64(1832), np.int64(1837), np.int64(1844), np.int64(1845), np.int64(1849), np.int64(1851), np.int64(1860), np.int64(1876), np.int64(1883), np.int64(1890), np.int64(1901), np.int64(1905), np.int64(1907), np.int64(1908), np.int64(1911), np.int64(1918), np.int64(1926), np.int64(1946), np.int64(1947), np.int64(1950), np.int64(1953), np.int64(1959), np.int64(1971), np.int64(1976), np.int64(1980), np.int64(1981), np.int64(1986), np.int64(1989), np.int64(1999), np.int64(2015), np.int64(2021), np.int64(2022), np.int64(2029), np.int64(2042), np.int64(2043), np.int64(2055), np.int64(2057), np.int64(2080), np.int64(2100), np.int64(2107), np.int64(2109), np.int64(2116), np.int64(2117), np.int64(2124), np.int64(2136), np.int64(2139), np.int64(2151), np.int64(2153), np.int64(2156), np.int64(2160), np.int64(2171), np.int64(2187), np.int64(2188), np.int64(2207), np.int64(2218), np.int64(2223), np.int64(2230), np.int64(2239), np.int64(2245), np.int64(2247), np.int64(2257), np.int64(2267), np.int64(2272), np.int64(2280), np.int64(2284), np.int64(2287), np.int64(2290), np.int64(2291), np.int64(2293), np.int64(2301), np.int64(2302), np.int64(2306), np.int64(2314), np.int64(2326), np.int64(2338), np.int64(2342), np.int64(2355), np.int64(2362), np.int64(2365), np.int64(2373), np.int64(2385), np.int64(2402), np.int64(2404), np.int64(2405), np.int64(2438), np.int64(2444), np.int64(2452), np.int64(2462), np.int64(2468), np.int64(2507), np.int64(2508), np.int64(2510), np.int64(2527), np.int64(2528), np.int64(2546), np.int64(2553), np.int64(2554), np.int64(2558), np.int64(2570), np.int64(2571), np.int64(2580), np.int64(2606), np.int64(2618), np.int64(2625), np.int64(2629), np.int64(2636), np.int64(2649), np.int64(2655), np.int64(2663), np.int64(2679), np.int64(2680), np.int64(2683), np.int64(2695), np.int64(2700), np.int64(2704), np.int64(2711), np.int64(2715), np.int64(2720), np.int64(2722), np.int64(2728), np.int64(2734), np.int64(2738), np.int64(2752), np.int64(2758), np.int64(2759), np.int64(2775), np.int64(2777), np.int64(2782), np.int64(2791), np.int64(2799), np.int64(2809), np.int64(2830), np.int64(2839), np.int64(2843), np.int64(2852), np.int64(2854), np.int64(2856), np.int64(2859), np.int64(2871), np.int64(2890), np.int64(2892), np.int64(2901), np.int64(2921), np.int64(2923), np.int64(2925), np.int64(2950), np.int64(2960), np.int64(2969)] with class frequencies:
Keep 2975 images
Found 2975 train images
Found 500 val images
Load mono_cityscapes_1024x512_r101dil_aspp_dec6_lr5_fd2_crop512x512bs4 weights
Load mono_cityscapes_1024x512_r101dil_aspp_dec6_lr5_fd2_crop512x512bs4depth weights
Load mono_cityscapes_1024x512_r101dil_aspp_dec6_lr5_fd2_crop512x512bs4depth weights
Create segmentation ema model.
Load mono_cityscapes_1024x512_r101dil_aspp_dec6_lr5_fd2_crop512x512bs4 weights
Load mono_cityscapes_1024x512_r101dil_aspp_dec6_lr5_fd2_crop512x512bs4depth weights
Load mono_cityscapes_1024x512_r101dil_aspp_dec6_lr5_fd2_crop512x512bs4depth weights
WARN get_lr: optimizer has more than one param group
Overall Acc: 	 0.8346135743895596
Mean Acc : 	 0.2679600870031436
FreqW Acc : 	 0.7195271016018217
Mean IoU : 	 0.22347707238253325
WARN get_lr: optimizer has more than one param group
WARN get_lr: optimizer has more than one param group
WARN get_lr: optimizer has more than one param group
WARN get_lr: optimizer has more than one param group
WARN get_lr: optimizer has more than one param group
WARN get_lr: optimizer has more than one param group
WARN get_lr: optimizer has more than one param group
WARN get_lr: optimizer has more than one param group
WARN get_lr: optimizer has more than one param group
WARN get_lr: optimizer has more than one param group
WARN get_lr: optimizer has more than one param group
WARN get_lr: optimizer has more than one param group
WARN get_lr: optimizer has more than one param group
WARN get_lr: optimizer has more than one param group
WARN get_lr: optimizer has more than one param group
WARN get_lr: optimizer has more than one param group
WARN get_lr: optimizer has more than one param group
WARN get_lr: optimizer has more than one param group
WARN get_lr: optimizer has more than one param group
WARN get_lr: optimizer has more than one param group
WARN get_lr: optimizer has more than one param group
WARN get_lr: optimizer has more than one param group
WARN get_lr: optimizer has more than one param group
WARN get_lr: optimizer has more than one param group
Overall Acc: 	 0.9152925161294652
Mean Acc : 	 0.5103299095287399
FreqW Acc : 	 0.8504354621545199
Mean IoU : 	 0.4282134736681866
WARN get_lr: optimizer has more than one param group
WARN get_lr: optimizer has more than one param group
WARN get_lr: optimizer has more than one param group
WARN get_lr: optimizer has more than one param group
WARN get_lr: optimizer has more than one param group
WARN get_lr: optimizer has more than one param group
WARN get_lr: optimizer has more than one param group
WARN get_lr: optimizer has more than one param group
WARN get_lr: optimizer has more than one param group
WARN get_lr: optimizer has more than one param group
WARN get_lr: optimizer has more than one param group
WARN get_lr: optimizer has more than one param group
WARN get_lr: optimizer has more than one param group
WARN get_lr: optimizer has more than one param group
WARN get_lr: optimizer has more than one param group
WARN get_lr: optimizer has more than one param group
WARN get_lr: optimizer has more than one param group
WARN get_lr: optimizer has more than one param group
WARN get_lr: optimizer has more than one param group
WARN get_lr: optimizer has more than one param group
WARN get_lr: optimizer has more than one param group
WARN get_lr: optimizer has more than one param group
WARN get_lr: optimizer has more than one param group
WARN get_lr: optimizer has more than one param group
WARN get_lr: optimizer has more than one param group
Overall Acc: 	 0.925838720211378
Mean Acc : 	 0.5951886490347382
FreqW Acc : 	 0.8687602153025645
Mean IoU : 	 0.5056368476781457
WARN get_lr: optimizer has more than one param group
WARN get_lr: optimizer has more than one param group
WARN get_lr: optimizer has more than one param group
WARN get_lr: optimizer has more than one param group
WARN get_lr: optimizer has more than one param group
WARN get_lr: optimizer has more than one param group
WARN get_lr: optimizer has more than one param group
WARN get_lr: optimizer has more than one param group
WARN get_lr: optimizer has more than one param group
WARN get_lr: optimizer has more than one param group
WARN get_lr: optimizer has more than one param group
WARN get_lr: optimizer has more than one param group
WARN get_lr: optimizer has more than one param group
WARN get_lr: optimizer has more than one param group
WARN get_lr: optimizer has more than one param group
WARN get_lr: optimizer has more than one param group
WARN get_lr: optimizer has more than one param group
WARN get_lr: optimizer has more than one param group
WARN get_lr: optimizer has more than one param group
WARN get_lr: optimizer has more than one param group
WARN get_lr: optimizer has more than one param group
WARN get_lr: optimizer has more than one param group
WARN get_lr: optimizer has more than one param group
WARN get_lr: optimizer has more than one param group
WARN get_lr: optimizer has more than one param group
Overall Acc: 	 0.929579948995621
Mean Acc : 	 0.6254384880207317
FreqW Acc : 	 0.8750328308468347
Mean IoU : 	 0.5360501774417751
WARN get_lr: optimizer has more than one param group
WARN get_lr: optimizer has more than one param group
WARN get_lr: optimizer has more than one param group
WARN get_lr: optimizer has more than one param group
WARN get_lr: optimizer has more than one param group
WARN get_lr: optimizer has more than one param group
WARN get_lr: optimizer has more than one param group
WARN get_lr: optimizer has more than one param group
WARN get_lr: optimizer has more than one param group
WARN get_lr: optimizer has more than one param group
WARN get_lr: optimizer has more than one param group
WARN get_lr: optimizer has more than one param group
WARN get_lr: optimizer has more than one param group
WARN get_lr: optimizer has more than one param group
WARN get_lr: optimizer has more than one param group
WARN get_lr: optimizer has more than one param group
WARN get_lr: optimizer has more than one param group
WARN get_lr: optimizer has more than one param group
WARN get_lr: optimizer has more than one param group
WARN get_lr: optimizer has more than one param group
WARN get_lr: optimizer has more than one param group
WARN get_lr: optimizer has more than one param group
WARN get_lr: optimizer has more than one param group
WARN get_lr: optimizer has more than one param group
WARN get_lr: optimizer has more than one param group
Overall Acc: 	 0.9312702127755083
Mean Acc : 	 0.6559151120767122
FreqW Acc : 	 0.879087544613916
Mean IoU : 	 0.5620364962003906
WARN get_lr: optimizer has more than one param group
WARN get_lr: optimizer has more than one param group
WARN get_lr: optimizer has more than one param group
WARN get_lr: optimizer has more than one param group
WARN get_lr: optimizer has more than one param group
WARN get_lr: optimizer has more than one param group
WARN get_lr: optimizer has more than one param group
WARN get_lr: optimizer has more than one param group
WARN get_lr: optimizer has more than one param group
WARN get_lr: optimizer has more than one param group
WARN get_lr: optimizer has more than one param group
WARN get_lr: optimizer has more than one param group
WARN get_lr: optimizer has more than one param group
WARN get_lr: optimizer has more than one param group
WARN get_lr: optimizer has more than one param group
WARN get_lr: optimizer has more than one param group
WARN get_lr: optimizer has more than one param group
WARN get_lr: optimizer has more than one param group
WARN get_lr: optimizer has more than one param group
WARN get_lr: optimizer has more than one param group
WARN get_lr: optimizer has more than one param group
WARN get_lr: optimizer has more than one param group
WARN get_lr: optimizer has more than one param group
WARN get_lr: optimizer has more than one param group
WARN get_lr: optimizer has more than one param group
Overall Acc: 	 0.9335286775010115
Mean Acc : 	 0.6728044338246054
FreqW Acc : 	 0.882777684691588
Mean IoU : 	 0.574341136477962
WARN get_lr: optimizer has more than one param group
WARN get_lr: optimizer has more than one param group
WARN get_lr: optimizer has more than one param group
WARN get_lr: optimizer has more than one param group
WARN get_lr: optimizer has more than one param group
WARN get_lr: optimizer has more than one param group
WARN get_lr: optimizer has more than one param group
WARN get_lr: optimizer has more than one param group
WARN get_lr: optimizer has more than one param group
WARN get_lr: optimizer has more than one param group
WARN get_lr: optimizer has more than one param group
WARN get_lr: optimizer has more than one param group
WARN get_lr: optimizer has more than one param group
WARN get_lr: optimizer has more than one param group
WARN get_lr: optimizer has more than one param group
WARN get_lr: optimizer has more than one param group
WARN get_lr: optimizer has more than one param group
WARN get_lr: optimizer has more than one param group
WARN get_lr: optimizer has more than one param group
WARN get_lr: optimizer has more than one param group
WARN get_lr: optimizer has more than one param group
WARN get_lr: optimizer has more than one param group
WARN get_lr: optimizer has more than one param group
WARN get_lr: optimizer has more than one param group
WARN get_lr: optimizer has more than one param group
Overall Acc: 	 0.9356649788705249
Mean Acc : 	 0.7084806312422185
FreqW Acc : 	 0.885406040018273
Mean IoU : 	 0.6075220571800183
WARN get_lr: optimizer has more than one param group
WARN get_lr: optimizer has more than one param group
WARN get_lr: optimizer has more than one param group
WARN get_lr: optimizer has more than one param group
WARN get_lr: optimizer has more than one param group
WARN get_lr: optimizer has more than one param group
WARN get_lr: optimizer has more than one param group
WARN get_lr: optimizer has more than one param group
WARN get_lr: optimizer has more than one param group
WARN get_lr: optimizer has more than one param group
WARN get_lr: optimizer has more than one param group
WARN get_lr: optimizer has more than one param group
WARN get_lr: optimizer has more than one param group
WARN get_lr: optimizer has more than one param group
WARN get_lr: optimizer has more than one param group
WARN get_lr: optimizer has more than one param group
WARN get_lr: optimizer has more than one param group
WARN get_lr: optimizer has more than one param group
WARN get_lr: optimizer has more than one param group
WARN get_lr: optimizer has more than one param group
WARN get_lr: optimizer has more than one param group
WARN get_lr: optimizer has more than one param group
WARN get_lr: optimizer has more than one param group
WARN get_lr: optimizer has more than one param group
WARN get_lr: optimizer has more than one param group
Overall Acc: 	 0.9356124648554054
Mean Acc : 	 0.7092889546811074
FreqW Acc : 	 0.8861673827745852
Mean IoU : 	 0.6059453035796539
WARN get_lr: optimizer has more than one param group
WARN get_lr: optimizer has more than one param group
WARN get_lr: optimizer has more than one param group
WARN get_lr: optimizer has more than one param group
WARN get_lr: optimizer has more than one param group
WARN get_lr: optimizer has more than one param group
WARN get_lr: optimizer has more than one param group
WARN get_lr: optimizer has more than one param group
WARN get_lr: optimizer has more than one param group
WARN get_lr: optimizer has more than one param group
WARN get_lr: optimizer has more than one param group
WARN get_lr: optimizer has more than one param group
WARN get_lr: optimizer has more than one param group
WARN get_lr: optimizer has more than one param group
WARN get_lr: optimizer has more than one param group
WARN get_lr: optimizer has more than one param group
WARN get_lr: optimizer has more than one param group
WARN get_lr: optimizer has more than one param group
WARN get_lr: optimizer has more than one param group
WARN get_lr: optimizer has more than one param group
WARN get_lr: optimizer has more than one param group
WARN get_lr: optimizer has more than one param group
WARN get_lr: optimizer has more than one param group
WARN get_lr: optimizer has more than one param group
WARN get_lr: optimizer has more than one param group
Overall Acc: 	 0.9356752129525543
Mean Acc : 	 0.7050637811683299
FreqW Acc : 	 0.8855491571080095
Mean IoU : 	 0.6066918696152739
WARN get_lr: optimizer has more than one param group
WARN get_lr: optimizer has more than one param group
WARN get_lr: optimizer has more than one param group
WARN get_lr: optimizer has more than one param group
WARN get_lr: optimizer has more than one param group
WARN get_lr: optimizer has more than one param group
WARN get_lr: optimizer has more than one param group
WARN get_lr: optimizer has more than one param group
WARN get_lr: optimizer has more than one param group
WARN get_lr: optimizer has more than one param group
WARN get_lr: optimizer has more than one param group
WARN get_lr: optimizer has more than one param group
WARN get_lr: optimizer has more than one param group
WARN get_lr: optimizer has more than one param group
WARN get_lr: optimizer has more than one param group
WARN get_lr: optimizer has more than one param group
WARN get_lr: optimizer has more than one param group
WARN get_lr: optimizer has more than one param group
WARN get_lr: optimizer has more than one param group
WARN get_lr: optimizer has more than one param group
WARN get_lr: optimizer has more than one param group
WARN get_lr: optimizer has more than one param group
WARN get_lr: optimizer has more than one param group
WARN get_lr: optimizer has more than one param group
WARN get_lr: optimizer has more than one param group
Overall Acc: 	 0.9354044721882779
Mean Acc : 	 0.7144249045428799
FreqW Acc : 	 0.8860514636073868
Mean IoU : 	 0.6096527898671946
WARN get_lr: optimizer has more than one param group
WARN get_lr: optimizer has more than one param group
WARN get_lr: optimizer has more than one param group
WARN get_lr: optimizer has more than one param group
WARN get_lr: optimizer has more than one param group
WARN get_lr: optimizer has more than one param group
WARN get_lr: optimizer has more than one param group
WARN get_lr: optimizer has more than one param group
WARN get_lr: optimizer has more than one param group
WARN get_lr: optimizer has more than one param group
WARN get_lr: optimizer has more than one param group
WARN get_lr: optimizer has more than one param group
WARN get_lr: optimizer has more than one param group
WARN get_lr: optimizer has more than one param group
WARN get_lr: optimizer has more than one param group
WARN get_lr: optimizer has more than one param group
WARN get_lr: optimizer has more than one param group
WARN get_lr: optimizer has more than one param group
WARN get_lr: optimizer has more than one param group
WARN get_lr: optimizer has more than one param group
WARN get_lr: optimizer has more than one param group
WARN get_lr: optimizer has more than one param group
WARN get_lr: optimizer has more than one param group
WARN get_lr: optimizer has more than one param group
WARN get_lr: optimizer has more than one param group
Overall Acc: 	 0.9366855340940787
Mean Acc : 	 0.7141094705103527
FreqW Acc : 	 0.8870633310628119
Mean IoU : 	 0.6100871533583733
WARN get_lr: optimizer has more than one param group
WARN get_lr: optimizer has more than one param group
WARN get_lr: optimizer has more than one param group
WARN get_lr: optimizer has more than one param group
WARN get_lr: optimizer has more than one param group
WARN get_lr: optimizer has more than one param group
WARN get_lr: optimizer has more than one param group
WARN get_lr: optimizer has more than one param group
WARN get_lr: optimizer has more than one param group
WARN get_lr: optimizer has more than one param group
WARN get_lr: optimizer has more than one param group
WARN get_lr: optimizer has more than one param group
WARN get_lr: optimizer has more than one param group
WARN get_lr: optimizer has more than one param group
WARN get_lr: optimizer has more than one param group
WARN get_lr: optimizer has more than one param group
WARN get_lr: optimizer has more than one param group
WARN get_lr: optimizer has more than one param group
WARN get_lr: optimizer has more than one param group
WARN get_lr: optimizer has more than one param group
WARN get_lr: optimizer has more than one param group
WARN get_lr: optimizer has more than one param group
WARN get_lr: optimizer has more than one param group
WARN get_lr: optimizer has more than one param group
WARN get_lr: optimizer has more than one param group
Overall Acc: 	 0.9376364748755925
Mean Acc : 	 0.7111692935039191
FreqW Acc : 	 0.8879685344707211
Mean IoU : 	 0.6171333089927664
WARN get_lr: optimizer has more than one param group
WARN get_lr: optimizer has more than one param group
WARN get_lr: optimizer has more than one param group
WARN get_lr: optimizer has more than one param group
WARN get_lr: optimizer has more than one param group
WARN get_lr: optimizer has more than one param group
WARN get_lr: optimizer has more than one param group
WARN get_lr: optimizer has more than one param group
WARN get_lr: optimizer has more than one param group
WARN get_lr: optimizer has more than one param group
WARN get_lr: optimizer has more than one param group
WARN get_lr: optimizer has more than one param group
WARN get_lr: optimizer has more than one param group
WARN get_lr: optimizer has more than one param group
WARN get_lr: optimizer has more than one param group
WARN get_lr: optimizer has more than one param group
WARN get_lr: optimizer has more than one param group
WARN get_lr: optimizer has more than one param group
WARN get_lr: optimizer has more than one param group
WARN get_lr: optimizer has more than one param group
WARN get_lr: optimizer has more than one param group
WARN get_lr: optimizer has more than one param group
WARN get_lr: optimizer has more than one param group
WARN get_lr: optimizer has more than one param group
WARN get_lr: optimizer has more than one param group
Overall Acc: 	 0.9358088667484699
Mean Acc : 	 0.7060707639680602
FreqW Acc : 	 0.8854555281708159
Mean IoU : 	 0.616863810436014
WARN get_lr: optimizer has more than one param group
WARN get_lr: optimizer has more than one param group
WARN get_lr: optimizer has more than one param group
WARN get_lr: optimizer has more than one param group
WARN get_lr: optimizer has more than one param group
Overall Acc: 	 0.9375118206155794
Mean Acc : 	 0.7258491991093383
FreqW Acc : 	 0.8885573378037547
Mean IoU : 	 0.6280715159127003
WARN get_lr: optimizer has more than one param group
WARN get_lr: optimizer has more than one param group
WARN get_lr: optimizer has more than one param group
WARN get_lr: optimizer has more than one param group
WARN get_lr: optimizer has more than one param group
Overall Acc: 	 0.9376600097743771
Mean Acc : 	 0.7209316977968734
FreqW Acc : 	 0.8888658997932761
Mean IoU : 	 0.6242493303575352
WARN get_lr: optimizer has more than one param group
WARN get_lr: optimizer has more than one param group
WARN get_lr: optimizer has more than one param group
WARN get_lr: optimizer has more than one param group
WARN get_lr: optimizer has more than one param group
Overall Acc: 	 0.937621088853718
Mean Acc : 	 0.7278375546803185
FreqW Acc : 	 0.8890050800327264
Mean IoU : 	 0.6257914664098843
WARN get_lr: optimizer has more than one param group
WARN get_lr: optimizer has more than one param group
WARN get_lr: optimizer has more than one param group
WARN get_lr: optimizer has more than one param group
WARN get_lr: optimizer has more than one param group
Overall Acc: 	 0.9385410569232076
Mean Acc : 	 0.7227259382122895
FreqW Acc : 	 0.8902330281954255
Mean IoU : 	 0.6292857411796952
WARN get_lr: optimizer has more than one param group
WARN get_lr: optimizer has more than one param group
WARN get_lr: optimizer has more than one param group
WARN get_lr: optimizer has more than one param group
WARN get_lr: optimizer has more than one param group
Overall Acc: 	 0.937995919742165
Mean Acc : 	 0.7248733897849469
FreqW Acc : 	 0.8896110064229291
Mean IoU : 	 0.625160797803467
WARN get_lr: optimizer has more than one param group
WARN get_lr: optimizer has more than one param group
WARN get_lr: optimizer has more than one param group
WARN get_lr: optimizer has more than one param group
WARN get_lr: optimizer has more than one param group
Overall Acc: 	 0.9387166765627389
Mean Acc : 	 0.7271987114956939
FreqW Acc : 	 0.890671652261476
Mean IoU : 	 0.631128640355759
WARN get_lr: optimizer has more than one param group
WARN get_lr: optimizer has more than one param group
WARN get_lr: optimizer has more than one param group
WARN get_lr: optimizer has more than one param group
WARN get_lr: optimizer has more than one param group
Overall Acc: 	 0.9391752166583739
Mean Acc : 	 0.7241944666510477
FreqW Acc : 	 0.8910270640690627
Mean IoU : 	 0.6316554271389749
WARN get_lr: optimizer has more than one param group
WARN get_lr: optimizer has more than one param group
WARN get_lr: optimizer has more than one param group
WARN get_lr: optimizer has more than one param group
WARN get_lr: optimizer has more than one param group
Overall Acc: 	 0.9390034097160691
Mean Acc : 	 0.7283289917444976
FreqW Acc : 	 0.8912135698506827
Mean IoU : 	 0.6311888142830828
WARN get_lr: optimizer has more than one param group
WARN get_lr: optimizer has more than one param group
WARN get_lr: optimizer has more than one param group
WARN get_lr: optimizer has more than one param group
WARN get_lr: optimizer has more than one param group
Overall Acc: 	 0.9383223590398395
Mean Acc : 	 0.7249530419941612
FreqW Acc : 	 0.8898086366306086
Mean IoU : 	 0.6282632274437239
WARN get_lr: optimizer has more than one param group
WARN get_lr: optimizer has more than one param group
WARN get_lr: optimizer has more than one param group
WARN get_lr: optimizer has more than one param group
WARN get_lr: optimizer has more than one param group
Overall Acc: 	 0.9385752534146946
Mean Acc : 	 0.7264422137626102
FreqW Acc : 	 0.8902050604447619
Mean IoU : 	 0.6299179336946006
WARN get_lr: optimizer has more than one param group
WARN get_lr: optimizer has more than one param group
WARN get_lr: optimizer has more than one param group
WARN get_lr: optimizer has more than one param group
WARN get_lr: optimizer has more than one param group
Overall Acc: 	 0.9389793382477662
Mean Acc : 	 0.7273834444041583
FreqW Acc : 	 0.8908942658651081
Mean IoU : 	 0.6326104762761598
WARN get_lr: optimizer has more than one param group
WARN get_lr: optimizer has more than one param group
WARN get_lr: optimizer has more than one param group
WARN get_lr: optimizer has more than one param group
WARN get_lr: optimizer has more than one param group
Overall Acc: 	 0.9384424459154176
Mean Acc : 	 0.7206518095133411
FreqW Acc : 	 0.8899991522813916
Mean IoU : 	 0.6280699594985306
WARN get_lr: optimizer has more than one param group
WARN get_lr: optimizer has more than one param group
WARN get_lr: optimizer has more than one param group
WARN get_lr: optimizer has more than one param group
WARN get_lr: optimizer has more than one param group
Overall Acc: 	 0.9387937506297875
Mean Acc : 	 0.7253600201504832
FreqW Acc : 	 0.8905541194081897
Mean IoU : 	 0.6307046482131543
WARN get_lr: optimizer has more than one param group
WARN get_lr: optimizer has more than one param group
WARN get_lr: optimizer has more than one param group
WARN get_lr: optimizer has more than one param group
WARN get_lr: optimizer has more than one param group
Overall Acc: 	 0.9387609980774103
Mean Acc : 	 0.7257405828295852
FreqW Acc : 	 0.8903953957062808
Mean IoU : 	 0.6309369652848453
WARN get_lr: optimizer has more than one param group
WARN get_lr: optimizer has more than one param group
WARN get_lr: optimizer has more than one param group
WARN get_lr: optimizer has more than one param group
WARN get_lr: optimizer has more than one param group
Overall Acc: 	 0.9383605819838897
Mean Acc : 	 0.7232555807657765
FreqW Acc : 	 0.8898767483273905
Mean IoU : 	 0.6292319324507192
WARN get_lr: optimizer has more than one param group
WARN get_lr: optimizer has more than one param group
WARN get_lr: optimizer has more than one param group
WARN get_lr: optimizer has more than one param group
WARN get_lr: optimizer has more than one param group
Overall Acc: 	 0.9380858322164654
Mean Acc : 	 0.721447506713486
FreqW Acc : 	 0.8896479658118154
Mean IoU : 	 0.6249975345601456
WARN get_lr: optimizer has more than one param group
WARN get_lr: optimizer has more than one param group
WARN get_lr: optimizer has more than one param group
WARN get_lr: optimizer has more than one param group
WARN get_lr: optimizer has more than one param group
Overall Acc: 	 0.9385945699173486
Mean Acc : 	 0.7248482669400818
FreqW Acc : 	 0.890183472972782
Mean IoU : 	 0.6295102603178485
WARN get_lr: optimizer has more than one param group
WARN get_lr: optimizer has more than one param group
WARN get_lr: optimizer has more than one param group
WARN get_lr: optimizer has more than one param group
WARN get_lr: optimizer has more than one param group
Overall Acc: 	 0.9384582245491347
Mean Acc : 	 0.7215796597975574
FreqW Acc : 	 0.8898210251303055
Mean IoU : 	 0.628361072530844
WARN get_lr: optimizer has more than one param group
WARN get_lr: optimizer has more than one param group
WARN get_lr: optimizer has more than one param group
WARN get_lr: optimizer has more than one param group
WARN get_lr: optimizer has more than one param group
Overall Acc: 	 0.9383896265355316
Mean Acc : 	 0.7282780064292353
FreqW Acc : 	 0.8905847833887028
Mean IoU : 	 0.6279946202593155
WARN get_lr: optimizer has more than one param group
WARN get_lr: optimizer has more than one param group
WARN get_lr: optimizer has more than one param group
WARN get_lr: optimizer has more than one param group
WARN get_lr: optimizer has more than one param group
Overall Acc: 	 0.9386188595033418
Mean Acc : 	 0.7272816113702089
FreqW Acc : 	 0.8902004409280374
Mean IoU : 	 0.6303520826551244
Resolved base cfg vars {'seed': 42, ('model', 'variant'): 'ct_cos_0p84', ('training', 'cross_task_lambda'): 0.84, ('training', 'cross_task_type'): 'cosine'}
Resolved vars {('config', 'general', 'tag'): 'cityscapes_pad_ct_cos_0p84_D372_S42', 'seed': 42, ('model', 'variant'): 'ct_cos_0p84', ('training', 'cross_task_lambda'): 0.84, ('training', 'cross_task_type'): 'cosine'}
Dispatch job 11_tag=cityscapes_pad_ct_cos_0p84_D372_S42
Start 2026-03-04_08-37-1011_tag=cityscapes_pad_ct_cos_0p84_D372_S42
RUNDIR: /scratch/u5hv/shijie.u5hv/sde_seg/logs//cityscapes_joint_217/2026-03-04_08-37-1011_tag=cityscapes_pad_ct_cos_0p84_D372_S42
Restrict subset from 2975 to 372 images ...
Use image subset [np.int64(0), np.int64(30), np.int64(32), np.int64(44), np.int64(45), np.int64(51), np.int64(52), np.int64(56), np.int64(63), np.int64(67), np.int64(70), np.int64(73), np.int64(80), np.int64(88), np.int64(93), np.int64(102), np.int64(108), np.int64(120), np.int64(124), np.int64(141), np.int64(144), np.int64(162), np.int64(174), np.int64(175), np.int64(177), np.int64(178), np.int64(184), np.int64(192), np.int64(194), np.int64(196), np.int64(203), np.int64(211), np.int64(233), np.int64(239), np.int64(246), np.int64(251), np.int64(256), np.int64(289), np.int64(296), np.int64(298), np.int64(309), np.int64(313), np.int64(318), np.int64(321), np.int64(322), np.int64(324), np.int64(331), np.int64(332), np.int64(354), np.int64(368), np.int64(387), np.int64(393), np.int64(402), np.int64(410), np.int64(411), np.int64(414), np.int64(420), np.int64(432), np.int64(439), np.int64(457), np.int64(463), np.int64(471), np.int64(478), np.int64(479), np.int64(485), np.int64(486), np.int64(495), np.int64(506), np.int64(507), np.int64(527), np.int64(528), np.int64(532), np.int64(533), np.int64(535), np.int64(543), np.int64(555), np.int64(557), np.int64(567), np.int64(572), np.int64(594), np.int64(599), np.int64(601), np.int64(602), np.int64(612), np.int64(637), np.int64(642), np.int64(644), np.int64(651), np.int64(676), np.int64(680), np.int64(685), np.int64(691), np.int64(693), np.int64(700), np.int64(705), np.int64(718), np.int64(727), np.int64(729), np.int64(741), np.int64(744), np.int64(748), np.int64(755), np.int64(759), np.int64(772), np.int64(783), np.int64(790), np.int64(798), np.int64(809), np.int64(811), np.int64(834), np.int64(857), np.int64(859), np.int64(862), np.int64(869), np.int64(879), np.int64(889), np.int64(912), np.int64(926), np.int64(929), np.int64(930), np.int64(942), np.int64(944), np.int64(952), np.int64(962), np.int64(965), np.int64(969), np.int64(999), np.int64(1001), np.int64(1005), np.int64(1018), np.int64(1023), np.int64(1025), np.int64(1027), np.int64(1047), np.int64(1048), np.int64(1055), np.int64(1071), np.int64(1089), np.int64(1090), np.int64(1091), np.int64(1097), np.int64(1106), np.int64(1149), np.int64(1151), np.int64(1159), np.int64(1173), np.int64(1177), np.int64(1188), np.int64(1196), np.int64(1208), np.int64(1210), np.int64(1222), np.int64(1225), np.int64(1229), np.int64(1230), np.int64(1235), np.int64(1255), np.int64(1263), np.int64(1264), np.int64(1268), np.int64(1269), np.int64(1270), np.int64(1272), np.int64(1286), np.int64(1313), np.int64(1321), np.int64(1322), np.int64(1326), np.int64(1330), np.int64(1337), np.int64(1340), np.int64(1343), np.int64(1370), np.int64(1376), np.int64(1385), np.int64(1399), np.int64(1402), np.int64(1407), np.int64(1410), np.int64(1421), np.int64(1422), np.int64(1426), np.int64(1427), np.int64(1431), np.int64(1432), np.int64(1436), np.int64(1453), np.int64(1461), np.int64(1474), np.int64(1487), np.int64(1488), np.int64(1494), np.int64(1505), np.int64(1507), np.int64(1509), np.int64(1517), np.int64(1518), np.int64(1538), np.int64(1544), np.int64(1554), np.int64(1562), np.int64(1567), np.int64(1575), np.int64(1586), np.int64(1590), np.int64(1596), np.int64(1598), np.int64(1608), np.int64(1610), np.int64(1613), np.int64(1618), np.int64(1620), np.int64(1624), np.int64(1641), np.int64(1655), np.int64(1656), np.int64(1662), np.int64(1690), np.int64(1691), np.int64(1697), np.int64(1702), np.int64(1706), np.int64(1711), np.int64(1716), np.int64(1718), np.int64(1727), np.int64(1731), np.int64(1747), np.int64(1760), np.int64(1762), np.int64(1767), np.int64(1771), np.int64(1775), np.int64(1777), np.int64(1788), np.int64(1795), np.int64(1797), np.int64(1805), np.int64(1807), np.int64(1814), np.int64(1840), np.int64(1850), np.int64(1869), np.int64(1872), np.int64(1877), np.int64(1880), np.int64(1882), np.int64(1891), np.int64(1896), np.int64(1916), np.int64(1922), np.int64(1936), np.int64(1940), np.int64(1941), np.int64(1949), np.int64(1956), np.int64(1957), np.int64(1963), np.int64(1966), np.int64(1979), np.int64(1983), np.int64(1993), np.int64(1999), np.int64(2001), np.int64(2003), np.int64(2013), np.int64(2015), np.int64(2023), np.int64(2033), np.int64(2046), np.int64(2051), np.int64(2064), np.int64(2073), np.int64(2092), np.int64(2113), np.int64(2114), np.int64(2119), np.int64(2124), np.int64(2131), np.int64(2144), np.int64(2149), np.int64(2154), np.int64(2159), np.int64(2185), np.int64(2186), np.int64(2204), np.int64(2215), np.int64(2227), np.int64(2233), np.int64(2241), np.int64(2247), np.int64(2257), np.int64(2261), np.int64(2263), np.int64(2270), np.int64(2287), np.int64(2315), np.int64(2321), np.int64(2332), np.int64(2335), np.int64(2349), np.int64(2356), np.int64(2383), np.int64(2392), np.int64(2395), np.int64(2397), np.int64(2401), np.int64(2403), np.int64(2404), np.int64(2420), np.int64(2424), np.int64(2436), np.int64(2459), np.int64(2462), np.int64(2466), np.int64(2469), np.int64(2478), np.int64(2480), np.int64(2482), np.int64(2496), np.int64(2501), np.int64(2517), np.int64(2519), np.int64(2528), np.int64(2534), np.int64(2539), np.int64(2546), np.int64(2573), np.int64(2578), np.int64(2586), np.int64(2595), np.int64(2608), np.int64(2622), np.int64(2626), np.int64(2632), np.int64(2636), np.int64(2644), np.int64(2645), np.int64(2646), np.int64(2654), np.int64(2655), np.int64(2658), np.int64(2683), np.int64(2686), np.int64(2733), np.int64(2753), np.int64(2754), np.int64(2756), np.int64(2766), np.int64(2769), np.int64(2787), np.int64(2792), np.int64(2798), np.int64(2810), np.int64(2811), np.int64(2815), np.int64(2822), np.int64(2823), np.int64(2838), np.int64(2848), np.int64(2864), np.int64(2865), np.int64(2872), np.int64(2897), np.int64(2898), np.int64(2910), np.int64(2931), np.int64(2932), np.int64(2936), np.int64(2947), np.int64(2956), np.int64(2958)] with class frequencies:
Keep 372 images
Found 372 train images
Restrict subset from 2975 to 372 images ...
Use image subset [np.int64(0), np.int64(30), np.int64(32), np.int64(44), np.int64(45), np.int64(51), np.int64(52), np.int64(56), np.int64(63), np.int64(67), np.int64(70), np.int64(73), np.int64(80), np.int64(88), np.int64(93), np.int64(102), np.int64(108), np.int64(120), np.int64(124), np.int64(141), np.int64(144), np.int64(162), np.int64(174), np.int64(175), np.int64(177), np.int64(178), np.int64(184), np.int64(192), np.int64(194), np.int64(196), np.int64(203), np.int64(211), np.int64(233), np.int64(239), np.int64(246), np.int64(251), np.int64(256), np.int64(289), np.int64(296), np.int64(298), np.int64(309), np.int64(313), np.int64(318), np.int64(321), np.int64(322), np.int64(324), np.int64(331), np.int64(332), np.int64(354), np.int64(368), np.int64(387), np.int64(393), np.int64(402), np.int64(410), np.int64(411), np.int64(414), np.int64(420), np.int64(432), np.int64(439), np.int64(457), np.int64(463), np.int64(471), np.int64(478), np.int64(479), np.int64(485), np.int64(486), np.int64(495), np.int64(506), np.int64(507), np.int64(527), np.int64(528), np.int64(532), np.int64(533), np.int64(535), np.int64(543), np.int64(555), np.int64(557), np.int64(567), np.int64(572), np.int64(594), np.int64(599), np.int64(601), np.int64(602), np.int64(612), np.int64(637), np.int64(642), np.int64(644), np.int64(651), np.int64(676), np.int64(680), np.int64(685), np.int64(691), np.int64(693), np.int64(700), np.int64(705), np.int64(718), np.int64(727), np.int64(729), np.int64(741), np.int64(744), np.int64(748), np.int64(755), np.int64(759), np.int64(772), np.int64(783), np.int64(790), np.int64(798), np.int64(809), np.int64(811), np.int64(834), np.int64(857), np.int64(859), np.int64(862), np.int64(869), np.int64(879), np.int64(889), np.int64(912), np.int64(926), np.int64(929), np.int64(930), np.int64(942), np.int64(944), np.int64(952), np.int64(962), np.int64(965), np.int64(969), np.int64(999), np.int64(1001), np.int64(1005), np.int64(1018), np.int64(1023), np.int64(1025), np.int64(1027), np.int64(1047), np.int64(1048), np.int64(1055), np.int64(1071), np.int64(1089), np.int64(1090), np.int64(1091), np.int64(1097), np.int64(1106), np.int64(1149), np.int64(1151), np.int64(1159), np.int64(1173), np.int64(1177), np.int64(1188), np.int64(1196), np.int64(1208), np.int64(1210), np.int64(1222), np.int64(1225), np.int64(1229), np.int64(1230), np.int64(1235), np.int64(1255), np.int64(1263), np.int64(1264), np.int64(1268), np.int64(1269), np.int64(1270), np.int64(1272), np.int64(1286), np.int64(1313), np.int64(1321), np.int64(1322), np.int64(1326), np.int64(1330), np.int64(1337), np.int64(1340), np.int64(1343), np.int64(1370), np.int64(1376), np.int64(1385), np.int64(1399), np.int64(1402), np.int64(1407), np.int64(1410), np.int64(1421), np.int64(1422), np.int64(1426), np.int64(1427), np.int64(1431), np.int64(1432), np.int64(1436), np.int64(1453), np.int64(1461), np.int64(1474), np.int64(1487), np.int64(1488), np.int64(1494), np.int64(1505), np.int64(1507), np.int64(1509), np.int64(1517), np.int64(1518), np.int64(1538), np.int64(1544), np.int64(1554), np.int64(1562), np.int64(1567), np.int64(1575), np.int64(1586), np.int64(1590), np.int64(1596), np.int64(1598), np.int64(1608), np.int64(1610), np.int64(1613), np.int64(1618), np.int64(1620), np.int64(1624), np.int64(1641), np.int64(1655), np.int64(1656), np.int64(1662), np.int64(1690), np.int64(1691), np.int64(1697), np.int64(1702), np.int64(1706), np.int64(1711), np.int64(1716), np.int64(1718), np.int64(1727), np.int64(1731), np.int64(1747), np.int64(1760), np.int64(1762), np.int64(1767), np.int64(1771), np.int64(1775), np.int64(1777), np.int64(1788), np.int64(1795), np.int64(1797), np.int64(1805), np.int64(1807), np.int64(1814), np.int64(1840), np.int64(1850), np.int64(1869), np.int64(1872), np.int64(1877), np.int64(1880), np.int64(1882), np.int64(1891), np.int64(1896), np.int64(1916), np.int64(1922), np.int64(1936), np.int64(1940), np.int64(1941), np.int64(1949), np.int64(1956), np.int64(1957), np.int64(1963), np.int64(1966), np.int64(1979), np.int64(1983), np.int64(1993), np.int64(1999), np.int64(2001), np.int64(2003), np.int64(2013), np.int64(2015), np.int64(2023), np.int64(2033), np.int64(2046), np.int64(2051), np.int64(2064), np.int64(2073), np.int64(2092), np.int64(2113), np.int64(2114), np.int64(2119), np.int64(2124), np.int64(2131), np.int64(2144), np.int64(2149), np.int64(2154), np.int64(2159), np.int64(2185), np.int64(2186), np.int64(2204), np.int64(2215), np.int64(2227), np.int64(2233), np.int64(2241), np.int64(2247), np.int64(2257), np.int64(2261), np.int64(2263), np.int64(2270), np.int64(2287), np.int64(2315), np.int64(2321), np.int64(2332), np.int64(2335), np.int64(2349), np.int64(2356), np.int64(2383), np.int64(2392), np.int64(2395), np.int64(2397), np.int64(2401), np.int64(2403), np.int64(2404), np.int64(2420), np.int64(2424), np.int64(2436), np.int64(2459), np.int64(2462), np.int64(2466), np.int64(2469), np.int64(2478), np.int64(2480), np.int64(2482), np.int64(2496), np.int64(2501), np.int64(2517), np.int64(2519), np.int64(2528), np.int64(2534), np.int64(2539), np.int64(2546), np.int64(2573), np.int64(2578), np.int64(2586), np.int64(2595), np.int64(2608), np.int64(2622), np.int64(2626), np.int64(2632), np.int64(2636), np.int64(2644), np.int64(2645), np.int64(2646), np.int64(2654), np.int64(2655), np.int64(2658), np.int64(2683), np.int64(2686), np.int64(2733), np.int64(2753), np.int64(2754), np.int64(2756), np.int64(2766), np.int64(2769), np.int64(2787), np.int64(2792), np.int64(2798), np.int64(2810), np.int64(2811), np.int64(2815), np.int64(2822), np.int64(2823), np.int64(2838), np.int64(2848), np.int64(2864), np.int64(2865), np.int64(2872), np.int64(2897), np.int64(2898), np.int64(2910), np.int64(2931), np.int64(2932), np.int64(2936), np.int64(2947), np.int64(2956), np.int64(2958)] with class frequencies:
Keep 2975 images
Found 2975 train images
Found 500 val images
Load mono_cityscapes_1024x512_r101dil_aspp_dec6_lr5_fd2_crop512x512bs4 weights
Load mono_cityscapes_1024x512_r101dil_aspp_dec6_lr5_fd2_crop512x512bs4depth weights
Load mono_cityscapes_1024x512_r101dil_aspp_dec6_lr5_fd2_crop512x512bs4depth weights
Create segmentation ema model.
Load mono_cityscapes_1024x512_r101dil_aspp_dec6_lr5_fd2_crop512x512bs4 weights
Load mono_cityscapes_1024x512_r101dil_aspp_dec6_lr5_fd2_crop512x512bs4depth weights
Load mono_cityscapes_1024x512_r101dil_aspp_dec6_lr5_fd2_crop512x512bs4depth weights
WARN get_lr: optimizer has more than one param group
Overall Acc: 	 0.7846354696976662
Mean Acc : 	 0.2700918432531442
FreqW Acc : 	 0.6651280667561263
Mean IoU : 	 0.20853326343998393
WARN get_lr: optimizer has more than one param group
WARN get_lr: optimizer has more than one param group
WARN get_lr: optimizer has more than one param group
WARN get_lr: optimizer has more than one param group
WARN get_lr: optimizer has more than one param group
WARN get_lr: optimizer has more than one param group
WARN get_lr: optimizer has more than one param group
WARN get_lr: optimizer has more than one param group
WARN get_lr: optimizer has more than one param group
WARN get_lr: optimizer has more than one param group
WARN get_lr: optimizer has more than one param group
WARN get_lr: optimizer has more than one param group
WARN get_lr: optimizer has more than one param group
WARN get_lr: optimizer has more than one param group
WARN get_lr: optimizer has more than one param group
WARN get_lr: optimizer has more than one param group
WARN get_lr: optimizer has more than one param group
WARN get_lr: optimizer has more than one param group
WARN get_lr: optimizer has more than one param group
WARN get_lr: optimizer has more than one param group
WARN get_lr: optimizer has more than one param group
WARN get_lr: optimizer has more than one param group
WARN get_lr: optimizer has more than one param group
WARN get_lr: optimizer has more than one param group
Overall Acc: 	 0.9149438899003322
Mean Acc : 	 0.5196017583411289
FreqW Acc : 	 0.8508251739685376
Mean IoU : 	 0.43825263268774944
WARN get_lr: optimizer has more than one param group
WARN get_lr: optimizer has more than one param group
WARN get_lr: optimizer has more than one param group
WARN get_lr: optimizer has more than one param group
WARN get_lr: optimizer has more than one param group
WARN get_lr: optimizer has more than one param group
WARN get_lr: optimizer has more than one param group
WARN get_lr: optimizer has more than one param group
WARN get_lr: optimizer has more than one param group
WARN get_lr: optimizer has more than one param group
WARN get_lr: optimizer has more than one param group
WARN get_lr: optimizer has more than one param group
WARN get_lr: optimizer has more than one param group
WARN get_lr: optimizer has more than one param group
WARN get_lr: optimizer has more than one param group
WARN get_lr: optimizer has more than one param group
WARN get_lr: optimizer has more than one param group
WARN get_lr: optimizer has more than one param group
WARN get_lr: optimizer has more than one param group
WARN get_lr: optimizer has more than one param group
WARN get_lr: optimizer has more than one param group
WARN get_lr: optimizer has more than one param group
WARN get_lr: optimizer has more than one param group
WARN get_lr: optimizer has more than one param group
WARN get_lr: optimizer has more than one param group
Overall Acc: 	 0.9264932085152815
Mean Acc : 	 0.6197655928829634
FreqW Acc : 	 0.8710811278432327
Mean IoU : 	 0.5253056661518034
WARN get_lr: optimizer has more than one param group
WARN get_lr: optimizer has more than one param group
WARN get_lr: optimizer has more than one param group
WARN get_lr: optimizer has more than one param group
WARN get_lr: optimizer has more than one param group
WARN get_lr: optimizer has more than one param group
WARN get_lr: optimizer has more than one param group
WARN get_lr: optimizer has more than one param group
WARN get_lr: optimizer has more than one param group
WARN get_lr: optimizer has more than one param group
WARN get_lr: optimizer has more than one param group
WARN get_lr: optimizer has more than one param group
WARN get_lr: optimizer has more than one param group
WARN get_lr: optimizer has more than one param group
WARN get_lr: optimizer has more than one param group
WARN get_lr: optimizer has more than one param group
WARN get_lr: optimizer has more than one param group
WARN get_lr: optimizer has more than one param group
WARN get_lr: optimizer has more than one param group
WARN get_lr: optimizer has more than one param group
WARN get_lr: optimizer has more than one param group
WARN get_lr: optimizer has more than one param group
WARN get_lr: optimizer has more than one param group
WARN get_lr: optimizer has more than one param group
WARN get_lr: optimizer has more than one param group
Overall Acc: 	 0.9289399349816467
Mean Acc : 	 0.6653611055791675
FreqW Acc : 	 0.8758705972023614
Mean IoU : 	 0.5638854424116534
WARN get_lr: optimizer has more than one param group
WARN get_lr: optimizer has more than one param group
WARN get_lr: optimizer has more than one param group
WARN get_lr: optimizer has more than one param group
WARN get_lr: optimizer has more than one param group
WARN get_lr: optimizer has more than one param group
WARN get_lr: optimizer has more than one param group
WARN get_lr: optimizer has more than one param group
WARN get_lr: optimizer has more than one param group
WARN get_lr: optimizer has more than one param group
WARN get_lr: optimizer has more than one param group
WARN get_lr: optimizer has more than one param group
WARN get_lr: optimizer has more than one param group
WARN get_lr: optimizer has more than one param group
WARN get_lr: optimizer has more than one param group
WARN get_lr: optimizer has more than one param group
WARN get_lr: optimizer has more than one param group
WARN get_lr: optimizer has more than one param group
WARN get_lr: optimizer has more than one param group
WARN get_lr: optimizer has more than one param group
WARN get_lr: optimizer has more than one param group
WARN get_lr: optimizer has more than one param group
WARN get_lr: optimizer has more than one param group
WARN get_lr: optimizer has more than one param group
WARN get_lr: optimizer has more than one param group
Overall Acc: 	 0.9280358851411961
Mean Acc : 	 0.7024024817501594
FreqW Acc : 	 0.8759338509680693
Mean IoU : 	 0.5775115378927901
WARN get_lr: optimizer has more than one param group
WARN get_lr: optimizer has more than one param group
WARN get_lr: optimizer has more than one param group
WARN get_lr: optimizer has more than one param group
WARN get_lr: optimizer has more than one param group
WARN get_lr: optimizer has more than one param group
WARN get_lr: optimizer has more than one param group
WARN get_lr: optimizer has more than one param group
WARN get_lr: optimizer has more than one param group
WARN get_lr: optimizer has more than one param group
WARN get_lr: optimizer has more than one param group
WARN get_lr: optimizer has more than one param group
WARN get_lr: optimizer has more than one param group
WARN get_lr: optimizer has more than one param group
WARN get_lr: optimizer has more than one param group
WARN get_lr: optimizer has more than one param group
WARN get_lr: optimizer has more than one param group
WARN get_lr: optimizer has more than one param group
WARN get_lr: optimizer has more than one param group
WARN get_lr: optimizer has more than one param group
WARN get_lr: optimizer has more than one param group
WARN get_lr: optimizer has more than one param group
WARN get_lr: optimizer has more than one param group
WARN get_lr: optimizer has more than one param group
WARN get_lr: optimizer has more than one param group
Overall Acc: 	 0.9321169979975443
Mean Acc : 	 0.7000051251353397
FreqW Acc : 	 0.8807033152335663
Mean IoU : 	 0.5837557325176777
WARN get_lr: optimizer has more than one param group
WARN get_lr: optimizer has more than one param group
WARN get_lr: optimizer has more than one param group
WARN get_lr: optimizer has more than one param group
WARN get_lr: optimizer has more than one param group
WARN get_lr: optimizer has more than one param group
WARN get_lr: optimizer has more than one param group
WARN get_lr: optimizer has more than one param group
WARN get_lr: optimizer has more than one param group
WARN get_lr: optimizer has more than one param group
WARN get_lr: optimizer has more than one param group
WARN get_lr: optimizer has more than one param group
WARN get_lr: optimizer has more than one param group
WARN get_lr: optimizer has more than one param group
WARN get_lr: optimizer has more than one param group
WARN get_lr: optimizer has more than one param group
WARN get_lr: optimizer has more than one param group
WARN get_lr: optimizer has more than one param group
WARN get_lr: optimizer has more than one param group
WARN get_lr: optimizer has more than one param group
WARN get_lr: optimizer has more than one param group
WARN get_lr: optimizer has more than one param group
WARN get_lr: optimizer has more than one param group
WARN get_lr: optimizer has more than one param group
WARN get_lr: optimizer has more than one param group
Overall Acc: 	 0.9342421971766209
Mean Acc : 	 0.7123758899800351
FreqW Acc : 	 0.8842413098824735
Mean IoU : 	 0.6059482448342245
WARN get_lr: optimizer has more than one param group
WARN get_lr: optimizer has more than one param group
WARN get_lr: optimizer has more than one param group
WARN get_lr: optimizer has more than one param group
WARN get_lr: optimizer has more than one param group
WARN get_lr: optimizer has more than one param group
WARN get_lr: optimizer has more than one param group
WARN get_lr: optimizer has more than one param group
WARN get_lr: optimizer has more than one param group
WARN get_lr: optimizer has more than one param group
WARN get_lr: optimizer has more than one param group
WARN get_lr: optimizer has more than one param group
WARN get_lr: optimizer has more than one param group
WARN get_lr: optimizer has more than one param group
WARN get_lr: optimizer has more than one param group
WARN get_lr: optimizer has more than one param group
WARN get_lr: optimizer has more than one param group
WARN get_lr: optimizer has more than one param group
WARN get_lr: optimizer has more than one param group
WARN get_lr: optimizer has more than one param group
WARN get_lr: optimizer has more than one param group
WARN get_lr: optimizer has more than one param group
WARN get_lr: optimizer has more than one param group
WARN get_lr: optimizer has more than one param group
WARN get_lr: optimizer has more than one param group
Overall Acc: 	 0.9348099008139031
Mean Acc : 	 0.6987754348225423
FreqW Acc : 	 0.8846421139099001
Mean IoU : 	 0.5962058455090842
WARN get_lr: optimizer has more than one param group
WARN get_lr: optimizer has more than one param group
WARN get_lr: optimizer has more than one param group
WARN get_lr: optimizer has more than one param group
WARN get_lr: optimizer has more than one param group
WARN get_lr: optimizer has more than one param group
WARN get_lr: optimizer has more than one param group
WARN get_lr: optimizer has more than one param group
WARN get_lr: optimizer has more than one param group
WARN get_lr: optimizer has more than one param group
WARN get_lr: optimizer has more than one param group
WARN get_lr: optimizer has more than one param group
WARN get_lr: optimizer has more than one param group
WARN get_lr: optimizer has more than one param group
WARN get_lr: optimizer has more than one param group
WARN get_lr: optimizer has more than one param group
WARN get_lr: optimizer has more than one param group
WARN get_lr: optimizer has more than one param group
WARN get_lr: optimizer has more than one param group
WARN get_lr: optimizer has more than one param group
WARN get_lr: optimizer has more than one param group
WARN get_lr: optimizer has more than one param group
WARN get_lr: optimizer has more than one param group
WARN get_lr: optimizer has more than one param group
WARN get_lr: optimizer has more than one param group
Overall Acc: 	 0.9345764145511319
Mean Acc : 	 0.7065081860415665
FreqW Acc : 	 0.8836117350278473
Mean IoU : 	 0.6042413861801662
WARN get_lr: optimizer has more than one param group
WARN get_lr: optimizer has more than one param group
WARN get_lr: optimizer has more than one param group
WARN get_lr: optimizer has more than one param group
WARN get_lr: optimizer has more than one param group
WARN get_lr: optimizer has more than one param group
WARN get_lr: optimizer has more than one param group
WARN get_lr: optimizer has more than one param group
WARN get_lr: optimizer has more than one param group
WARN get_lr: optimizer has more than one param group
WARN get_lr: optimizer has more than one param group
WARN get_lr: optimizer has more than one param group
WARN get_lr: optimizer has more than one param group
WARN get_lr: optimizer has more than one param group
WARN get_lr: optimizer has more than one param group
WARN get_lr: optimizer has more than one param group
WARN get_lr: optimizer has more than one param group
WARN get_lr: optimizer has more than one param group
WARN get_lr: optimizer has more than one param group
WARN get_lr: optimizer has more than one param group
WARN get_lr: optimizer has more than one param group
WARN get_lr: optimizer has more than one param group
WARN get_lr: optimizer has more than one param group
WARN get_lr: optimizer has more than one param group
WARN get_lr: optimizer has more than one param group
Overall Acc: 	 0.936447803261054
Mean Acc : 	 0.6992446231914796
FreqW Acc : 	 0.8863824537616706
Mean IoU : 	 0.613818932785487
WARN get_lr: optimizer has more than one param group
WARN get_lr: optimizer has more than one param group
WARN get_lr: optimizer has more than one param group
WARN get_lr: optimizer has more than one param group
WARN get_lr: optimizer has more than one param group
WARN get_lr: optimizer has more than one param group
WARN get_lr: optimizer has more than one param group
WARN get_lr: optimizer has more than one param group
WARN get_lr: optimizer has more than one param group
WARN get_lr: optimizer has more than one param group
WARN get_lr: optimizer has more than one param group
WARN get_lr: optimizer has more than one param group
WARN get_lr: optimizer has more than one param group
WARN get_lr: optimizer has more than one param group
WARN get_lr: optimizer has more than one param group
WARN get_lr: optimizer has more than one param group
WARN get_lr: optimizer has more than one param group
WARN get_lr: optimizer has more than one param group
WARN get_lr: optimizer has more than one param group
WARN get_lr: optimizer has more than one param group
WARN get_lr: optimizer has more than one param group
WARN get_lr: optimizer has more than one param group
WARN get_lr: optimizer has more than one param group
WARN get_lr: optimizer has more than one param group
WARN get_lr: optimizer has more than one param group
Overall Acc: 	 0.9365343872594002
Mean Acc : 	 0.6994965403880647
FreqW Acc : 	 0.8858868641775914
Mean IoU : 	 0.6134180357087303
WARN get_lr: optimizer has more than one param group
WARN get_lr: optimizer has more than one param group
WARN get_lr: optimizer has more than one param group
WARN get_lr: optimizer has more than one param group
WARN get_lr: optimizer has more than one param group
WARN get_lr: optimizer has more than one param group
WARN get_lr: optimizer has more than one param group
WARN get_lr: optimizer has more than one param group
WARN get_lr: optimizer has more than one param group
WARN get_lr: optimizer has more than one param group
WARN get_lr: optimizer has more than one param group
WARN get_lr: optimizer has more than one param group
WARN get_lr: optimizer has more than one param group
WARN get_lr: optimizer has more than one param group
WARN get_lr: optimizer has more than one param group
WARN get_lr: optimizer has more than one param group
WARN get_lr: optimizer has more than one param group
WARN get_lr: optimizer has more than one param group
WARN get_lr: optimizer has more than one param group
WARN get_lr: optimizer has more than one param group
WARN get_lr: optimizer has more than one param group
WARN get_lr: optimizer has more than one param group
WARN get_lr: optimizer has more than one param group
WARN get_lr: optimizer has more than one param group
WARN get_lr: optimizer has more than one param group
Overall Acc: 	 0.9363289378445417
Mean Acc : 	 0.7203863898296864
FreqW Acc : 	 0.8866732345417127
Mean IoU : 	 0.6158712502980882
WARN get_lr: optimizer has more than one param group
WARN get_lr: optimizer has more than one param group
WARN get_lr: optimizer has more than one param group
WARN get_lr: optimizer has more than one param group
WARN get_lr: optimizer has more than one param group
WARN get_lr: optimizer has more than one param group
WARN get_lr: optimizer has more than one param group
WARN get_lr: optimizer has more than one param group
WARN get_lr: optimizer has more than one param group
WARN get_lr: optimizer has more than one param group
WARN get_lr: optimizer has more than one param group
WARN get_lr: optimizer has more than one param group
WARN get_lr: optimizer has more than one param group
WARN get_lr: optimizer has more than one param group
WARN get_lr: optimizer has more than one param group
WARN get_lr: optimizer has more than one param group
WARN get_lr: optimizer has more than one param group
WARN get_lr: optimizer has more than one param group
WARN get_lr: optimizer has more than one param group
WARN get_lr: optimizer has more than one param group
WARN get_lr: optimizer has more than one param group
WARN get_lr: optimizer has more than one param group
WARN get_lr: optimizer has more than one param group
WARN get_lr: optimizer has more than one param group
WARN get_lr: optimizer has more than one param group
Overall Acc: 	 0.9371807135993322
Mean Acc : 	 0.7064317126634035
FreqW Acc : 	 0.8878286041984024
Mean IoU : 	 0.6065452476307324
WARN get_lr: optimizer has more than one param group
WARN get_lr: optimizer has more than one param group
WARN get_lr: optimizer has more than one param group
WARN get_lr: optimizer has more than one param group
WARN get_lr: optimizer has more than one param group
Overall Acc: 	 0.9392818500348136
Mean Acc : 	 0.7277275864840306
FreqW Acc : 	 0.8913430639591252
Mean IoU : 	 0.6307968706398078
WARN get_lr: optimizer has more than one param group
WARN get_lr: optimizer has more than one param group
WARN get_lr: optimizer has more than one param group
WARN get_lr: optimizer has more than one param group
WARN get_lr: optimizer has more than one param group
Overall Acc: 	 0.9389095667609894
Mean Acc : 	 0.725681081980546
FreqW Acc : 	 0.8907545810703648
Mean IoU : 	 0.6291041268668981
WARN get_lr: optimizer has more than one param group
WARN get_lr: optimizer has more than one param group
WARN get_lr: optimizer has more than one param group
WARN get_lr: optimizer has more than one param group
WARN get_lr: optimizer has more than one param group
Overall Acc: 	 0.9395481281111462
Mean Acc : 	 0.7359812836318933
FreqW Acc : 	 0.8921247429731443
Mean IoU : 	 0.6340457805328601
WARN get_lr: optimizer has more than one param group
WARN get_lr: optimizer has more than one param group
WARN get_lr: optimizer has more than one param group
WARN get_lr: optimizer has more than one param group
WARN get_lr: optimizer has more than one param group
Overall Acc: 	 0.939573189833763
Mean Acc : 	 0.7297632207358044
FreqW Acc : 	 0.8919721777902434
Mean IoU : 	 0.6303770031932625
WARN get_lr: optimizer has more than one param group
WARN get_lr: optimizer has more than one param group
WARN get_lr: optimizer has more than one param group
WARN get_lr: optimizer has more than one param group
WARN get_lr: optimizer has more than one param group
Overall Acc: 	 0.9394297076547221
Mean Acc : 	 0.7263959349337711
FreqW Acc : 	 0.891502171794575
Mean IoU : 	 0.6294139382986511
WARN get_lr: optimizer has more than one param group
WARN get_lr: optimizer has more than one param group
WARN get_lr: optimizer has more than one param group
WARN get_lr: optimizer has more than one param group
WARN get_lr: optimizer has more than one param group
Overall Acc: 	 0.9393729665187645
Mean Acc : 	 0.7257573058181231
FreqW Acc : 	 0.8915373052888471
Mean IoU : 	 0.6253904767603536
WARN get_lr: optimizer has more than one param group
WARN get_lr: optimizer has more than one param group
WARN get_lr: optimizer has more than one param group
WARN get_lr: optimizer has more than one param group
WARN get_lr: optimizer has more than one param group
Overall Acc: 	 0.9388427616748006
Mean Acc : 	 0.7278788447115254
FreqW Acc : 	 0.8909291194098922
Mean IoU : 	 0.6297779094775467
WARN get_lr: optimizer has more than one param group
WARN get_lr: optimizer has more than one param group
WARN get_lr: optimizer has more than one param group
WARN get_lr: optimizer has more than one param group
WARN get_lr: optimizer has more than one param group
Overall Acc: 	 0.9396279111999085
Mean Acc : 	 0.7307945250353655
FreqW Acc : 	 0.8921949956226628
Mean IoU : 	 0.6324220339500726
WARN get_lr: optimizer has more than one param group
WARN get_lr: optimizer has more than one param group
WARN get_lr: optimizer has more than one param group
WARN get_lr: optimizer has more than one param group
WARN get_lr: optimizer has more than one param group
Overall Acc: 	 0.9398084166757029
Mean Acc : 	 0.7359079101739484
FreqW Acc : 	 0.8923122581907557
Mean IoU : 	 0.6360438465009115
WARN get_lr: optimizer has more than one param group
WARN get_lr: optimizer has more than one param group
WARN get_lr: optimizer has more than one param group
WARN get_lr: optimizer has more than one param group
WARN get_lr: optimizer has more than one param group
Overall Acc: 	 0.9397421263472634
Mean Acc : 	 0.7317707207453847
FreqW Acc : 	 0.8921967939197859
Mean IoU : 	 0.6351075140603673
WARN get_lr: optimizer has more than one param group
WARN get_lr: optimizer has more than one param group
WARN get_lr: optimizer has more than one param group
WARN get_lr: optimizer has more than one param group
WARN get_lr: optimizer has more than one param group
Overall Acc: 	 0.9396022692842354
Mean Acc : 	 0.730594392454066
FreqW Acc : 	 0.891608523090032
Mean IoU : 	 0.6333427791886392
WARN get_lr: optimizer has more than one param group
WARN get_lr: optimizer has more than one param group
WARN get_lr: optimizer has more than one param group
WARN get_lr: optimizer has more than one param group
WARN get_lr: optimizer has more than one param group
Overall Acc: 	 0.9393698168993163
Mean Acc : 	 0.7360817941031603
FreqW Acc : 	 0.8916718039421525
Mean IoU : 	 0.6360563828163778
WARN get_lr: optimizer has more than one param group
WARN get_lr: optimizer has more than one param group
WARN get_lr: optimizer has more than one param group
WARN get_lr: optimizer has more than one param group
WARN get_lr: optimizer has more than one param group
Overall Acc: 	 0.9397578831692115
Mean Acc : 	 0.738339974359199
FreqW Acc : 	 0.8926246268354442
Mean IoU : 	 0.6372914554040324
WARN get_lr: optimizer has more than one param group
WARN get_lr: optimizer has more than one param group
WARN get_lr: optimizer has more than one param group
WARN get_lr: optimizer has more than one param group
WARN get_lr: optimizer has more than one param group
Overall Acc: 	 0.9394886561417058
Mean Acc : 	 0.7288223855121437
FreqW Acc : 	 0.8917042328792064
Mean IoU : 	 0.6302250185959684
WARN get_lr: optimizer has more than one param group
WARN get_lr: optimizer has more than one param group
WARN get_lr: optimizer has more than one param group
WARN get_lr: optimizer has more than one param group
WARN get_lr: optimizer has more than one param group
Overall Acc: 	 0.9393978973707671
Mean Acc : 	 0.7227528214902526
FreqW Acc : 	 0.8912022805805595
Mean IoU : 	 0.6289776439466669
WARN get_lr: optimizer has more than one param group
WARN get_lr: optimizer has more than one param group
WARN get_lr: optimizer has more than one param group
WARN get_lr: optimizer has more than one param group
WARN get_lr: optimizer has more than one param group
Overall Acc: 	 0.9391606202225382
Mean Acc : 	 0.720548464137222
FreqW Acc : 	 0.8911491795360227
Mean IoU : 	 0.6292162009488297
WARN get_lr: optimizer has more than one param group
WARN get_lr: optimizer has more than one param group
WARN get_lr: optimizer has more than one param group
WARN get_lr: optimizer has more than one param group
WARN get_lr: optimizer has more than one param group
Overall Acc: 	 0.9397434045169286
Mean Acc : 	 0.7336019295791069
FreqW Acc : 	 0.8925285557820638
Mean IoU : 	 0.6366683693966585
WARN get_lr: optimizer has more than one param group
WARN get_lr: optimizer has more than one param group
WARN get_lr: optimizer has more than one param group
WARN get_lr: optimizer has more than one param group
WARN get_lr: optimizer has more than one param group
Overall Acc: 	 0.9397972316005437
Mean Acc : 	 0.7349143166768553
FreqW Acc : 	 0.8925134858788627
Mean IoU : 	 0.6343400562189763
WARN get_lr: optimizer has more than one param group
WARN get_lr: optimizer has more than one param group
WARN get_lr: optimizer has more than one param group
WARN get_lr: optimizer has more than one param group
WARN get_lr: optimizer has more than one param group
Overall Acc: 	 0.9399313478059627
Mean Acc : 	 0.7303154406067168
FreqW Acc : 	 0.8925059217670394
Mean IoU : 	 0.6333075447685755
WARN get_lr: optimizer has more than one param group
WARN get_lr: optimizer has more than one param group
WARN get_lr: optimizer has more than one param group
WARN get_lr: optimizer has more than one param group
WARN get_lr: optimizer has more than one param group
Overall Acc: 	 0.9394807079330708
Mean Acc : 	 0.7248542932614215
FreqW Acc : 	 0.8918131430548667
Mean IoU : 	 0.6314493328607244
Resolved base cfg vars {'seed': 7, ('model', 'variant'): 'ct_cos_1p00', ('training', 'cross_task_lambda'): 1.0, ('training', 'cross_task_type'): 'cosine'}
Resolved vars {('config', 'general', 'tag'): 'cityscapes_pad_ct_cos_1p00_D372_S7', 'seed': 7, ('model', 'variant'): 'ct_cos_1p00', ('training', 'cross_task_lambda'): 1.0, ('training', 'cross_task_type'): 'cosine'}
Resolved base cfg vars {'seed': 25, ('model', 'variant'): 'ct_cos_1p00', ('training', 'cross_task_lambda'): 1.0, ('training', 'cross_task_type'): 'cosine'}
Resolved vars {('config', 'general', 'tag'): 'cityscapes_pad_ct_cos_1p00_D372_S25', 'seed': 25, ('model', 'variant'): 'ct_cos_1p00', ('training', 'cross_task_lambda'): 1.0, ('training', 'cross_task_type'): 'cosine'}
Resolved base cfg vars {'seed': 42, ('model', 'variant'): 'ct_cos_1p00', ('training', 'cross_task_lambda'): 1.0, ('training', 'cross_task_type'): 'cosine'}
Resolved vars {('config', 'general', 'tag'): 'cityscapes_pad_ct_cos_1p00_D372_S42', 'seed': 42, ('model', 'variant'): 'ct_cos_1p00', ('training', 'cross_task_lambda'): 1.0, ('training', 'cross_task_type'): 'cosine'}

==============================================
Done!  End: Wed Mar  4 12:26:59 PM UTC 2026
==============================================
