exp 220 run 6,7,8: single_cosine_w0_lam1p25 (3 seeds, 40h)
Start experiment cityscapes_joint_220
Run ID: cityscapes_joint_220_2026-03-28_02-32-04
Resolved base cfg vars {'seed': 7, ('model', 'segmentation_args', 'projection_mode'): 'single', ('model', 'variant'): 'ct_single_cosine_w0_lam0p75', ('training', 'cross_task_lambda'): 0.75, ('training', 'cross_task_type'): 'cosine', ('training', 'cross_task_warmup_iters'): 0}
Resolved vars {('config', 'general', 'tag'): 'cityscapes_pad_ct_single_cosine_w0_lam0p75_D372_S7', 'seed': 7, ('model', 'segmentation_args', 'projection_mode'): 'single', ('model', 'variant'): 'ct_single_cosine_w0_lam0p75', ('training', 'cross_task_lambda'): 0.75, ('training', 'cross_task_type'): 'cosine', ('training', 'cross_task_warmup_iters'): 0}
Resolved base cfg vars {'seed': 25, ('model', 'segmentation_args', 'projection_mode'): 'single', ('model', 'variant'): 'ct_single_cosine_w0_lam0p75', ('training', 'cross_task_lambda'): 0.75, ('training', 'cross_task_type'): 'cosine', ('training', 'cross_task_warmup_iters'): 0}
Resolved vars {('config', 'general', 'tag'): 'cityscapes_pad_ct_single_cosine_w0_lam0p75_D372_S25', 'seed': 25, ('model', 'segmentation_args', 'projection_mode'): 'single', ('model', 'variant'): 'ct_single_cosine_w0_lam0p75', ('training', 'cross_task_lambda'): 0.75, ('training', 'cross_task_type'): 'cosine', ('training', 'cross_task_warmup_iters'): 0}
Resolved base cfg vars {'seed': 42, ('model', 'segmentation_args', 'projection_mode'): 'single', ('model', 'variant'): 'ct_single_cosine_w0_lam0p75', ('training', 'cross_task_lambda'): 0.75, ('training', 'cross_task_type'): 'cosine', ('training', 'cross_task_warmup_iters'): 0}
Resolved vars {('config', 'general', 'tag'): 'cityscapes_pad_ct_single_cosine_w0_lam0p75_D372_S42', 'seed': 42, ('model', 'segmentation_args', 'projection_mode'): 'single', ('model', 'variant'): 'ct_single_cosine_w0_lam0p75', ('training', 'cross_task_lambda'): 0.75, ('training', 'cross_task_type'): 'cosine', ('training', 'cross_task_warmup_iters'): 0}
Resolved base cfg vars {'seed': 7, ('model', 'segmentation_args', 'projection_mode'): 'single', ('model', 'variant'): 'ct_single_cosine_w0_lam1p00', ('training', 'cross_task_lambda'): 1.0, ('training', 'cross_task_type'): 'cosine', ('training', 'cross_task_warmup_iters'): 0}
Resolved vars {('config', 'general', 'tag'): 'cityscapes_pad_ct_single_cosine_w0_lam1p00_D372_S7', 'seed': 7, ('model', 'segmentation_args', 'projection_mode'): 'single', ('model', 'variant'): 'ct_single_cosine_w0_lam1p00', ('training', 'cross_task_lambda'): 1.0, ('training', 'cross_task_type'): 'cosine', ('training', 'cross_task_warmup_iters'): 0}
Resolved base cfg vars {'seed': 25, ('model', 'segmentation_args', 'projection_mode'): 'single', ('model', 'variant'): 'ct_single_cosine_w0_lam1p00', ('training', 'cross_task_lambda'): 1.0, ('training', 'cross_task_type'): 'cosine', ('training', 'cross_task_warmup_iters'): 0}
Resolved vars {('config', 'general', 'tag'): 'cityscapes_pad_ct_single_cosine_w0_lam1p00_D372_S25', 'seed': 25, ('model', 'segmentation_args', 'projection_mode'): 'single', ('model', 'variant'): 'ct_single_cosine_w0_lam1p00', ('training', 'cross_task_lambda'): 1.0, ('training', 'cross_task_type'): 'cosine', ('training', 'cross_task_warmup_iters'): 0}
Resolved base cfg vars {'seed': 42, ('model', 'segmentation_args', 'projection_mode'): 'single', ('model', 'variant'): 'ct_single_cosine_w0_lam1p00', ('training', 'cross_task_lambda'): 1.0, ('training', 'cross_task_type'): 'cosine', ('training', 'cross_task_warmup_iters'): 0}
Resolved vars {('config', 'general', 'tag'): 'cityscapes_pad_ct_single_cosine_w0_lam1p00_D372_S42', 'seed': 42, ('model', 'segmentation_args', 'projection_mode'): 'single', ('model', 'variant'): 'ct_single_cosine_w0_lam1p00', ('training', 'cross_task_lambda'): 1.0, ('training', 'cross_task_type'): 'cosine', ('training', 'cross_task_warmup_iters'): 0}
Resolved base cfg vars {'seed': 7, ('model', 'segmentation_args', 'projection_mode'): 'single', ('model', 'variant'): 'ct_single_cosine_w0_lam1p25', ('training', 'cross_task_lambda'): 1.25, ('training', 'cross_task_type'): 'cosine', ('training', 'cross_task_warmup_iters'): 0}
Resolved vars {('config', 'general', 'tag'): 'cityscapes_pad_ct_single_cosine_w0_lam1p25_D372_S7', 'seed': 7, ('model', 'segmentation_args', 'projection_mode'): 'single', ('model', 'variant'): 'ct_single_cosine_w0_lam1p25', ('training', 'cross_task_lambda'): 1.25, ('training', 'cross_task_type'): 'cosine', ('training', 'cross_task_warmup_iters'): 0}
Dispatch job 6_tag=cityscapes_pad_ct_single_cosine_w0_lam1p25_D372_S7
Start 2026-03-28_02-32-046_tag=cityscapes_pad_ct_single_cosine_w0_lam1p25_D372_S7
RUNDIR: /user/work/ig23200/sde_seg/logs//cityscapes_joint_220/2026-03-28_02-32-046_tag=cityscapes_pad_ct_single_cosine_w0_lam1p25_D372_S7
Restrict subset from 2975 to 372 images ...
Use image subset [0, 2, 24, 26, 34, 36, 60, 70, 71, 87, 99, 118, 121, 125, 131, 142, 151, 172, 180, 186, 190, 194, 203, 206, 224, 226, 241, 259, 278, 280, 296, 305, 314, 318, 325, 340, 356, 361, 372, 375, 377, 386, 400, 412, 414, 415, 419, 420, 423, 426, 427, 429, 430, 433, 450, 454, 468, 474, 502, 513, 514, 523, 526, 536, 539, 547, 561, 562, 580, 582, 584, 587, 592, 603, 619, 632, 637, 643, 658, 661, 664, 666, 672, 674, 690, 699, 701, 704, 705, 707, 716, 717, 718, 727, 729, 732, 735, 746, 752, 757, 760, 795, 802, 803, 832, 836, 840, 842, 845, 847, 858, 863, 864, 879, 890, 895, 921, 928, 939, 945, 961, 964, 977, 979, 983, 992, 997, 1002, 1039, 1054, 1057, 1061, 1070, 1084, 1104, 1109, 1123, 1135, 1140, 1141, 1144, 1151, 1153, 1165, 1167, 1171, 1181, 1209, 1210, 1222, 1224, 1227, 1228, 1235, 1251, 1263, 1267, 1281, 1283, 1292, 1294, 1303, 1308, 1313, 1324, 1332, 1338, 1351, 1354, 1363, 1364, 1365, 1381, 1396, 1420, 1421, 1428, 1434, 1443, 1448, 1455, 1458, 1470, 1476, 1477, 1483, 1487, 1490, 1495, 1496, 1512, 1524, 1533, 1538, 1545, 1559, 1578, 1584, 1587, 1611, 1617, 1647, 1670, 1675, 1678, 1681, 1682, 1695, 1697, 1703, 1705, 1714, 1715, 1730, 1731, 1751, 1755, 1761, 1766, 1769, 1777, 1782, 1792, 1795, 1805, 1813, 1830, 1853, 1854, 1863, 1875, 1876, 1879, 1898, 1914, 1915, 1939, 1958, 1979, 1982, 1992, 2008, 2014, 2043, 2047, 2052, 2081, 2085, 2087, 2092, 2099, 2106, 2112, 2114, 2116, 2130, 2132, 2134, 2146, 2159, 2160, 2165, 2194, 2196, 2202, 2203, 2205, 2208, 2211, 2212, 2218, 2224, 2234, 2237, 2240, 2248, 2253, 2263, 2271, 2282, 2284, 2285, 2288, 2293, 2335, 2350, 2360, 2361, 2369, 2385, 2402, 2417, 2426, 2430, 2437, 2443, 2444, 2455, 2461, 2465, 2489, 2503, 2510, 2522, 2535, 2547, 2548, 2555, 2556, 2559, 2561, 2568, 2582, 2591, 2592, 2599, 2607, 2611, 2620, 2623, 2625, 2628, 2629, 2643, 2645, 2653, 2665, 2671, 2679, 2690, 2698, 2700, 2701, 2703, 2706, 2724, 2729, 2734, 2741, 2742, 2744, 2747, 2755, 2762, 2768, 2781, 2787, 2790, 2795, 2798, 2802, 2809, 2817, 2825, 2830, 2835, 2841, 2843, 2844, 2868, 2885, 2887, 2890, 2925, 2928, 2936, 2949, 2961, 2970, 2971, 2972, 2973] with class frequencies:
Keep 372 images
Found 372 train images
Restrict subset from 2975 to 372 images ...
Use image subset [0, 2, 24, 26, 34, 36, 60, 70, 71, 87, 99, 118, 121, 125, 131, 142, 151, 172, 180, 186, 190, 194, 203, 206, 224, 226, 241, 259, 278, 280, 296, 305, 314, 318, 325, 340, 356, 361, 372, 375, 377, 386, 400, 412, 414, 415, 419, 420, 423, 426, 427, 429, 430, 433, 450, 454, 468, 474, 502, 513, 514, 523, 526, 536, 539, 547, 561, 562, 580, 582, 584, 587, 592, 603, 619, 632, 637, 643, 658, 661, 664, 666, 672, 674, 690, 699, 701, 704, 705, 707, 716, 717, 718, 727, 729, 732, 735, 746, 752, 757, 760, 795, 802, 803, 832, 836, 840, 842, 845, 847, 858, 863, 864, 879, 890, 895, 921, 928, 939, 945, 961, 964, 977, 979, 983, 992, 997, 1002, 1039, 1054, 1057, 1061, 1070, 1084, 1104, 1109, 1123, 1135, 1140, 1141, 1144, 1151, 1153, 1165, 1167, 1171, 1181, 1209, 1210, 1222, 1224, 1227, 1228, 1235, 1251, 1263, 1267, 1281, 1283, 1292, 1294, 1303, 1308, 1313, 1324, 1332, 1338, 1351, 1354, 1363, 1364, 1365, 1381, 1396, 1420, 1421, 1428, 1434, 1443, 1448, 1455, 1458, 1470, 1476, 1477, 1483, 1487, 1490, 1495, 1496, 1512, 1524, 1533, 1538, 1545, 1559, 1578, 1584, 1587, 1611, 1617, 1647, 1670, 1675, 1678, 1681, 1682, 1695, 1697, 1703, 1705, 1714, 1715, 1730, 1731, 1751, 1755, 1761, 1766, 1769, 1777, 1782, 1792, 1795, 1805, 1813, 1830, 1853, 1854, 1863, 1875, 1876, 1879, 1898, 1914, 1915, 1939, 1958, 1979, 1982, 1992, 2008, 2014, 2043, 2047, 2052, 2081, 2085, 2087, 2092, 2099, 2106, 2112, 2114, 2116, 2130, 2132, 2134, 2146, 2159, 2160, 2165, 2194, 2196, 2202, 2203, 2205, 2208, 2211, 2212, 2218, 2224, 2234, 2237, 2240, 2248, 2253, 2263, 2271, 2282, 2284, 2285, 2288, 2293, 2335, 2350, 2360, 2361, 2369, 2385, 2402, 2417, 2426, 2430, 2437, 2443, 2444, 2455, 2461, 2465, 2489, 2503, 2510, 2522, 2535, 2547, 2548, 2555, 2556, 2559, 2561, 2568, 2582, 2591, 2592, 2599, 2607, 2611, 2620, 2623, 2625, 2628, 2629, 2643, 2645, 2653, 2665, 2671, 2679, 2690, 2698, 2700, 2701, 2703, 2706, 2724, 2729, 2734, 2741, 2742, 2744, 2747, 2755, 2762, 2768, 2781, 2787, 2790, 2795, 2798, 2802, 2809, 2817, 2825, 2830, 2835, 2841, 2843, 2844, 2868, 2885, 2887, 2890, 2925, 2928, 2936, 2949, 2961, 2970, 2971, 2972, 2973] with class frequencies:
Keep 2975 images
Found 2975 train images
Found 500 val images
Load mono_cityscapes_1024x512_r101dil_aspp_dec6_lr5_fd2_crop512x512bs4 weights
Load mono_cityscapes_1024x512_r101dil_aspp_dec6_lr5_fd2_crop512x512bs4depth weights
Load mono_cityscapes_1024x512_r101dil_aspp_dec6_lr5_fd2_crop512x512bs4depth weights
Create segmentation ema model.
Load mono_cityscapes_1024x512_r101dil_aspp_dec6_lr5_fd2_crop512x512bs4 weights
Load mono_cityscapes_1024x512_r101dil_aspp_dec6_lr5_fd2_crop512x512bs4depth weights
Load mono_cityscapes_1024x512_r101dil_aspp_dec6_lr5_fd2_crop512x512bs4depth weights
PAD run first half of decoder ([4, 3, 2]).
bottleneck shape torch.Size([2, 2048, 32, 32])
upconv4-0 shape: torch.Size([2, 256, 32, 32])
concatenated features shape: torch.Size([2, 1280, 32, 32])
upconv4-1 shape: torch.Size([2, 256, 32, 32])
upconv3-0 shape: torch.Size([2, 256, 32, 32])
concatenated features shape: torch.Size([2, 768, 64, 64])
upconv3-1 shape: torch.Size([2, 256, 64, 64])
disp3 shape: torch.Size([2, 1, 64, 64]), expected [64 64]
upconv2-0 shape: torch.Size([2, 128, 64, 64])
concatenated features shape: torch.Size([2, 384, 128, 128])
upconv2-1 shape: torch.Size([2, 128, 128, 128])
disp2 shape: torch.Size([2, 1, 128, 128]), expected [128 128]
bottleneck shape torch.Size([2, 2048, 32, 32])
upconv4-0 shape: torch.Size([2, 256, 32, 32])
concatenated features shape: torch.Size([2, 1280, 32, 32])
upconv4-1 shape: torch.Size([2, 256, 32, 32])
upconv3-0 shape: torch.Size([2, 256, 32, 32])
concatenated features shape: torch.Size([2, 768, 64, 64])
upconv3-1 shape: torch.Size([2, 256, 64, 64])
upconv2-0 shape: torch.Size([2, 128, 64, 64])
concatenated features shape: torch.Size([2, 384, 128, 128])
upconv2-1 shape: torch.Size([2, 128, 128, 128])
PAD self attention for ('upconv', 2) with shape torch.Size([2, 128, 128, 128]).
PAD run second half of decoder ([1, 0]).
bottleneck shape torch.Size([2, 128, 128, 128])
upconv1-0 shape: torch.Size([2, 128, 128, 128])
concatenated features shape: torch.Size([2, 192, 256, 256])
upconv1-1 shape: torch.Size([2, 128, 256, 256])
disp1 shape: torch.Size([2, 1, 256, 256]), expected [256 256]
upconv0-0 shape: torch.Size([2, 64, 256, 256])
concatenated features shape: torch.Size([2, 64, 512, 512])
upconv0-1 shape: torch.Size([2, 64, 512, 512])
disp0 shape: torch.Size([2, 1, 512, 512]), expected [512 512]
WARN get_lr: optimizer has more than one param group
Overall Acc: 	 0.8170347019530603
Mean Acc : 	 0.24432893604030892
FreqW Acc : 	 0.6845749674168571
Mean IoU : 	 0.19853578456997842
WARN get_lr: optimizer has more than one param group
WARN get_lr: optimizer has more than one param group
WARN get_lr: optimizer has more than one param group
WARN get_lr: optimizer has more than one param group
WARN get_lr: optimizer has more than one param group
WARN get_lr: optimizer has more than one param group
WARN get_lr: optimizer has more than one param group
WARN get_lr: optimizer has more than one param group
WARN get_lr: optimizer has more than one param group
WARN get_lr: optimizer has more than one param group
WARN get_lr: optimizer has more than one param group
WARN get_lr: optimizer has more than one param group
WARN get_lr: optimizer has more than one param group
WARN get_lr: optimizer has more than one param group
WARN get_lr: optimizer has more than one param group
WARN get_lr: optimizer has more than one param group
WARN get_lr: optimizer has more than one param group
WARN get_lr: optimizer has more than one param group
WARN get_lr: optimizer has more than one param group
WARN get_lr: optimizer has more than one param group
WARN get_lr: optimizer has more than one param group
WARN get_lr: optimizer has more than one param group
WARN get_lr: optimizer has more than one param group
WARN get_lr: optimizer has more than one param group
Overall Acc: 	 0.9151821747522901
Mean Acc : 	 0.576444810861843
FreqW Acc : 	 0.8538925638382677
Mean IoU : 	 0.47072910640414795
WARN get_lr: optimizer has more than one param group
WARN get_lr: optimizer has more than one param group
WARN get_lr: optimizer has more than one param group
WARN get_lr: optimizer has more than one param group
WARN get_lr: optimizer has more than one param group
WARN get_lr: optimizer has more than one param group
WARN get_lr: optimizer has more than one param group
WARN get_lr: optimizer has more than one param group
WARN get_lr: optimizer has more than one param group
WARN get_lr: optimizer has more than one param group
WARN get_lr: optimizer has more than one param group
WARN get_lr: optimizer has more than one param group
WARN get_lr: optimizer has more than one param group
WARN get_lr: optimizer has more than one param group
WARN get_lr: optimizer has more than one param group
WARN get_lr: optimizer has more than one param group
WARN get_lr: optimizer has more than one param group
WARN get_lr: optimizer has more than one param group
WARN get_lr: optimizer has more than one param group
WARN get_lr: optimizer has more than one param group
WARN get_lr: optimizer has more than one param group
WARN get_lr: optimizer has more than one param group
WARN get_lr: optimizer has more than one param group
WARN get_lr: optimizer has more than one param group
WARN get_lr: optimizer has more than one param group
Overall Acc: 	 0.9252914323899091
Mean Acc : 	 0.6137183043793316
FreqW Acc : 	 0.8691843312614156
Mean IoU : 	 0.5206859008084471
WARN get_lr: optimizer has more than one param group
WARN get_lr: optimizer has more than one param group
WARN get_lr: optimizer has more than one param group
WARN get_lr: optimizer has more than one param group
WARN get_lr: optimizer has more than one param group
WARN get_lr: optimizer has more than one param group
WARN get_lr: optimizer has more than one param group
WARN get_lr: optimizer has more than one param group
WARN get_lr: optimizer has more than one param group
WARN get_lr: optimizer has more than one param group
WARN get_lr: optimizer has more than one param group
WARN get_lr: optimizer has more than one param group
WARN get_lr: optimizer has more than one param group
WARN get_lr: optimizer has more than one param group
WARN get_lr: optimizer has more than one param group
WARN get_lr: optimizer has more than one param group
WARN get_lr: optimizer has more than one param group
WARN get_lr: optimizer has more than one param group
WARN get_lr: optimizer has more than one param group
WARN get_lr: optimizer has more than one param group
WARN get_lr: optimizer has more than one param group
WARN get_lr: optimizer has more than one param group
WARN get_lr: optimizer has more than one param group
WARN get_lr: optimizer has more than one param group
WARN get_lr: optimizer has more than one param group
Overall Acc: 	 0.928725843743898
Mean Acc : 	 0.6476354109545348
FreqW Acc : 	 0.8757470169323383
Mean IoU : 	 0.5464460366265239
WARN get_lr: optimizer has more than one param group
WARN get_lr: optimizer has more than one param group
WARN get_lr: optimizer has more than one param group
WARN get_lr: optimizer has more than one param group
WARN get_lr: optimizer has more than one param group
WARN get_lr: optimizer has more than one param group
WARN get_lr: optimizer has more than one param group
WARN get_lr: optimizer has more than one param group
WARN get_lr: optimizer has more than one param group
WARN get_lr: optimizer has more than one param group
WARN get_lr: optimizer has more than one param group
WARN get_lr: optimizer has more than one param group
WARN get_lr: optimizer has more than one param group
WARN get_lr: optimizer has more than one param group
WARN get_lr: optimizer has more than one param group
WARN get_lr: optimizer has more than one param group
WARN get_lr: optimizer has more than one param group
WARN get_lr: optimizer has more than one param group
WARN get_lr: optimizer has more than one param group
WARN get_lr: optimizer has more than one param group
WARN get_lr: optimizer has more than one param group
WARN get_lr: optimizer has more than one param group
WARN get_lr: optimizer has more than one param group
WARN get_lr: optimizer has more than one param group
WARN get_lr: optimizer has more than one param group
Overall Acc: 	 0.9312351917991517
Mean Acc : 	 0.6577418102309628
FreqW Acc : 	 0.8786956990851479
Mean IoU : 	 0.5647005023644692
WARN get_lr: optimizer has more than one param group
WARN get_lr: optimizer has more than one param group
WARN get_lr: optimizer has more than one param group
WARN get_lr: optimizer has more than one param group
WARN get_lr: optimizer has more than one param group
WARN get_lr: optimizer has more than one param group
WARN get_lr: optimizer has more than one param group
WARN get_lr: optimizer has more than one param group
WARN get_lr: optimizer has more than one param group
WARN get_lr: optimizer has more than one param group
WARN get_lr: optimizer has more than one param group
WARN get_lr: optimizer has more than one param group
WARN get_lr: optimizer has more than one param group
WARN get_lr: optimizer has more than one param group
WARN get_lr: optimizer has more than one param group
WARN get_lr: optimizer has more than one param group
WARN get_lr: optimizer has more than one param group
WARN get_lr: optimizer has more than one param group
WARN get_lr: optimizer has more than one param group
WARN get_lr: optimizer has more than one param group
WARN get_lr: optimizer has more than one param group
WARN get_lr: optimizer has more than one param group
WARN get_lr: optimizer has more than one param group
WARN get_lr: optimizer has more than one param group
WARN get_lr: optimizer has more than one param group
Overall Acc: 	 0.9318517101755257
Mean Acc : 	 0.6797226772158768
FreqW Acc : 	 0.8800697392974786
Mean IoU : 	 0.5759446703626476
WARN get_lr: optimizer has more than one param group
WARN get_lr: optimizer has more than one param group
WARN get_lr: optimizer has more than one param group
WARN get_lr: optimizer has more than one param group
WARN get_lr: optimizer has more than one param group
WARN get_lr: optimizer has more than one param group
WARN get_lr: optimizer has more than one param group
WARN get_lr: optimizer has more than one param group
WARN get_lr: optimizer has more than one param group
WARN get_lr: optimizer has more than one param group
WARN get_lr: optimizer has more than one param group
WARN get_lr: optimizer has more than one param group
WARN get_lr: optimizer has more than one param group
WARN get_lr: optimizer has more than one param group
WARN get_lr: optimizer has more than one param group
WARN get_lr: optimizer has more than one param group
WARN get_lr: optimizer has more than one param group
WARN get_lr: optimizer has more than one param group
WARN get_lr: optimizer has more than one param group
WARN get_lr: optimizer has more than one param group
WARN get_lr: optimizer has more than one param group
WARN get_lr: optimizer has more than one param group
WARN get_lr: optimizer has more than one param group
WARN get_lr: optimizer has more than one param group
WARN get_lr: optimizer has more than one param group
Overall Acc: 	 0.934437120231745
Mean Acc : 	 0.6841539117504997
FreqW Acc : 	 0.8833477502905528
Mean IoU : 	 0.5887740764779982
WARN get_lr: optimizer has more than one param group
WARN get_lr: optimizer has more than one param group
WARN get_lr: optimizer has more than one param group
WARN get_lr: optimizer has more than one param group
WARN get_lr: optimizer has more than one param group
WARN get_lr: optimizer has more than one param group
WARN get_lr: optimizer has more than one param group
WARN get_lr: optimizer has more than one param group
WARN get_lr: optimizer has more than one param group
WARN get_lr: optimizer has more than one param group
WARN get_lr: optimizer has more than one param group
WARN get_lr: optimizer has more than one param group
WARN get_lr: optimizer has more than one param group
WARN get_lr: optimizer has more than one param group
WARN get_lr: optimizer has more than one param group
WARN get_lr: optimizer has more than one param group
WARN get_lr: optimizer has more than one param group
WARN get_lr: optimizer has more than one param group
WARN get_lr: optimizer has more than one param group
WARN get_lr: optimizer has more than one param group
WARN get_lr: optimizer has more than one param group
WARN get_lr: optimizer has more than one param group
WARN get_lr: optimizer has more than one param group
WARN get_lr: optimizer has more than one param group
WARN get_lr: optimizer has more than one param group
Overall Acc: 	 0.9329390224993763
Mean Acc : 	 0.6969134044568215
FreqW Acc : 	 0.8818961811507238
Mean IoU : 	 0.5905575879948354
WARN get_lr: optimizer has more than one param group
WARN get_lr: optimizer has more than one param group
WARN get_lr: optimizer has more than one param group
WARN get_lr: optimizer has more than one param group
WARN get_lr: optimizer has more than one param group
WARN get_lr: optimizer has more than one param group
WARN get_lr: optimizer has more than one param group
WARN get_lr: optimizer has more than one param group
WARN get_lr: optimizer has more than one param group
WARN get_lr: optimizer has more than one param group
WARN get_lr: optimizer has more than one param group
WARN get_lr: optimizer has more than one param group
WARN get_lr: optimizer has more than one param group
WARN get_lr: optimizer has more than one param group
WARN get_lr: optimizer has more than one param group
WARN get_lr: optimizer has more than one param group
WARN get_lr: optimizer has more than one param group
WARN get_lr: optimizer has more than one param group
WARN get_lr: optimizer has more than one param group
WARN get_lr: optimizer has more than one param group
WARN get_lr: optimizer has more than one param group
WARN get_lr: optimizer has more than one param group
WARN get_lr: optimizer has more than one param group
WARN get_lr: optimizer has more than one param group
WARN get_lr: optimizer has more than one param group
Overall Acc: 	 0.935296538830404
Mean Acc : 	 0.6992992777539344
FreqW Acc : 	 0.8842267953521811
Mean IoU : 	 0.6019971412890854
WARN get_lr: optimizer has more than one param group
WARN get_lr: optimizer has more than one param group
WARN get_lr: optimizer has more than one param group
WARN get_lr: optimizer has more than one param group
WARN get_lr: optimizer has more than one param group
WARN get_lr: optimizer has more than one param group
WARN get_lr: optimizer has more than one param group
WARN get_lr: optimizer has more than one param group
WARN get_lr: optimizer has more than one param group
WARN get_lr: optimizer has more than one param group
WARN get_lr: optimizer has more than one param group
WARN get_lr: optimizer has more than one param group
WARN get_lr: optimizer has more than one param group
WARN get_lr: optimizer has more than one param group
WARN get_lr: optimizer has more than one param group
WARN get_lr: optimizer has more than one param group
WARN get_lr: optimizer has more than one param group
WARN get_lr: optimizer has more than one param group
WARN get_lr: optimizer has more than one param group
WARN get_lr: optimizer has more than one param group
WARN get_lr: optimizer has more than one param group
WARN get_lr: optimizer has more than one param group
WARN get_lr: optimizer has more than one param group
WARN get_lr: optimizer has more than one param group
WARN get_lr: optimizer has more than one param group
Overall Acc: 	 0.9357815889501194
Mean Acc : 	 0.7120752422921197
FreqW Acc : 	 0.8858876630966721
Mean IoU : 	 0.6074848266575478
WARN get_lr: optimizer has more than one param group
WARN get_lr: optimizer has more than one param group
WARN get_lr: optimizer has more than one param group
WARN get_lr: optimizer has more than one param group
WARN get_lr: optimizer has more than one param group
WARN get_lr: optimizer has more than one param group
WARN get_lr: optimizer has more than one param group
WARN get_lr: optimizer has more than one param group
WARN get_lr: optimizer has more than one param group
WARN get_lr: optimizer has more than one param group
WARN get_lr: optimizer has more than one param group
WARN get_lr: optimizer has more than one param group
WARN get_lr: optimizer has more than one param group
WARN get_lr: optimizer has more than one param group
WARN get_lr: optimizer has more than one param group
WARN get_lr: optimizer has more than one param group
WARN get_lr: optimizer has more than one param group
WARN get_lr: optimizer has more than one param group
WARN get_lr: optimizer has more than one param group
WARN get_lr: optimizer has more than one param group
WARN get_lr: optimizer has more than one param group
WARN get_lr: optimizer has more than one param group
WARN get_lr: optimizer has more than one param group
WARN get_lr: optimizer has more than one param group
WARN get_lr: optimizer has more than one param group
Overall Acc: 	 0.9365613422435689
Mean Acc : 	 0.7039080690335067
FreqW Acc : 	 0.8867319474166317
Mean IoU : 	 0.6070789786741896
WARN get_lr: optimizer has more than one param group
WARN get_lr: optimizer has more than one param group
WARN get_lr: optimizer has more than one param group
WARN get_lr: optimizer has more than one param group
WARN get_lr: optimizer has more than one param group
WARN get_lr: optimizer has more than one param group
WARN get_lr: optimizer has more than one param group
WARN get_lr: optimizer has more than one param group
WARN get_lr: optimizer has more than one param group
WARN get_lr: optimizer has more than one param group
WARN get_lr: optimizer has more than one param group
WARN get_lr: optimizer has more than one param group
WARN get_lr: optimizer has more than one param group
WARN get_lr: optimizer has more than one param group
WARN get_lr: optimizer has more than one param group
WARN get_lr: optimizer has more than one param group
WARN get_lr: optimizer has more than one param group
WARN get_lr: optimizer has more than one param group
WARN get_lr: optimizer has more than one param group
WARN get_lr: optimizer has more than one param group
WARN get_lr: optimizer has more than one param group
WARN get_lr: optimizer has more than one param group
WARN get_lr: optimizer has more than one param group
WARN get_lr: optimizer has more than one param group
WARN get_lr: optimizer has more than one param group
Overall Acc: 	 0.934587176477972
Mean Acc : 	 0.6954698489381702
FreqW Acc : 	 0.8825468663502766
Mean IoU : 	 0.6021045808985148
WARN get_lr: optimizer has more than one param group
WARN get_lr: optimizer has more than one param group
WARN get_lr: optimizer has more than one param group
WARN get_lr: optimizer has more than one param group
WARN get_lr: optimizer has more than one param group
WARN get_lr: optimizer has more than one param group
WARN get_lr: optimizer has more than one param group
WARN get_lr: optimizer has more than one param group
WARN get_lr: optimizer has more than one param group
WARN get_lr: optimizer has more than one param group
WARN get_lr: optimizer has more than one param group
WARN get_lr: optimizer has more than one param group
WARN get_lr: optimizer has more than one param group
WARN get_lr: optimizer has more than one param group
WARN get_lr: optimizer has more than one param group
WARN get_lr: optimizer has more than one param group
WARN get_lr: optimizer has more than one param group
WARN get_lr: optimizer has more than one param group
WARN get_lr: optimizer has more than one param group
WARN get_lr: optimizer has more than one param group
WARN get_lr: optimizer has more than one param group
WARN get_lr: optimizer has more than one param group
WARN get_lr: optimizer has more than one param group
WARN get_lr: optimizer has more than one param group
WARN get_lr: optimizer has more than one param group
Overall Acc: 	 0.9346750342836295
Mean Acc : 	 0.6857044689980724
FreqW Acc : 	 0.8842926680706266
Mean IoU : 	 0.5888367312649707
WARN get_lr: optimizer has more than one param group
WARN get_lr: optimizer has more than one param group
WARN get_lr: optimizer has more than one param group
WARN get_lr: optimizer has more than one param group
WARN get_lr: optimizer has more than one param group
Overall Acc: 	 0.938413619481466
Mean Acc : 	 0.70352944157956
FreqW Acc : 	 0.8894312142545752
Mean IoU : 	 0.6161723509087466
WARN get_lr: optimizer has more than one param group
WARN get_lr: optimizer has more than one param group
WARN get_lr: optimizer has more than one param group
WARN get_lr: optimizer has more than one param group
WARN get_lr: optimizer has more than one param group
Overall Acc: 	 0.9386157316956627
Mean Acc : 	 0.7121504107875894
FreqW Acc : 	 0.8900791973787558
Mean IoU : 	 0.6187293839469327
WARN get_lr: optimizer has more than one param group
WARN get_lr: optimizer has more than one param group
WARN get_lr: optimizer has more than one param group
WARN get_lr: optimizer has more than one param group
WARN get_lr: optimizer has more than one param group
Overall Acc: 	 0.9389893018638598
Mean Acc : 	 0.7088645196113376
FreqW Acc : 	 0.8906472216779858
Mean IoU : 	 0.6181982331813032
WARN get_lr: optimizer has more than one param group
WARN get_lr: optimizer has more than one param group
WARN get_lr: optimizer has more than one param group
WARN get_lr: optimizer has more than one param group
WARN get_lr: optimizer has more than one param group
Overall Acc: 	 0.9388442579621562
Mean Acc : 	 0.7130560580384927
FreqW Acc : 	 0.890416939476858
Mean IoU : 	 0.6195678098521853
WARN get_lr: optimizer has more than one param group
WARN get_lr: optimizer has more than one param group
WARN get_lr: optimizer has more than one param group
WARN get_lr: optimizer has more than one param group
WARN get_lr: optimizer has more than one param group
Overall Acc: 	 0.9390258409393407
Mean Acc : 	 0.7135651246717216
FreqW Acc : 	 0.890698631785125
Mean IoU : 	 0.6208334474852146
WARN get_lr: optimizer has more than one param group
WARN get_lr: optimizer has more than one param group
WARN get_lr: optimizer has more than one param group
WARN get_lr: optimizer has more than one param group
WARN get_lr: optimizer has more than one param group
Overall Acc: 	 0.9385412968526669
Mean Acc : 	 0.7070096325901352
FreqW Acc : 	 0.8897672583275539
Mean IoU : 	 0.616079807267894
WARN get_lr: optimizer has more than one param group
WARN get_lr: optimizer has more than one param group
WARN get_lr: optimizer has more than one param group
WARN get_lr: optimizer has more than one param group
WARN get_lr: optimizer has more than one param group
Overall Acc: 	 0.9386302975950217
Mean Acc : 	 0.7117462563182848
FreqW Acc : 	 0.889771408670172
Mean IoU : 	 0.6199482566256569
WARN get_lr: optimizer has more than one param group
WARN get_lr: optimizer has more than one param group
WARN get_lr: optimizer has more than one param group
WARN get_lr: optimizer has more than one param group
WARN get_lr: optimizer has more than one param group
Overall Acc: 	 0.9391210449488081
Mean Acc : 	 0.7158619483653231
FreqW Acc : 	 0.8909228573326966
Mean IoU : 	 0.6220396290273553
WARN get_lr: optimizer has more than one param group
WARN get_lr: optimizer has more than one param group
WARN get_lr: optimizer has more than one param group
WARN get_lr: optimizer has more than one param group
WARN get_lr: optimizer has more than one param group
Overall Acc: 	 0.9388152483093447
Mean Acc : 	 0.7184174577111596
FreqW Acc : 	 0.8905155859979884
Mean IoU : 	 0.6212074268716905
WARN get_lr: optimizer has more than one param group
WARN get_lr: optimizer has more than one param group
WARN get_lr: optimizer has more than one param group
WARN get_lr: optimizer has more than one param group
WARN get_lr: optimizer has more than one param group
Overall Acc: 	 0.9390744855466341
Mean Acc : 	 0.7214791185084166
FreqW Acc : 	 0.8910437352013908
Mean IoU : 	 0.6232840940211652
WARN get_lr: optimizer has more than one param group
WARN get_lr: optimizer has more than one param group
WARN get_lr: optimizer has more than one param group
WARN get_lr: optimizer has more than one param group
WARN get_lr: optimizer has more than one param group
Overall Acc: 	 0.9390663846556159
Mean Acc : 	 0.7194053543105049
FreqW Acc : 	 0.8908313420204552
Mean IoU : 	 0.6224697503881471
WARN get_lr: optimizer has more than one param group
WARN get_lr: optimizer has more than one param group
WARN get_lr: optimizer has more than one param group
WARN get_lr: optimizer has more than one param group
WARN get_lr: optimizer has more than one param group
Overall Acc: 	 0.9393724212245387
Mean Acc : 	 0.717255828907286
FreqW Acc : 	 0.8913538388710426
Mean IoU : 	 0.6238648958170984
WARN get_lr: optimizer has more than one param group
WARN get_lr: optimizer has more than one param group
WARN get_lr: optimizer has more than one param group
WARN get_lr: optimizer has more than one param group
WARN get_lr: optimizer has more than one param group
Overall Acc: 	 0.9386069066539127
Mean Acc : 	 0.7169857380166146
FreqW Acc : 	 0.8901810414653979
Mean IoU : 	 0.6228664510152699
WARN get_lr: optimizer has more than one param group
WARN get_lr: optimizer has more than one param group
WARN get_lr: optimizer has more than one param group
WARN get_lr: optimizer has more than one param group
WARN get_lr: optimizer has more than one param group
Overall Acc: 	 0.9390372092333598
Mean Acc : 	 0.7232007364693972
FreqW Acc : 	 0.8912209384070515
Mean IoU : 	 0.6244487164890027
WARN get_lr: optimizer has more than one param group
WARN get_lr: optimizer has more than one param group
WARN get_lr: optimizer has more than one param group
WARN get_lr: optimizer has more than one param group
WARN get_lr: optimizer has more than one param group
Overall Acc: 	 0.9389418787156322
Mean Acc : 	 0.710841849131967
FreqW Acc : 	 0.8904212400767064
Mean IoU : 	 0.6188686541441669
WARN get_lr: optimizer has more than one param group
WARN get_lr: optimizer has more than one param group
WARN get_lr: optimizer has more than one param group
WARN get_lr: optimizer has more than one param group
WARN get_lr: optimizer has more than one param group
Overall Acc: 	 0.9382958970016508
Mean Acc : 	 0.7131975969680324
FreqW Acc : 	 0.8898122595497361
Mean IoU : 	 0.6156944407953793
WARN get_lr: optimizer has more than one param group
WARN get_lr: optimizer has more than one param group
WARN get_lr: optimizer has more than one param group
WARN get_lr: optimizer has more than one param group
WARN get_lr: optimizer has more than one param group
Overall Acc: 	 0.9390174695823866
Mean Acc : 	 0.7238243371860849
FreqW Acc : 	 0.8910199761045239
Mean IoU : 	 0.6241656525705923
WARN get_lr: optimizer has more than one param group
WARN get_lr: optimizer has more than one param group
WARN get_lr: optimizer has more than one param group
WARN get_lr: optimizer has more than one param group
WARN get_lr: optimizer has more than one param group
Overall Acc: 	 0.9386904413669482
Mean Acc : 	 0.7146107538012224
FreqW Acc : 	 0.8899888805492515
Mean IoU : 	 0.6198067994273995
WARN get_lr: optimizer has more than one param group
WARN get_lr: optimizer has more than one param group
WARN get_lr: optimizer has more than one param group
WARN get_lr: optimizer has more than one param group
WARN get_lr: optimizer has more than one param group
Overall Acc: 	 0.9391340185890278
Mean Acc : 	 0.7154616961291819
FreqW Acc : 	 0.8910170161237017
Mean IoU : 	 0.6231351182197848
WARN get_lr: optimizer has more than one param group
WARN get_lr: optimizer has more than one param group
WARN get_lr: optimizer has more than one param group
WARN get_lr: optimizer has more than one param group
WARN get_lr: optimizer has more than one param group
Overall Acc: 	 0.9388751826882886
Mean Acc : 	 0.7089208385113172
FreqW Acc : 	 0.8903105369094342
Mean IoU : 	 0.6187107407503619
Resolved base cfg vars {'seed': 25, ('model', 'segmentation_args', 'projection_mode'): 'single', ('model', 'variant'): 'ct_single_cosine_w0_lam1p25', ('training', 'cross_task_lambda'): 1.25, ('training', 'cross_task_type'): 'cosine', ('training', 'cross_task_warmup_iters'): 0}
Resolved vars {('config', 'general', 'tag'): 'cityscapes_pad_ct_single_cosine_w0_lam1p25_D372_S25', 'seed': 25, ('model', 'segmentation_args', 'projection_mode'): 'single', ('model', 'variant'): 'ct_single_cosine_w0_lam1p25', ('training', 'cross_task_lambda'): 1.25, ('training', 'cross_task_type'): 'cosine', ('training', 'cross_task_warmup_iters'): 0}
Dispatch job 7_tag=cityscapes_pad_ct_single_cosine_w0_lam1p25_D372_S25
Start 2026-03-28_09-19-497_tag=cityscapes_pad_ct_single_cosine_w0_lam1p25_D372_S25
RUNDIR: /user/work/ig23200/sde_seg/logs//cityscapes_joint_220/2026-03-28_09-19-497_tag=cityscapes_pad_ct_single_cosine_w0_lam1p25_D372_S25
Restrict subset from 2975 to 372 images ...
Use image subset [7, 27, 35, 45, 48, 51, 55, 64, 81, 85, 103, 109, 111, 118, 123, 134, 135, 137, 166, 172, 176, 181, 182, 199, 201, 208, 241, 252, 256, 263, 273, 281, 289, 298, 302, 311, 314, 328, 329, 330, 335, 345, 346, 347, 349, 363, 365, 373, 387, 395, 399, 406, 408, 414, 431, 443, 444, 448, 450, 455, 462, 465, 477, 478, 484, 508, 510, 514, 522, 541, 556, 559, 568, 577, 586, 615, 617, 618, 629, 636, 638, 642, 646, 653, 670, 675, 682, 691, 698, 699, 700, 718, 725, 730, 731, 732, 746, 760, 769, 791, 800, 806, 819, 827, 831, 839, 844, 863, 867, 868, 875, 887, 899, 906, 919, 924, 939, 942, 946, 949, 967, 973, 975, 987, 993, 999, 1000, 1006, 1017, 1020, 1024, 1035, 1038, 1044, 1054, 1058, 1064, 1070, 1076, 1082, 1090, 1094, 1104, 1110, 1115, 1117, 1118, 1147, 1152, 1162, 1166, 1169, 1172, 1180, 1190, 1194, 1204, 1207, 1217, 1219, 1226, 1235, 1261, 1275, 1280, 1293, 1296, 1299, 1303, 1305, 1338, 1340, 1371, 1380, 1384, 1396, 1404, 1413, 1433, 1449, 1452, 1463, 1474, 1488, 1492, 1510, 1520, 1531, 1532, 1533, 1557, 1560, 1566, 1577, 1595, 1597, 1602, 1608, 1624, 1627, 1629, 1640, 1644, 1648, 1657, 1686, 1705, 1711, 1713, 1720, 1724, 1730, 1760, 1766, 1769, 1770, 1779, 1794, 1797, 1803, 1810, 1818, 1827, 1831, 1832, 1837, 1844, 1845, 1849, 1851, 1860, 1876, 1883, 1890, 1901, 1905, 1907, 1908, 1911, 1918, 1926, 1946, 1947, 1950, 1953, 1959, 1971, 1976, 1980, 1981, 1986, 1989, 1999, 2015, 2021, 2022, 2029, 2042, 2043, 2055, 2057, 2080, 2100, 2107, 2109, 2116, 2117, 2124, 2136, 2139, 2151, 2153, 2156, 2160, 2171, 2187, 2188, 2207, 2218, 2223, 2230, 2239, 2245, 2247, 2257, 2267, 2272, 2280, 2284, 2287, 2290, 2291, 2293, 2301, 2302, 2306, 2314, 2326, 2338, 2342, 2355, 2362, 2365, 2373, 2385, 2402, 2404, 2405, 2438, 2444, 2452, 2462, 2468, 2507, 2508, 2510, 2527, 2528, 2546, 2553, 2554, 2558, 2570, 2571, 2580, 2606, 2618, 2625, 2629, 2636, 2649, 2655, 2663, 2679, 2680, 2683, 2695, 2700, 2704, 2711, 2715, 2720, 2722, 2728, 2734, 2738, 2752, 2758, 2759, 2775, 2777, 2782, 2791, 2799, 2809, 2830, 2839, 2843, 2852, 2854, 2856, 2859, 2871, 2890, 2892, 2901, 2921, 2923, 2925, 2950, 2960, 2969] with class frequencies:
Keep 372 images
Found 372 train images
Restrict subset from 2975 to 372 images ...
Use image subset [7, 27, 35, 45, 48, 51, 55, 64, 81, 85, 103, 109, 111, 118, 123, 134, 135, 137, 166, 172, 176, 181, 182, 199, 201, 208, 241, 252, 256, 263, 273, 281, 289, 298, 302, 311, 314, 328, 329, 330, 335, 345, 346, 347, 349, 363, 365, 373, 387, 395, 399, 406, 408, 414, 431, 443, 444, 448, 450, 455, 462, 465, 477, 478, 484, 508, 510, 514, 522, 541, 556, 559, 568, 577, 586, 615, 617, 618, 629, 636, 638, 642, 646, 653, 670, 675, 682, 691, 698, 699, 700, 718, 725, 730, 731, 732, 746, 760, 769, 791, 800, 806, 819, 827, 831, 839, 844, 863, 867, 868, 875, 887, 899, 906, 919, 924, 939, 942, 946, 949, 967, 973, 975, 987, 993, 999, 1000, 1006, 1017, 1020, 1024, 1035, 1038, 1044, 1054, 1058, 1064, 1070, 1076, 1082, 1090, 1094, 1104, 1110, 1115, 1117, 1118, 1147, 1152, 1162, 1166, 1169, 1172, 1180, 1190, 1194, 1204, 1207, 1217, 1219, 1226, 1235, 1261, 1275, 1280, 1293, 1296, 1299, 1303, 1305, 1338, 1340, 1371, 1380, 1384, 1396, 1404, 1413, 1433, 1449, 1452, 1463, 1474, 1488, 1492, 1510, 1520, 1531, 1532, 1533, 1557, 1560, 1566, 1577, 1595, 1597, 1602, 1608, 1624, 1627, 1629, 1640, 1644, 1648, 1657, 1686, 1705, 1711, 1713, 1720, 1724, 1730, 1760, 1766, 1769, 1770, 1779, 1794, 1797, 1803, 1810, 1818, 1827, 1831, 1832, 1837, 1844, 1845, 1849, 1851, 1860, 1876, 1883, 1890, 1901, 1905, 1907, 1908, 1911, 1918, 1926, 1946, 1947, 1950, 1953, 1959, 1971, 1976, 1980, 1981, 1986, 1989, 1999, 2015, 2021, 2022, 2029, 2042, 2043, 2055, 2057, 2080, 2100, 2107, 2109, 2116, 2117, 2124, 2136, 2139, 2151, 2153, 2156, 2160, 2171, 2187, 2188, 2207, 2218, 2223, 2230, 2239, 2245, 2247, 2257, 2267, 2272, 2280, 2284, 2287, 2290, 2291, 2293, 2301, 2302, 2306, 2314, 2326, 2338, 2342, 2355, 2362, 2365, 2373, 2385, 2402, 2404, 2405, 2438, 2444, 2452, 2462, 2468, 2507, 2508, 2510, 2527, 2528, 2546, 2553, 2554, 2558, 2570, 2571, 2580, 2606, 2618, 2625, 2629, 2636, 2649, 2655, 2663, 2679, 2680, 2683, 2695, 2700, 2704, 2711, 2715, 2720, 2722, 2728, 2734, 2738, 2752, 2758, 2759, 2775, 2777, 2782, 2791, 2799, 2809, 2830, 2839, 2843, 2852, 2854, 2856, 2859, 2871, 2890, 2892, 2901, 2921, 2923, 2925, 2950, 2960, 2969] with class frequencies:
Keep 2975 images
Found 2975 train images
Found 500 val images
Load mono_cityscapes_1024x512_r101dil_aspp_dec6_lr5_fd2_crop512x512bs4 weights
Load mono_cityscapes_1024x512_r101dil_aspp_dec6_lr5_fd2_crop512x512bs4depth weights
Load mono_cityscapes_1024x512_r101dil_aspp_dec6_lr5_fd2_crop512x512bs4depth weights
Create segmentation ema model.
Load mono_cityscapes_1024x512_r101dil_aspp_dec6_lr5_fd2_crop512x512bs4 weights
Load mono_cityscapes_1024x512_r101dil_aspp_dec6_lr5_fd2_crop512x512bs4depth weights
Load mono_cityscapes_1024x512_r101dil_aspp_dec6_lr5_fd2_crop512x512bs4depth weights
WARN get_lr: optimizer has more than one param group
Overall Acc: 	 0.8200573158324481
Mean Acc : 	 0.24116505296249133
FreqW Acc : 	 0.6900803540954497
Mean IoU : 	 0.2004409617970552
WARN get_lr: optimizer has more than one param group
WARN get_lr: optimizer has more than one param group
WARN get_lr: optimizer has more than one param group
WARN get_lr: optimizer has more than one param group
WARN get_lr: optimizer has more than one param group
WARN get_lr: optimizer has more than one param group
WARN get_lr: optimizer has more than one param group
WARN get_lr: optimizer has more than one param group
WARN get_lr: optimizer has more than one param group
WARN get_lr: optimizer has more than one param group
WARN get_lr: optimizer has more than one param group
WARN get_lr: optimizer has more than one param group
WARN get_lr: optimizer has more than one param group
WARN get_lr: optimizer has more than one param group
WARN get_lr: optimizer has more than one param group
WARN get_lr: optimizer has more than one param group
WARN get_lr: optimizer has more than one param group
WARN get_lr: optimizer has more than one param group
WARN get_lr: optimizer has more than one param group
WARN get_lr: optimizer has more than one param group
WARN get_lr: optimizer has more than one param group
WARN get_lr: optimizer has more than one param group
WARN get_lr: optimizer has more than one param group
WARN get_lr: optimizer has more than one param group
Overall Acc: 	 0.9121420809212007
Mean Acc : 	 0.49848829130074984
FreqW Acc : 	 0.8451746706318168
Mean IoU : 	 0.41567453822654254
WARN get_lr: optimizer has more than one param group
WARN get_lr: optimizer has more than one param group
WARN get_lr: optimizer has more than one param group
WARN get_lr: optimizer has more than one param group
WARN get_lr: optimizer has more than one param group
WARN get_lr: optimizer has more than one param group
WARN get_lr: optimizer has more than one param group
WARN get_lr: optimizer has more than one param group
WARN get_lr: optimizer has more than one param group
WARN get_lr: optimizer has more than one param group
WARN get_lr: optimizer has more than one param group
WARN get_lr: optimizer has more than one param group
WARN get_lr: optimizer has more than one param group
WARN get_lr: optimizer has more than one param group
WARN get_lr: optimizer has more than one param group
WARN get_lr: optimizer has more than one param group
WARN get_lr: optimizer has more than one param group
WARN get_lr: optimizer has more than one param group
WARN get_lr: optimizer has more than one param group
WARN get_lr: optimizer has more than one param group
WARN get_lr: optimizer has more than one param group
WARN get_lr: optimizer has more than one param group
WARN get_lr: optimizer has more than one param group
WARN get_lr: optimizer has more than one param group
WARN get_lr: optimizer has more than one param group
Overall Acc: 	 0.9234758905334144
Mean Acc : 	 0.5553390280148373
FreqW Acc : 	 0.8650665889035802
Mean IoU : 	 0.4707732901663471
WARN get_lr: optimizer has more than one param group
WARN get_lr: optimizer has more than one param group
WARN get_lr: optimizer has more than one param group
WARN get_lr: optimizer has more than one param group
WARN get_lr: optimizer has more than one param group
WARN get_lr: optimizer has more than one param group
WARN get_lr: optimizer has more than one param group
WARN get_lr: optimizer has more than one param group
WARN get_lr: optimizer has more than one param group
WARN get_lr: optimizer has more than one param group
WARN get_lr: optimizer has more than one param group
WARN get_lr: optimizer has more than one param group
WARN get_lr: optimizer has more than one param group
WARN get_lr: optimizer has more than one param group
WARN get_lr: optimizer has more than one param group
WARN get_lr: optimizer has more than one param group
WARN get_lr: optimizer has more than one param group
WARN get_lr: optimizer has more than one param group
WARN get_lr: optimizer has more than one param group
WARN get_lr: optimizer has more than one param group
WARN get_lr: optimizer has more than one param group
WARN get_lr: optimizer has more than one param group
WARN get_lr: optimizer has more than one param group
WARN get_lr: optimizer has more than one param group
WARN get_lr: optimizer has more than one param group
Overall Acc: 	 0.9276220809838441
Mean Acc : 	 0.6001060220965749
FreqW Acc : 	 0.8721851384062982
Mean IoU : 	 0.51169995154736
WARN get_lr: optimizer has more than one param group
WARN get_lr: optimizer has more than one param group
WARN get_lr: optimizer has more than one param group
WARN get_lr: optimizer has more than one param group
WARN get_lr: optimizer has more than one param group
WARN get_lr: optimizer has more than one param group
WARN get_lr: optimizer has more than one param group
WARN get_lr: optimizer has more than one param group
WARN get_lr: optimizer has more than one param group
WARN get_lr: optimizer has more than one param group
WARN get_lr: optimizer has more than one param group
WARN get_lr: optimizer has more than one param group
WARN get_lr: optimizer has more than one param group
WARN get_lr: optimizer has more than one param group
WARN get_lr: optimizer has more than one param group
WARN get_lr: optimizer has more than one param group
WARN get_lr: optimizer has more than one param group
WARN get_lr: optimizer has more than one param group
WARN get_lr: optimizer has more than one param group
WARN get_lr: optimizer has more than one param group
WARN get_lr: optimizer has more than one param group
WARN get_lr: optimizer has more than one param group
WARN get_lr: optimizer has more than one param group
WARN get_lr: optimizer has more than one param group
WARN get_lr: optimizer has more than one param group
Overall Acc: 	 0.931141911587713
Mean Acc : 	 0.6590357303317641
FreqW Acc : 	 0.8784401649194864
Mean IoU : 	 0.5569561396107092
WARN get_lr: optimizer has more than one param group
WARN get_lr: optimizer has more than one param group
WARN get_lr: optimizer has more than one param group
WARN get_lr: optimizer has more than one param group
WARN get_lr: optimizer has more than one param group
WARN get_lr: optimizer has more than one param group
WARN get_lr: optimizer has more than one param group
WARN get_lr: optimizer has more than one param group
WARN get_lr: optimizer has more than one param group
WARN get_lr: optimizer has more than one param group
WARN get_lr: optimizer has more than one param group
WARN get_lr: optimizer has more than one param group
WARN get_lr: optimizer has more than one param group
WARN get_lr: optimizer has more than one param group
WARN get_lr: optimizer has more than one param group
WARN get_lr: optimizer has more than one param group
WARN get_lr: optimizer has more than one param group
WARN get_lr: optimizer has more than one param group
WARN get_lr: optimizer has more than one param group
WARN get_lr: optimizer has more than one param group
WARN get_lr: optimizer has more than one param group
WARN get_lr: optimizer has more than one param group
WARN get_lr: optimizer has more than one param group
WARN get_lr: optimizer has more than one param group
WARN get_lr: optimizer has more than one param group
Overall Acc: 	 0.931510822762045
Mean Acc : 	 0.6759666158416324
FreqW Acc : 	 0.879501046640248
Mean IoU : 	 0.5675591659818117
WARN get_lr: optimizer has more than one param group
WARN get_lr: optimizer has more than one param group
WARN get_lr: optimizer has more than one param group
WARN get_lr: optimizer has more than one param group
WARN get_lr: optimizer has more than one param group
WARN get_lr: optimizer has more than one param group
WARN get_lr: optimizer has more than one param group
WARN get_lr: optimizer has more than one param group
WARN get_lr: optimizer has more than one param group
WARN get_lr: optimizer has more than one param group
WARN get_lr: optimizer has more than one param group
WARN get_lr: optimizer has more than one param group
WARN get_lr: optimizer has more than one param group
WARN get_lr: optimizer has more than one param group
WARN get_lr: optimizer has more than one param group
WARN get_lr: optimizer has more than one param group
WARN get_lr: optimizer has more than one param group
WARN get_lr: optimizer has more than one param group
WARN get_lr: optimizer has more than one param group
WARN get_lr: optimizer has more than one param group
WARN get_lr: optimizer has more than one param group
WARN get_lr: optimizer has more than one param group
WARN get_lr: optimizer has more than one param group
WARN get_lr: optimizer has more than one param group
WARN get_lr: optimizer has more than one param group
Overall Acc: 	 0.9347870377176046
Mean Acc : 	 0.7010765475967115
FreqW Acc : 	 0.8839563401896906
Mean IoU : 	 0.6015697762670357
WARN get_lr: optimizer has more than one param group
WARN get_lr: optimizer has more than one param group
WARN get_lr: optimizer has more than one param group
WARN get_lr: optimizer has more than one param group
WARN get_lr: optimizer has more than one param group
WARN get_lr: optimizer has more than one param group
WARN get_lr: optimizer has more than one param group
WARN get_lr: optimizer has more than one param group
WARN get_lr: optimizer has more than one param group
WARN get_lr: optimizer has more than one param group
WARN get_lr: optimizer has more than one param group
WARN get_lr: optimizer has more than one param group
WARN get_lr: optimizer has more than one param group
WARN get_lr: optimizer has more than one param group
WARN get_lr: optimizer has more than one param group
WARN get_lr: optimizer has more than one param group
WARN get_lr: optimizer has more than one param group
WARN get_lr: optimizer has more than one param group
WARN get_lr: optimizer has more than one param group
WARN get_lr: optimizer has more than one param group
WARN get_lr: optimizer has more than one param group
WARN get_lr: optimizer has more than one param group
WARN get_lr: optimizer has more than one param group
WARN get_lr: optimizer has more than one param group
WARN get_lr: optimizer has more than one param group
Overall Acc: 	 0.934822804656462
Mean Acc : 	 0.6880612211573749
FreqW Acc : 	 0.8840794463377661
Mean IoU : 	 0.5914769071216406
WARN get_lr: optimizer has more than one param group
WARN get_lr: optimizer has more than one param group
WARN get_lr: optimizer has more than one param group
WARN get_lr: optimizer has more than one param group
WARN get_lr: optimizer has more than one param group
WARN get_lr: optimizer has more than one param group
WARN get_lr: optimizer has more than one param group
WARN get_lr: optimizer has more than one param group
WARN get_lr: optimizer has more than one param group
WARN get_lr: optimizer has more than one param group
WARN get_lr: optimizer has more than one param group
WARN get_lr: optimizer has more than one param group
WARN get_lr: optimizer has more than one param group
WARN get_lr: optimizer has more than one param group
WARN get_lr: optimizer has more than one param group
WARN get_lr: optimizer has more than one param group
WARN get_lr: optimizer has more than one param group
WARN get_lr: optimizer has more than one param group
WARN get_lr: optimizer has more than one param group
WARN get_lr: optimizer has more than one param group
WARN get_lr: optimizer has more than one param group
WARN get_lr: optimizer has more than one param group
WARN get_lr: optimizer has more than one param group
WARN get_lr: optimizer has more than one param group
WARN get_lr: optimizer has more than one param group
Overall Acc: 	 0.9339626531823635
Mean Acc : 	 0.6967034803961668
FreqW Acc : 	 0.8827048359758015
Mean IoU : 	 0.5978022459850911
WARN get_lr: optimizer has more than one param group
WARN get_lr: optimizer has more than one param group
WARN get_lr: optimizer has more than one param group
WARN get_lr: optimizer has more than one param group
WARN get_lr: optimizer has more than one param group
WARN get_lr: optimizer has more than one param group
WARN get_lr: optimizer has more than one param group
WARN get_lr: optimizer has more than one param group
WARN get_lr: optimizer has more than one param group
WARN get_lr: optimizer has more than one param group
WARN get_lr: optimizer has more than one param group
WARN get_lr: optimizer has more than one param group
WARN get_lr: optimizer has more than one param group
WARN get_lr: optimizer has more than one param group
WARN get_lr: optimizer has more than one param group
WARN get_lr: optimizer has more than one param group
WARN get_lr: optimizer has more than one param group
WARN get_lr: optimizer has more than one param group
WARN get_lr: optimizer has more than one param group
WARN get_lr: optimizer has more than one param group
WARN get_lr: optimizer has more than one param group
WARN get_lr: optimizer has more than one param group
WARN get_lr: optimizer has more than one param group
WARN get_lr: optimizer has more than one param group
WARN get_lr: optimizer has more than one param group
Overall Acc: 	 0.9340448704645496
Mean Acc : 	 0.7070950635644455
FreqW Acc : 	 0.8834567677707891
Mean IoU : 	 0.5995913291045535
WARN get_lr: optimizer has more than one param group
WARN get_lr: optimizer has more than one param group
WARN get_lr: optimizer has more than one param group
WARN get_lr: optimizer has more than one param group
WARN get_lr: optimizer has more than one param group
WARN get_lr: optimizer has more than one param group
WARN get_lr: optimizer has more than one param group
WARN get_lr: optimizer has more than one param group
WARN get_lr: optimizer has more than one param group
WARN get_lr: optimizer has more than one param group
WARN get_lr: optimizer has more than one param group
WARN get_lr: optimizer has more than one param group
WARN get_lr: optimizer has more than one param group
WARN get_lr: optimizer has more than one param group
WARN get_lr: optimizer has more than one param group
WARN get_lr: optimizer has more than one param group
WARN get_lr: optimizer has more than one param group
WARN get_lr: optimizer has more than one param group
WARN get_lr: optimizer has more than one param group
WARN get_lr: optimizer has more than one param group
WARN get_lr: optimizer has more than one param group
WARN get_lr: optimizer has more than one param group
WARN get_lr: optimizer has more than one param group
WARN get_lr: optimizer has more than one param group
WARN get_lr: optimizer has more than one param group
Overall Acc: 	 0.9328032049759729
Mean Acc : 	 0.6874137212626795
FreqW Acc : 	 0.8816363809455731
Mean IoU : 	 0.5835196996349905
WARN get_lr: optimizer has more than one param group
WARN get_lr: optimizer has more than one param group
WARN get_lr: optimizer has more than one param group
WARN get_lr: optimizer has more than one param group
WARN get_lr: optimizer has more than one param group
WARN get_lr: optimizer has more than one param group
WARN get_lr: optimizer has more than one param group
WARN get_lr: optimizer has more than one param group
WARN get_lr: optimizer has more than one param group
WARN get_lr: optimizer has more than one param group
WARN get_lr: optimizer has more than one param group
WARN get_lr: optimizer has more than one param group
WARN get_lr: optimizer has more than one param group
WARN get_lr: optimizer has more than one param group
WARN get_lr: optimizer has more than one param group
WARN get_lr: optimizer has more than one param group
WARN get_lr: optimizer has more than one param group
WARN get_lr: optimizer has more than one param group
WARN get_lr: optimizer has more than one param group
WARN get_lr: optimizer has more than one param group
WARN get_lr: optimizer has more than one param group
WARN get_lr: optimizer has more than one param group
WARN get_lr: optimizer has more than one param group
WARN get_lr: optimizer has more than one param group
WARN get_lr: optimizer has more than one param group
Overall Acc: 	 0.936220415568904
Mean Acc : 	 0.7176839879875123
FreqW Acc : 	 0.8869854109606151
Mean IoU : 	 0.6150991071548636
WARN get_lr: optimizer has more than one param group
WARN get_lr: optimizer has more than one param group
WARN get_lr: optimizer has more than one param group
WARN get_lr: optimizer has more than one param group
WARN get_lr: optimizer has more than one param group
WARN get_lr: optimizer has more than one param group
WARN get_lr: optimizer has more than one param group
WARN get_lr: optimizer has more than one param group
WARN get_lr: optimizer has more than one param group
WARN get_lr: optimizer has more than one param group
WARN get_lr: optimizer has more than one param group
WARN get_lr: optimizer has more than one param group
WARN get_lr: optimizer has more than one param group
WARN get_lr: optimizer has more than one param group
WARN get_lr: optimizer has more than one param group
WARN get_lr: optimizer has more than one param group
WARN get_lr: optimizer has more than one param group
WARN get_lr: optimizer has more than one param group
WARN get_lr: optimizer has more than one param group
WARN get_lr: optimizer has more than one param group
WARN get_lr: optimizer has more than one param group
WARN get_lr: optimizer has more than one param group
WARN get_lr: optimizer has more than one param group
WARN get_lr: optimizer has more than one param group
WARN get_lr: optimizer has more than one param group
Overall Acc: 	 0.9356658251671633
Mean Acc : 	 0.6949310373811288
FreqW Acc : 	 0.8862044942874742
Mean IoU : 	 0.5981934270279092
WARN get_lr: optimizer has more than one param group
WARN get_lr: optimizer has more than one param group
WARN get_lr: optimizer has more than one param group
WARN get_lr: optimizer has more than one param group
WARN get_lr: optimizer has more than one param group
Overall Acc: 	 0.9369191730392331
Mean Acc : 	 0.711053811093205
FreqW Acc : 	 0.8881182212910572
Mean IoU : 	 0.6121278239652879
WARN get_lr: optimizer has more than one param group
WARN get_lr: optimizer has more than one param group
WARN get_lr: optimizer has more than one param group
WARN get_lr: optimizer has more than one param group
WARN get_lr: optimizer has more than one param group
Overall Acc: 	 0.9377671709956273
Mean Acc : 	 0.7147960112099881
FreqW Acc : 	 0.889540426644334
Mean IoU : 	 0.6135609579067259
WARN get_lr: optimizer has more than one param group
WARN get_lr: optimizer has more than one param group
WARN get_lr: optimizer has more than one param group
WARN get_lr: optimizer has more than one param group
WARN get_lr: optimizer has more than one param group
Overall Acc: 	 0.9372781031480564
Mean Acc : 	 0.7185217403758921
FreqW Acc : 	 0.8888020800337764
Mean IoU : 	 0.6143688034003351
WARN get_lr: optimizer has more than one param group
WARN get_lr: optimizer has more than one param group
WARN get_lr: optimizer has more than one param group
WARN get_lr: optimizer has more than one param group
WARN get_lr: optimizer has more than one param group
Overall Acc: 	 0.9378078324954553
Mean Acc : 	 0.7178171526912691
FreqW Acc : 	 0.8893653656500654
Mean IoU : 	 0.6193328628231565
WARN get_lr: optimizer has more than one param group
WARN get_lr: optimizer has more than one param group
WARN get_lr: optimizer has more than one param group
WARN get_lr: optimizer has more than one param group
WARN get_lr: optimizer has more than one param group
Overall Acc: 	 0.9374690041129711
Mean Acc : 	 0.7190362909482181
FreqW Acc : 	 0.889097289088185
Mean IoU : 	 0.6157288225658908
WARN get_lr: optimizer has more than one param group
WARN get_lr: optimizer has more than one param group
WARN get_lr: optimizer has more than one param group
WARN get_lr: optimizer has more than one param group
WARN get_lr: optimizer has more than one param group
Overall Acc: 	 0.9375397658540621
Mean Acc : 	 0.7223937993301872
FreqW Acc : 	 0.8892904634820045
Mean IoU : 	 0.617347836904199
WARN get_lr: optimizer has more than one param group
WARN get_lr: optimizer has more than one param group
WARN get_lr: optimizer has more than one param group
WARN get_lr: optimizer has more than one param group
WARN get_lr: optimizer has more than one param group
Overall Acc: 	 0.937942786272805
Mean Acc : 	 0.7179944841805423
FreqW Acc : 	 0.8895640508187235
Mean IoU : 	 0.6179365659363295
WARN get_lr: optimizer has more than one param group
WARN get_lr: optimizer has more than one param group
WARN get_lr: optimizer has more than one param group
WARN get_lr: optimizer has more than one param group
WARN get_lr: optimizer has more than one param group
Overall Acc: 	 0.9383138219134407
Mean Acc : 	 0.7240470839311768
FreqW Acc : 	 0.89033329423754
Mean IoU : 	 0.6217584726205784
WARN get_lr: optimizer has more than one param group
WARN get_lr: optimizer has more than one param group
WARN get_lr: optimizer has more than one param group
WARN get_lr: optimizer has more than one param group
WARN get_lr: optimizer has more than one param group
Overall Acc: 	 0.9377103469749474
Mean Acc : 	 0.7200976562570597
FreqW Acc : 	 0.8892361069061754
Mean IoU : 	 0.6182328636291864
WARN get_lr: optimizer has more than one param group
WARN get_lr: optimizer has more than one param group
WARN get_lr: optimizer has more than one param group
WARN get_lr: optimizer has more than one param group
WARN get_lr: optimizer has more than one param group
Overall Acc: 	 0.9381242383793754
Mean Acc : 	 0.7229570700186803
FreqW Acc : 	 0.8900830371809527
Mean IoU : 	 0.6198074055514088
WARN get_lr: optimizer has more than one param group
WARN get_lr: optimizer has more than one param group
WARN get_lr: optimizer has more than one param group
WARN get_lr: optimizer has more than one param group
WARN get_lr: optimizer has more than one param group
Overall Acc: 	 0.9377404733903332
Mean Acc : 	 0.7243361231061686
FreqW Acc : 	 0.8895408922262314
Mean IoU : 	 0.6209339796895672
WARN get_lr: optimizer has more than one param group
WARN get_lr: optimizer has more than one param group
WARN get_lr: optimizer has more than one param group
WARN get_lr: optimizer has more than one param group
WARN get_lr: optimizer has more than one param group
Overall Acc: 	 0.938018477473697
Mean Acc : 	 0.7195936467348747
FreqW Acc : 	 0.8898420436354193
Mean IoU : 	 0.619159725227554
WARN get_lr: optimizer has more than one param group
WARN get_lr: optimizer has more than one param group
WARN get_lr: optimizer has more than one param group
WARN get_lr: optimizer has more than one param group
WARN get_lr: optimizer has more than one param group
Overall Acc: 	 0.9382518066917312
Mean Acc : 	 0.7207366869202311
FreqW Acc : 	 0.8901378805587172
Mean IoU : 	 0.6200866219780492
WARN get_lr: optimizer has more than one param group
WARN get_lr: optimizer has more than one param group
WARN get_lr: optimizer has more than one param group
WARN get_lr: optimizer has more than one param group
WARN get_lr: optimizer has more than one param group
Overall Acc: 	 0.9380479757101348
Mean Acc : 	 0.7209943097799839
FreqW Acc : 	 0.8897955479302679
Mean IoU : 	 0.6198304366709457
WARN get_lr: optimizer has more than one param group
WARN get_lr: optimizer has more than one param group
WARN get_lr: optimizer has more than one param group
WARN get_lr: optimizer has more than one param group
WARN get_lr: optimizer has more than one param group
Overall Acc: 	 0.9377221122431628
Mean Acc : 	 0.7224252945025057
FreqW Acc : 	 0.8894269876193572
Mean IoU : 	 0.6199302735275466
WARN get_lr: optimizer has more than one param group
WARN get_lr: optimizer has more than one param group
WARN get_lr: optimizer has more than one param group
WARN get_lr: optimizer has more than one param group
WARN get_lr: optimizer has more than one param group
Overall Acc: 	 0.9375810206340076
Mean Acc : 	 0.7192419351246823
FreqW Acc : 	 0.8890739226065213
Mean IoU : 	 0.6166208793869405
WARN get_lr: optimizer has more than one param group
WARN get_lr: optimizer has more than one param group
WARN get_lr: optimizer has more than one param group
WARN get_lr: optimizer has more than one param group
WARN get_lr: optimizer has more than one param group
Overall Acc: 	 0.9381049916743823
Mean Acc : 	 0.724828331413172
FreqW Acc : 	 0.8898728898670745
Mean IoU : 	 0.622407578573216
WARN get_lr: optimizer has more than one param group
WARN get_lr: optimizer has more than one param group
WARN get_lr: optimizer has more than one param group
WARN get_lr: optimizer has more than one param group
WARN get_lr: optimizer has more than one param group
Overall Acc: 	 0.9378635092170843
Mean Acc : 	 0.7202959708074774
FreqW Acc : 	 0.8894159722446363
Mean IoU : 	 0.6194743088774234
WARN get_lr: optimizer has more than one param group
WARN get_lr: optimizer has more than one param group
WARN get_lr: optimizer has more than one param group
WARN get_lr: optimizer has more than one param group
WARN get_lr: optimizer has more than one param group
Overall Acc: 	 0.9374745835634893
Mean Acc : 	 0.7241701015617913
FreqW Acc : 	 0.8894216376555335
Mean IoU : 	 0.6188586618140642
WARN get_lr: optimizer has more than one param group
WARN get_lr: optimizer has more than one param group
WARN get_lr: optimizer has more than one param group
WARN get_lr: optimizer has more than one param group
WARN get_lr: optimizer has more than one param group
Overall Acc: 	 0.9379831860314046
Mean Acc : 	 0.7248297050877448
FreqW Acc : 	 0.8896072555077672
Mean IoU : 	 0.6217993403095863
Resolved base cfg vars {'seed': 42, ('model', 'segmentation_args', 'projection_mode'): 'single', ('model', 'variant'): 'ct_single_cosine_w0_lam1p25', ('training', 'cross_task_lambda'): 1.25, ('training', 'cross_task_type'): 'cosine', ('training', 'cross_task_warmup_iters'): 0}
Resolved vars {('config', 'general', 'tag'): 'cityscapes_pad_ct_single_cosine_w0_lam1p25_D372_S42', 'seed': 42, ('model', 'segmentation_args', 'projection_mode'): 'single', ('model', 'variant'): 'ct_single_cosine_w0_lam1p25', ('training', 'cross_task_lambda'): 1.25, ('training', 'cross_task_type'): 'cosine', ('training', 'cross_task_warmup_iters'): 0}
Dispatch job 8_tag=cityscapes_pad_ct_single_cosine_w0_lam1p25_D372_S42
Start 2026-03-28_16-07-258_tag=cityscapes_pad_ct_single_cosine_w0_lam1p25_D372_S42
RUNDIR: /user/work/ig23200/sde_seg/logs//cityscapes_joint_220/2026-03-28_16-07-258_tag=cityscapes_pad_ct_single_cosine_w0_lam1p25_D372_S42
Restrict subset from 2975 to 372 images ...
Use image subset [0, 30, 32, 44, 45, 51, 52, 56, 63, 67, 70, 73, 80, 88, 93, 102, 108, 120, 124, 141, 144, 162, 174, 175, 177, 178, 184, 192, 194, 196, 203, 211, 233, 239, 246, 251, 256, 289, 296, 298, 309, 313, 318, 321, 322, 324, 331, 332, 354, 368, 387, 393, 402, 410, 411, 414, 420, 432, 439, 457, 463, 471, 478, 479, 485, 486, 495, 506, 507, 527, 528, 532, 533, 535, 543, 555, 557, 567, 572, 594, 599, 601, 602, 612, 637, 642, 644, 651, 676, 680, 685, 691, 693, 700, 705, 718, 727, 729, 741, 744, 748, 755, 759, 772, 783, 790, 798, 809, 811, 834, 857, 859, 862, 869, 879, 889, 912, 926, 929, 930, 942, 944, 952, 962, 965, 969, 999, 1001, 1005, 1018, 1023, 1025, 1027, 1047, 1048, 1055, 1071, 1089, 1090, 1091, 1097, 1106, 1149, 1151, 1159, 1173, 1177, 1188, 1196, 1208, 1210, 1222, 1225, 1229, 1230, 1235, 1255, 1263, 1264, 1268, 1269, 1270, 1272, 1286, 1313, 1321, 1322, 1326, 1330, 1337, 1340, 1343, 1370, 1376, 1385, 1399, 1402, 1407, 1410, 1421, 1422, 1426, 1427, 1431, 1432, 1436, 1453, 1461, 1474, 1487, 1488, 1494, 1505, 1507, 1509, 1517, 1518, 1538, 1544, 1554, 1562, 1567, 1575, 1586, 1590, 1596, 1598, 1608, 1610, 1613, 1618, 1620, 1624, 1641, 1655, 1656, 1662, 1690, 1691, 1697, 1702, 1706, 1711, 1716, 1718, 1727, 1731, 1747, 1760, 1762, 1767, 1771, 1775, 1777, 1788, 1795, 1797, 1805, 1807, 1814, 1840, 1850, 1869, 1872, 1877, 1880, 1882, 1891, 1896, 1916, 1922, 1936, 1940, 1941, 1949, 1956, 1957, 1963, 1966, 1979, 1983, 1993, 1999, 2001, 2003, 2013, 2015, 2023, 2033, 2046, 2051, 2064, 2073, 2092, 2113, 2114, 2119, 2124, 2131, 2144, 2149, 2154, 2159, 2185, 2186, 2204, 2215, 2227, 2233, 2241, 2247, 2257, 2261, 2263, 2270, 2287, 2315, 2321, 2332, 2335, 2349, 2356, 2383, 2392, 2395, 2397, 2401, 2403, 2404, 2420, 2424, 2436, 2459, 2462, 2466, 2469, 2478, 2480, 2482, 2496, 2501, 2517, 2519, 2528, 2534, 2539, 2546, 2573, 2578, 2586, 2595, 2608, 2622, 2626, 2632, 2636, 2644, 2645, 2646, 2654, 2655, 2658, 2683, 2686, 2733, 2753, 2754, 2756, 2766, 2769, 2787, 2792, 2798, 2810, 2811, 2815, 2822, 2823, 2838, 2848, 2864, 2865, 2872, 2897, 2898, 2910, 2931, 2932, 2936, 2947, 2956, 2958] with class frequencies:
Keep 372 images
Found 372 train images
Restrict subset from 2975 to 372 images ...
Use image subset [0, 30, 32, 44, 45, 51, 52, 56, 63, 67, 70, 73, 80, 88, 93, 102, 108, 120, 124, 141, 144, 162, 174, 175, 177, 178, 184, 192, 194, 196, 203, 211, 233, 239, 246, 251, 256, 289, 296, 298, 309, 313, 318, 321, 322, 324, 331, 332, 354, 368, 387, 393, 402, 410, 411, 414, 420, 432, 439, 457, 463, 471, 478, 479, 485, 486, 495, 506, 507, 527, 528, 532, 533, 535, 543, 555, 557, 567, 572, 594, 599, 601, 602, 612, 637, 642, 644, 651, 676, 680, 685, 691, 693, 700, 705, 718, 727, 729, 741, 744, 748, 755, 759, 772, 783, 790, 798, 809, 811, 834, 857, 859, 862, 869, 879, 889, 912, 926, 929, 930, 942, 944, 952, 962, 965, 969, 999, 1001, 1005, 1018, 1023, 1025, 1027, 1047, 1048, 1055, 1071, 1089, 1090, 1091, 1097, 1106, 1149, 1151, 1159, 1173, 1177, 1188, 1196, 1208, 1210, 1222, 1225, 1229, 1230, 1235, 1255, 1263, 1264, 1268, 1269, 1270, 1272, 1286, 1313, 1321, 1322, 1326, 1330, 1337, 1340, 1343, 1370, 1376, 1385, 1399, 1402, 1407, 1410, 1421, 1422, 1426, 1427, 1431, 1432, 1436, 1453, 1461, 1474, 1487, 1488, 1494, 1505, 1507, 1509, 1517, 1518, 1538, 1544, 1554, 1562, 1567, 1575, 1586, 1590, 1596, 1598, 1608, 1610, 1613, 1618, 1620, 1624, 1641, 1655, 1656, 1662, 1690, 1691, 1697, 1702, 1706, 1711, 1716, 1718, 1727, 1731, 1747, 1760, 1762, 1767, 1771, 1775, 1777, 1788, 1795, 1797, 1805, 1807, 1814, 1840, 1850, 1869, 1872, 1877, 1880, 1882, 1891, 1896, 1916, 1922, 1936, 1940, 1941, 1949, 1956, 1957, 1963, 1966, 1979, 1983, 1993, 1999, 2001, 2003, 2013, 2015, 2023, 2033, 2046, 2051, 2064, 2073, 2092, 2113, 2114, 2119, 2124, 2131, 2144, 2149, 2154, 2159, 2185, 2186, 2204, 2215, 2227, 2233, 2241, 2247, 2257, 2261, 2263, 2270, 2287, 2315, 2321, 2332, 2335, 2349, 2356, 2383, 2392, 2395, 2397, 2401, 2403, 2404, 2420, 2424, 2436, 2459, 2462, 2466, 2469, 2478, 2480, 2482, 2496, 2501, 2517, 2519, 2528, 2534, 2539, 2546, 2573, 2578, 2586, 2595, 2608, 2622, 2626, 2632, 2636, 2644, 2645, 2646, 2654, 2655, 2658, 2683, 2686, 2733, 2753, 2754, 2756, 2766, 2769, 2787, 2792, 2798, 2810, 2811, 2815, 2822, 2823, 2838, 2848, 2864, 2865, 2872, 2897, 2898, 2910, 2931, 2932, 2936, 2947, 2956, 2958] with class frequencies:
Keep 2975 images
Found 2975 train images
Found 500 val images
Load mono_cityscapes_1024x512_r101dil_aspp_dec6_lr5_fd2_crop512x512bs4 weights
Load mono_cityscapes_1024x512_r101dil_aspp_dec6_lr5_fd2_crop512x512bs4depth weights
Load mono_cityscapes_1024x512_r101dil_aspp_dec6_lr5_fd2_crop512x512bs4depth weights
Create segmentation ema model.
Load mono_cityscapes_1024x512_r101dil_aspp_dec6_lr5_fd2_crop512x512bs4 weights
Load mono_cityscapes_1024x512_r101dil_aspp_dec6_lr5_fd2_crop512x512bs4depth weights
Load mono_cityscapes_1024x512_r101dil_aspp_dec6_lr5_fd2_crop512x512bs4depth weights
WARN get_lr: optimizer has more than one param group
Overall Acc: 	 0.8092849455174509
Mean Acc : 	 0.2510613234806322
FreqW Acc : 	 0.6900552032853701
Mean IoU : 	 0.20666326843075833
WARN get_lr: optimizer has more than one param group
WARN get_lr: optimizer has more than one param group
WARN get_lr: optimizer has more than one param group
WARN get_lr: optimizer has more than one param group
WARN get_lr: optimizer has more than one param group
WARN get_lr: optimizer has more than one param group
WARN get_lr: optimizer has more than one param group
WARN get_lr: optimizer has more than one param group
WARN get_lr: optimizer has more than one param group
WARN get_lr: optimizer has more than one param group
WARN get_lr: optimizer has more than one param group
WARN get_lr: optimizer has more than one param group
WARN get_lr: optimizer has more than one param group
WARN get_lr: optimizer has more than one param group
WARN get_lr: optimizer has more than one param group
WARN get_lr: optimizer has more than one param group
WARN get_lr: optimizer has more than one param group
WARN get_lr: optimizer has more than one param group
WARN get_lr: optimizer has more than one param group
WARN get_lr: optimizer has more than one param group
WARN get_lr: optimizer has more than one param group
WARN get_lr: optimizer has more than one param group
WARN get_lr: optimizer has more than one param group
WARN get_lr: optimizer has more than one param group
Overall Acc: 	 0.9113562726806681
Mean Acc : 	 0.5088868977128557
FreqW Acc : 	 0.8461849226842216
Mean IoU : 	 0.4233157166459421
WARN get_lr: optimizer has more than one param group
WARN get_lr: optimizer has more than one param group
WARN get_lr: optimizer has more than one param group
WARN get_lr: optimizer has more than one param group
WARN get_lr: optimizer has more than one param group
WARN get_lr: optimizer has more than one param group
WARN get_lr: optimizer has more than one param group
WARN get_lr: optimizer has more than one param group
WARN get_lr: optimizer has more than one param group
WARN get_lr: optimizer has more than one param group
WARN get_lr: optimizer has more than one param group
WARN get_lr: optimizer has more than one param group
WARN get_lr: optimizer has more than one param group
WARN get_lr: optimizer has more than one param group
WARN get_lr: optimizer has more than one param group
WARN get_lr: optimizer has more than one param group
WARN get_lr: optimizer has more than one param group
WARN get_lr: optimizer has more than one param group
WARN get_lr: optimizer has more than one param group
WARN get_lr: optimizer has more than one param group
WARN get_lr: optimizer has more than one param group
WARN get_lr: optimizer has more than one param group
WARN get_lr: optimizer has more than one param group
WARN get_lr: optimizer has more than one param group
WARN get_lr: optimizer has more than one param group
Overall Acc: 	 0.9254937016488428
Mean Acc : 	 0.625611095496344
FreqW Acc : 	 0.8699351195784607
Mean IoU : 	 0.5202994745442444
WARN get_lr: optimizer has more than one param group
WARN get_lr: optimizer has more than one param group
WARN get_lr: optimizer has more than one param group
WARN get_lr: optimizer has more than one param group
WARN get_lr: optimizer has more than one param group
WARN get_lr: optimizer has more than one param group
WARN get_lr: optimizer has more than one param group
WARN get_lr: optimizer has more than one param group
WARN get_lr: optimizer has more than one param group
WARN get_lr: optimizer has more than one param group
WARN get_lr: optimizer has more than one param group
WARN get_lr: optimizer has more than one param group
WARN get_lr: optimizer has more than one param group
WARN get_lr: optimizer has more than one param group
WARN get_lr: optimizer has more than one param group
WARN get_lr: optimizer has more than one param group
WARN get_lr: optimizer has more than one param group
WARN get_lr: optimizer has more than one param group
WARN get_lr: optimizer has more than one param group
WARN get_lr: optimizer has more than one param group
WARN get_lr: optimizer has more than one param group
WARN get_lr: optimizer has more than one param group
WARN get_lr: optimizer has more than one param group
WARN get_lr: optimizer has more than one param group
WARN get_lr: optimizer has more than one param group
Overall Acc: 	 0.929593773294833
Mean Acc : 	 0.6713510408185117
FreqW Acc : 	 0.8764886292185995
Mean IoU : 	 0.5657304300845677
WARN get_lr: optimizer has more than one param group
WARN get_lr: optimizer has more than one param group
WARN get_lr: optimizer has more than one param group
WARN get_lr: optimizer has more than one param group
WARN get_lr: optimizer has more than one param group
WARN get_lr: optimizer has more than one param group
WARN get_lr: optimizer has more than one param group
WARN get_lr: optimizer has more than one param group
WARN get_lr: optimizer has more than one param group
WARN get_lr: optimizer has more than one param group
WARN get_lr: optimizer has more than one param group
WARN get_lr: optimizer has more than one param group
WARN get_lr: optimizer has more than one param group
WARN get_lr: optimizer has more than one param group
WARN get_lr: optimizer has more than one param group
WARN get_lr: optimizer has more than one param group
WARN get_lr: optimizer has more than one param group
WARN get_lr: optimizer has more than one param group
WARN get_lr: optimizer has more than one param group
WARN get_lr: optimizer has more than one param group
WARN get_lr: optimizer has more than one param group
WARN get_lr: optimizer has more than one param group
WARN get_lr: optimizer has more than one param group
WARN get_lr: optimizer has more than one param group
WARN get_lr: optimizer has more than one param group
Overall Acc: 	 0.9302554812942858
Mean Acc : 	 0.6915893256362843
FreqW Acc : 	 0.8784239295488244
Mean IoU : 	 0.5703802835343914
WARN get_lr: optimizer has more than one param group
WARN get_lr: optimizer has more than one param group
WARN get_lr: optimizer has more than one param group
WARN get_lr: optimizer has more than one param group
WARN get_lr: optimizer has more than one param group
WARN get_lr: optimizer has more than one param group
WARN get_lr: optimizer has more than one param group
WARN get_lr: optimizer has more than one param group
WARN get_lr: optimizer has more than one param group
WARN get_lr: optimizer has more than one param group
WARN get_lr: optimizer has more than one param group
WARN get_lr: optimizer has more than one param group
WARN get_lr: optimizer has more than one param group
WARN get_lr: optimizer has more than one param group
WARN get_lr: optimizer has more than one param group
WARN get_lr: optimizer has more than one param group
WARN get_lr: optimizer has more than one param group
WARN get_lr: optimizer has more than one param group
WARN get_lr: optimizer has more than one param group
WARN get_lr: optimizer has more than one param group
WARN get_lr: optimizer has more than one param group
WARN get_lr: optimizer has more than one param group
WARN get_lr: optimizer has more than one param group
WARN get_lr: optimizer has more than one param group
WARN get_lr: optimizer has more than one param group
Overall Acc: 	 0.9334833570073185
Mean Acc : 	 0.6921872699993394
FreqW Acc : 	 0.8824659548216021
Mean IoU : 	 0.5930953056941399
WARN get_lr: optimizer has more than one param group
WARN get_lr: optimizer has more than one param group
WARN get_lr: optimizer has more than one param group
WARN get_lr: optimizer has more than one param group
WARN get_lr: optimizer has more than one param group
WARN get_lr: optimizer has more than one param group
WARN get_lr: optimizer has more than one param group
WARN get_lr: optimizer has more than one param group
WARN get_lr: optimizer has more than one param group
WARN get_lr: optimizer has more than one param group
WARN get_lr: optimizer has more than one param group
WARN get_lr: optimizer has more than one param group
WARN get_lr: optimizer has more than one param group
WARN get_lr: optimizer has more than one param group
WARN get_lr: optimizer has more than one param group
WARN get_lr: optimizer has more than one param group
WARN get_lr: optimizer has more than one param group
WARN get_lr: optimizer has more than one param group
WARN get_lr: optimizer has more than one param group
WARN get_lr: optimizer has more than one param group
WARN get_lr: optimizer has more than one param group
WARN get_lr: optimizer has more than one param group
WARN get_lr: optimizer has more than one param group
WARN get_lr: optimizer has more than one param group
WARN get_lr: optimizer has more than one param group
Overall Acc: 	 0.9339056852040079
Mean Acc : 	 0.7176640520868286
FreqW Acc : 	 0.8833743221183338
Mean IoU : 	 0.6123932778675342
WARN get_lr: optimizer has more than one param group
WARN get_lr: optimizer has more than one param group
WARN get_lr: optimizer has more than one param group
WARN get_lr: optimizer has more than one param group
WARN get_lr: optimizer has more than one param group
WARN get_lr: optimizer has more than one param group
WARN get_lr: optimizer has more than one param group
WARN get_lr: optimizer has more than one param group
WARN get_lr: optimizer has more than one param group
WARN get_lr: optimizer has more than one param group
WARN get_lr: optimizer has more than one param group
WARN get_lr: optimizer has more than one param group
WARN get_lr: optimizer has more than one param group
WARN get_lr: optimizer has more than one param group
WARN get_lr: optimizer has more than one param group
WARN get_lr: optimizer has more than one param group
WARN get_lr: optimizer has more than one param group
WARN get_lr: optimizer has more than one param group
WARN get_lr: optimizer has more than one param group
WARN get_lr: optimizer has more than one param group
WARN get_lr: optimizer has more than one param group
WARN get_lr: optimizer has more than one param group
WARN get_lr: optimizer has more than one param group
WARN get_lr: optimizer has more than one param group
WARN get_lr: optimizer has more than one param group
Overall Acc: 	 0.9358375928482838
Mean Acc : 	 0.7059800011451034
FreqW Acc : 	 0.8858985896785846
Mean IoU : 	 0.6100155643926525
WARN get_lr: optimizer has more than one param group
WARN get_lr: optimizer has more than one param group
WARN get_lr: optimizer has more than one param group
WARN get_lr: optimizer has more than one param group
WARN get_lr: optimizer has more than one param group
WARN get_lr: optimizer has more than one param group
WARN get_lr: optimizer has more than one param group
WARN get_lr: optimizer has more than one param group
WARN get_lr: optimizer has more than one param group
WARN get_lr: optimizer has more than one param group
WARN get_lr: optimizer has more than one param group
WARN get_lr: optimizer has more than one param group
WARN get_lr: optimizer has more than one param group
WARN get_lr: optimizer has more than one param group
WARN get_lr: optimizer has more than one param group
WARN get_lr: optimizer has more than one param group
WARN get_lr: optimizer has more than one param group
WARN get_lr: optimizer has more than one param group
WARN get_lr: optimizer has more than one param group
WARN get_lr: optimizer has more than one param group
WARN get_lr: optimizer has more than one param group
WARN get_lr: optimizer has more than one param group
WARN get_lr: optimizer has more than one param group
WARN get_lr: optimizer has more than one param group
WARN get_lr: optimizer has more than one param group
Overall Acc: 	 0.9314042068350206
Mean Acc : 	 0.7192402420699627
FreqW Acc : 	 0.8800873114394493
Mean IoU : 	 0.6020897289984742
WARN get_lr: optimizer has more than one param group
WARN get_lr: optimizer has more than one param group
WARN get_lr: optimizer has more than one param group
WARN get_lr: optimizer has more than one param group
WARN get_lr: optimizer has more than one param group
WARN get_lr: optimizer has more than one param group
WARN get_lr: optimizer has more than one param group
WARN get_lr: optimizer has more than one param group
WARN get_lr: optimizer has more than one param group
WARN get_lr: optimizer has more than one param group
WARN get_lr: optimizer has more than one param group
WARN get_lr: optimizer has more than one param group
WARN get_lr: optimizer has more than one param group
WARN get_lr: optimizer has more than one param group
WARN get_lr: optimizer has more than one param group
WARN get_lr: optimizer has more than one param group
WARN get_lr: optimizer has more than one param group
WARN get_lr: optimizer has more than one param group
WARN get_lr: optimizer has more than one param group
WARN get_lr: optimizer has more than one param group
WARN get_lr: optimizer has more than one param group
WARN get_lr: optimizer has more than one param group
WARN get_lr: optimizer has more than one param group
WARN get_lr: optimizer has more than one param group
WARN get_lr: optimizer has more than one param group
Overall Acc: 	 0.93618142048823
Mean Acc : 	 0.7038768641460236
FreqW Acc : 	 0.8864885963434778
Mean IoU : 	 0.6130947413792154
WARN get_lr: optimizer has more than one param group
WARN get_lr: optimizer has more than one param group
WARN get_lr: optimizer has more than one param group
WARN get_lr: optimizer has more than one param group
WARN get_lr: optimizer has more than one param group
WARN get_lr: optimizer has more than one param group
WARN get_lr: optimizer has more than one param group
WARN get_lr: optimizer has more than one param group
WARN get_lr: optimizer has more than one param group
WARN get_lr: optimizer has more than one param group
WARN get_lr: optimizer has more than one param group
WARN get_lr: optimizer has more than one param group
WARN get_lr: optimizer has more than one param group
WARN get_lr: optimizer has more than one param group
WARN get_lr: optimizer has more than one param group
WARN get_lr: optimizer has more than one param group
WARN get_lr: optimizer has more than one param group
WARN get_lr: optimizer has more than one param group
WARN get_lr: optimizer has more than one param group
WARN get_lr: optimizer has more than one param group
WARN get_lr: optimizer has more than one param group
WARN get_lr: optimizer has more than one param group
WARN get_lr: optimizer has more than one param group
WARN get_lr: optimizer has more than one param group
WARN get_lr: optimizer has more than one param group
Overall Acc: 	 0.9380889076758987
Mean Acc : 	 0.7267076987106603
FreqW Acc : 	 0.8889480292936688
Mean IoU : 	 0.6302005720948717
WARN get_lr: optimizer has more than one param group
WARN get_lr: optimizer has more than one param group
WARN get_lr: optimizer has more than one param group
WARN get_lr: optimizer has more than one param group
WARN get_lr: optimizer has more than one param group
WARN get_lr: optimizer has more than one param group
WARN get_lr: optimizer has more than one param group
WARN get_lr: optimizer has more than one param group
WARN get_lr: optimizer has more than one param group
WARN get_lr: optimizer has more than one param group
WARN get_lr: optimizer has more than one param group
WARN get_lr: optimizer has more than one param group
WARN get_lr: optimizer has more than one param group
WARN get_lr: optimizer has more than one param group
WARN get_lr: optimizer has more than one param group
WARN get_lr: optimizer has more than one param group
WARN get_lr: optimizer has more than one param group
WARN get_lr: optimizer has more than one param group
WARN get_lr: optimizer has more than one param group
WARN get_lr: optimizer has more than one param group
WARN get_lr: optimizer has more than one param group
WARN get_lr: optimizer has more than one param group
WARN get_lr: optimizer has more than one param group
WARN get_lr: optimizer has more than one param group
WARN get_lr: optimizer has more than one param group
Overall Acc: 	 0.9384557554568804
Mean Acc : 	 0.7325026254230774
FreqW Acc : 	 0.889503259643001
Mean IoU : 	 0.6293156044837266
WARN get_lr: optimizer has more than one param group
WARN get_lr: optimizer has more than one param group
WARN get_lr: optimizer has more than one param group
WARN get_lr: optimizer has more than one param group
WARN get_lr: optimizer has more than one param group
WARN get_lr: optimizer has more than one param group
WARN get_lr: optimizer has more than one param group
WARN get_lr: optimizer has more than one param group
WARN get_lr: optimizer has more than one param group
WARN get_lr: optimizer has more than one param group
WARN get_lr: optimizer has more than one param group
WARN get_lr: optimizer has more than one param group
WARN get_lr: optimizer has more than one param group
WARN get_lr: optimizer has more than one param group
WARN get_lr: optimizer has more than one param group
WARN get_lr: optimizer has more than one param group
WARN get_lr: optimizer has more than one param group
WARN get_lr: optimizer has more than one param group
WARN get_lr: optimizer has more than one param group
WARN get_lr: optimizer has more than one param group
WARN get_lr: optimizer has more than one param group
WARN get_lr: optimizer has more than one param group
WARN get_lr: optimizer has more than one param group
WARN get_lr: optimizer has more than one param group
WARN get_lr: optimizer has more than one param group
Overall Acc: 	 0.9380442197235076
Mean Acc : 	 0.7072116011932613
FreqW Acc : 	 0.8888652692484923
Mean IoU : 	 0.6248464851213168
WARN get_lr: optimizer has more than one param group
WARN get_lr: optimizer has more than one param group
WARN get_lr: optimizer has more than one param group
WARN get_lr: optimizer has more than one param group
WARN get_lr: optimizer has more than one param group
Overall Acc: 	 0.9386731708082294
Mean Acc : 	 0.7255474179119715
FreqW Acc : 	 0.8903679888231643
Mean IoU : 	 0.632892139426293
WARN get_lr: optimizer has more than one param group
WARN get_lr: optimizer has more than one param group
WARN get_lr: optimizer has more than one param group
WARN get_lr: optimizer has more than one param group
WARN get_lr: optimizer has more than one param group
Overall Acc: 	 0.9386732493305979
Mean Acc : 	 0.7296802722079048
FreqW Acc : 	 0.8904706373808858
Mean IoU : 	 0.6359594149928091
WARN get_lr: optimizer has more than one param group
WARN get_lr: optimizer has more than one param group
WARN get_lr: optimizer has more than one param group
WARN get_lr: optimizer has more than one param group
WARN get_lr: optimizer has more than one param group
Overall Acc: 	 0.939569813371917
Mean Acc : 	 0.7435094118636383
FreqW Acc : 	 0.8921351943213651
Mean IoU : 	 0.6433015952781527
WARN get_lr: optimizer has more than one param group
WARN get_lr: optimizer has more than one param group
WARN get_lr: optimizer has more than one param group
WARN get_lr: optimizer has more than one param group
WARN get_lr: optimizer has more than one param group
Overall Acc: 	 0.9392439760790678
Mean Acc : 	 0.7409848313356799
FreqW Acc : 	 0.8913472891863115
Mean IoU : 	 0.6415931157124145
WARN get_lr: optimizer has more than one param group
WARN get_lr: optimizer has more than one param group
WARN get_lr: optimizer has more than one param group
WARN get_lr: optimizer has more than one param group
WARN get_lr: optimizer has more than one param group
Overall Acc: 	 0.9394633414025682
Mean Acc : 	 0.7370318240306656
FreqW Acc : 	 0.8915554466924063
Mean IoU : 	 0.6404664900303088
WARN get_lr: optimizer has more than one param group
WARN get_lr: optimizer has more than one param group
WARN get_lr: optimizer has more than one param group
WARN get_lr: optimizer has more than one param group
WARN get_lr: optimizer has more than one param group
Overall Acc: 	 0.9393426874209954
Mean Acc : 	 0.7314676279656883
FreqW Acc : 	 0.8912369825324142
Mean IoU : 	 0.6350758494933839
WARN get_lr: optimizer has more than one param group
WARN get_lr: optimizer has more than one param group
WARN get_lr: optimizer has more than one param group
WARN get_lr: optimizer has more than one param group
WARN get_lr: optimizer has more than one param group
Overall Acc: 	 0.9389369754299539
Mean Acc : 	 0.7293343675138071
FreqW Acc : 	 0.8906680820879049
Mean IoU : 	 0.6372187239005488
WARN get_lr: optimizer has more than one param group
WARN get_lr: optimizer has more than one param group
WARN get_lr: optimizer has more than one param group
WARN get_lr: optimizer has more than one param group
WARN get_lr: optimizer has more than one param group
Overall Acc: 	 0.9397768463212072
Mean Acc : 	 0.7384332304662927
FreqW Acc : 	 0.8924335887483549
Mean IoU : 	 0.6406213088994572
WARN get_lr: optimizer has more than one param group
WARN get_lr: optimizer has more than one param group
WARN get_lr: optimizer has more than one param group
WARN get_lr: optimizer has more than one param group
WARN get_lr: optimizer has more than one param group
Overall Acc: 	 0.9397090597054121
Mean Acc : 	 0.7392976265219078
FreqW Acc : 	 0.892293035768208
Mean IoU : 	 0.6397057046202382
WARN get_lr: optimizer has more than one param group
WARN get_lr: optimizer has more than one param group
WARN get_lr: optimizer has more than one param group
WARN get_lr: optimizer has more than one param group
WARN get_lr: optimizer has more than one param group
Overall Acc: 	 0.939541985916987
Mean Acc : 	 0.7400080966887232
FreqW Acc : 	 0.8921001192800906
Mean IoU : 	 0.640002200962838
WARN get_lr: optimizer has more than one param group
WARN get_lr: optimizer has more than one param group
WARN get_lr: optimizer has more than one param group
WARN get_lr: optimizer has more than one param group
WARN get_lr: optimizer has more than one param group
Overall Acc: 	 0.9392528840055402
Mean Acc : 	 0.734227591277474
FreqW Acc : 	 0.8912272447071125
Mean IoU : 	 0.6371573158391219
WARN get_lr: optimizer has more than one param group
WARN get_lr: optimizer has more than one param group
WARN get_lr: optimizer has more than one param group
WARN get_lr: optimizer has more than one param group
WARN get_lr: optimizer has more than one param group
Overall Acc: 	 0.9395474563086601
Mean Acc : 	 0.7378146207610544
FreqW Acc : 	 0.8918132949515799
Mean IoU : 	 0.639693994261848
WARN get_lr: optimizer has more than one param group
WARN get_lr: optimizer has more than one param group
WARN get_lr: optimizer has more than one param group
WARN get_lr: optimizer has more than one param group
WARN get_lr: optimizer has more than one param group
Overall Acc: 	 0.9396496531712788
Mean Acc : 	 0.7407058010148507
FreqW Acc : 	 0.8921973475302872
Mean IoU : 	 0.6419328904910898
WARN get_lr: optimizer has more than one param group
WARN get_lr: optimizer has more than one param group
WARN get_lr: optimizer has more than one param group
WARN get_lr: optimizer has more than one param group
WARN get_lr: optimizer has more than one param group
Overall Acc: 	 0.9394868675766452
Mean Acc : 	 0.7355577945470789
FreqW Acc : 	 0.8916805760316376
Mean IoU : 	 0.6387391593774583
WARN get_lr: optimizer has more than one param group
WARN get_lr: optimizer has more than one param group
WARN get_lr: optimizer has more than one param group
WARN get_lr: optimizer has more than one param group
WARN get_lr: optimizer has more than one param group
Overall Acc: 	 0.9395447821857769
Mean Acc : 	 0.729645884761094
FreqW Acc : 	 0.8914386908759854
Mean IoU : 	 0.6354666729233276
WARN get_lr: optimizer has more than one param group
WARN get_lr: optimizer has more than one param group
WARN get_lr: optimizer has more than one param group
WARN get_lr: optimizer has more than one param group
WARN get_lr: optimizer has more than one param group
Overall Acc: 	 0.9392483427952278
Mean Acc : 	 0.7243641766160405
FreqW Acc : 	 0.8911998589432537
Mean IoU : 	 0.6340048568258785
WARN get_lr: optimizer has more than one param group
WARN get_lr: optimizer has more than one param group
WARN get_lr: optimizer has more than one param group
WARN get_lr: optimizer has more than one param group
WARN get_lr: optimizer has more than one param group
Overall Acc: 	 0.9394857813505475
Mean Acc : 	 0.734625457698125
FreqW Acc : 	 0.8920305886102731
Mean IoU : 	 0.6367184316108796
WARN get_lr: optimizer has more than one param group
WARN get_lr: optimizer has more than one param group
WARN get_lr: optimizer has more than one param group
WARN get_lr: optimizer has more than one param group
WARN get_lr: optimizer has more than one param group
Overall Acc: 	 0.9397187354061544
Mean Acc : 	 0.74145030283312
FreqW Acc : 	 0.892419348633883
Mean IoU : 	 0.6393914136850606
WARN get_lr: optimizer has more than one param group
WARN get_lr: optimizer has more than one param group
WARN get_lr: optimizer has more than one param group
WARN get_lr: optimizer has more than one param group
WARN get_lr: optimizer has more than one param group
Overall Acc: 	 0.9398401179008128
Mean Acc : 	 0.7391476866100769
FreqW Acc : 	 0.8925311205059155
Mean IoU : 	 0.6370494119079234
WARN get_lr: optimizer has more than one param group
WARN get_lr: optimizer has more than one param group
WARN get_lr: optimizer has more than one param group
WARN get_lr: optimizer has more than one param group
WARN get_lr: optimizer has more than one param group
Overall Acc: 	 0.9396541071345149
Mean Acc : 	 0.7308586044353643
FreqW Acc : 	 0.8920791375413755
Mean IoU : 	 0.6359621621103055
Resolved base cfg vars {'seed': 7, ('model', 'segmentation_args', 'projection_mode'): 'single', ('model', 'variant'): 'ct_single_mse_w5k_lam1p00', ('training', 'cross_task_lambda'): 1.0, ('training', 'cross_task_type'): 'mse', ('training', 'cross_task_warmup_iters'): 5000}
Resolved vars {('config', 'general', 'tag'): 'cityscapes_pad_ct_single_mse_w5k_lam1p00_D372_S7', 'seed': 7, ('model', 'segmentation_args', 'projection_mode'): 'single', ('model', 'variant'): 'ct_single_mse_w5k_lam1p00', ('training', 'cross_task_lambda'): 1.0, ('training', 'cross_task_type'): 'mse', ('training', 'cross_task_warmup_iters'): 5000}
Resolved base cfg vars {'seed': 25, ('model', 'segmentation_args', 'projection_mode'): 'single', ('model', 'variant'): 'ct_single_mse_w5k_lam1p00', ('training', 'cross_task_lambda'): 1.0, ('training', 'cross_task_type'): 'mse', ('training', 'cross_task_warmup_iters'): 5000}
Resolved vars {('config', 'general', 'tag'): 'cityscapes_pad_ct_single_mse_w5k_lam1p00_D372_S25', 'seed': 25, ('model', 'segmentation_args', 'projection_mode'): 'single', ('model', 'variant'): 'ct_single_mse_w5k_lam1p00', ('training', 'cross_task_lambda'): 1.0, ('training', 'cross_task_type'): 'mse', ('training', 'cross_task_warmup_iters'): 5000}
Resolved base cfg vars {'seed': 42, ('model', 'segmentation_args', 'projection_mode'): 'single', ('model', 'variant'): 'ct_single_mse_w5k_lam1p00', ('training', 'cross_task_lambda'): 1.0, ('training', 'cross_task_type'): 'mse', ('training', 'cross_task_warmup_iters'): 5000}
Resolved vars {('config', 'general', 'tag'): 'cityscapes_pad_ct_single_mse_w5k_lam1p00_D372_S42', 'seed': 42, ('model', 'segmentation_args', 'projection_mode'): 'single', ('model', 'variant'): 'ct_single_mse_w5k_lam1p00', ('training', 'cross_task_lambda'): 1.0, ('training', 'cross_task_type'): 'mse', ('training', 'cross_task_warmup_iters'): 5000}
Resolved base cfg vars {'seed': 7, ('model', 'segmentation_args', 'projection_mode'): 'single', ('model', 'variant'): 'ct_single_mse_w0_lam1p00', ('training', 'cross_task_lambda'): 1.0, ('training', 'cross_task_type'): 'mse', ('training', 'cross_task_warmup_iters'): 0}
Resolved vars {('config', 'general', 'tag'): 'cityscapes_pad_ct_single_mse_w0_lam1p00_D372_S7', 'seed': 7, ('model', 'segmentation_args', 'projection_mode'): 'single', ('model', 'variant'): 'ct_single_mse_w0_lam1p00', ('training', 'cross_task_lambda'): 1.0, ('training', 'cross_task_type'): 'mse', ('training', 'cross_task_warmup_iters'): 0}
Resolved base cfg vars {'seed': 25, ('model', 'segmentation_args', 'projection_mode'): 'single', ('model', 'variant'): 'ct_single_mse_w0_lam1p00', ('training', 'cross_task_lambda'): 1.0, ('training', 'cross_task_type'): 'mse', ('training', 'cross_task_warmup_iters'): 0}
Resolved vars {('config', 'general', 'tag'): 'cityscapes_pad_ct_single_mse_w0_lam1p00_D372_S25', 'seed': 25, ('model', 'segmentation_args', 'projection_mode'): 'single', ('model', 'variant'): 'ct_single_mse_w0_lam1p00', ('training', 'cross_task_lambda'): 1.0, ('training', 'cross_task_type'): 'mse', ('training', 'cross_task_warmup_iters'): 0}
Resolved base cfg vars {'seed': 42, ('model', 'segmentation_args', 'projection_mode'): 'single', ('model', 'variant'): 'ct_single_mse_w0_lam1p00', ('training', 'cross_task_lambda'): 1.0, ('training', 'cross_task_type'): 'mse', ('training', 'cross_task_warmup_iters'): 0}
Resolved vars {('config', 'general', 'tag'): 'cityscapes_pad_ct_single_mse_w0_lam1p00_D372_S42', 'seed': 42, ('model', 'segmentation_args', 'projection_mode'): 'single', ('model', 'variant'): 'ct_single_mse_w0_lam1p00', ('training', 'cross_task_lambda'): 1.0, ('training', 'cross_task_type'): 'mse', ('training', 'cross_task_warmup_iters'): 0}
Resolved base cfg vars {'seed': 7, ('model', 'segmentation_args', 'projection_mode'): 'dual', ('model', 'variant'): 'ct_dual_cosine_w0_lam0p50', ('training', 'cross_task_lambda'): 0.5, ('training', 'cross_task_type'): 'cosine', ('training', 'cross_task_warmup_iters'): 0}
Resolved vars {('config', 'general', 'tag'): 'cityscapes_pad_ct_dual_cosine_w0_lam0p50_D372_S7', 'seed': 7, ('model', 'segmentation_args', 'projection_mode'): 'dual', ('model', 'variant'): 'ct_dual_cosine_w0_lam0p50', ('training', 'cross_task_lambda'): 0.5, ('training', 'cross_task_type'): 'cosine', ('training', 'cross_task_warmup_iters'): 0}
Resolved base cfg vars {'seed': 25, ('model', 'segmentation_args', 'projection_mode'): 'dual', ('model', 'variant'): 'ct_dual_cosine_w0_lam0p50', ('training', 'cross_task_lambda'): 0.5, ('training', 'cross_task_type'): 'cosine', ('training', 'cross_task_warmup_iters'): 0}
Resolved vars {('config', 'general', 'tag'): 'cityscapes_pad_ct_dual_cosine_w0_lam0p50_D372_S25', 'seed': 25, ('model', 'segmentation_args', 'projection_mode'): 'dual', ('model', 'variant'): 'ct_dual_cosine_w0_lam0p50', ('training', 'cross_task_lambda'): 0.5, ('training', 'cross_task_type'): 'cosine', ('training', 'cross_task_warmup_iters'): 0}
Resolved base cfg vars {'seed': 42, ('model', 'segmentation_args', 'projection_mode'): 'dual', ('model', 'variant'): 'ct_dual_cosine_w0_lam0p50', ('training', 'cross_task_lambda'): 0.5, ('training', 'cross_task_type'): 'cosine', ('training', 'cross_task_warmup_iters'): 0}
Resolved vars {('config', 'general', 'tag'): 'cityscapes_pad_ct_dual_cosine_w0_lam0p50_D372_S42', 'seed': 42, ('model', 'segmentation_args', 'projection_mode'): 'dual', ('model', 'variant'): 'ct_dual_cosine_w0_lam0p50', ('training', 'cross_task_lambda'): 0.5, ('training', 'cross_task_type'): 'cosine', ('training', 'cross_task_warmup_iters'): 0}
Resolved base cfg vars {'seed': 7, ('model', 'segmentation_args', 'projection_mode'): 'dual', ('model', 'variant'): 'ct_dual_cosine_w0_lam0p75', ('training', 'cross_task_lambda'): 0.75, ('training', 'cross_task_type'): 'cosine', ('training', 'cross_task_warmup_iters'): 0}
Resolved vars {('config', 'general', 'tag'): 'cityscapes_pad_ct_dual_cosine_w0_lam0p75_D372_S7', 'seed': 7, ('model', 'segmentation_args', 'projection_mode'): 'dual', ('model', 'variant'): 'ct_dual_cosine_w0_lam0p75', ('training', 'cross_task_lambda'): 0.75, ('training', 'cross_task_type'): 'cosine', ('training', 'cross_task_warmup_iters'): 0}
Resolved base cfg vars {'seed': 25, ('model', 'segmentation_args', 'projection_mode'): 'dual', ('model', 'variant'): 'ct_dual_cosine_w0_lam0p75', ('training', 'cross_task_lambda'): 0.75, ('training', 'cross_task_type'): 'cosine', ('training', 'cross_task_warmup_iters'): 0}
Resolved vars {('config', 'general', 'tag'): 'cityscapes_pad_ct_dual_cosine_w0_lam0p75_D372_S25', 'seed': 25, ('model', 'segmentation_args', 'projection_mode'): 'dual', ('model', 'variant'): 'ct_dual_cosine_w0_lam0p75', ('training', 'cross_task_lambda'): 0.75, ('training', 'cross_task_type'): 'cosine', ('training', 'cross_task_warmup_iters'): 0}
Resolved base cfg vars {'seed': 42, ('model', 'segmentation_args', 'projection_mode'): 'dual', ('model', 'variant'): 'ct_dual_cosine_w0_lam0p75', ('training', 'cross_task_lambda'): 0.75, ('training', 'cross_task_type'): 'cosine', ('training', 'cross_task_warmup_iters'): 0}
Resolved vars {('config', 'general', 'tag'): 'cityscapes_pad_ct_dual_cosine_w0_lam0p75_D372_S42', 'seed': 42, ('model', 'segmentation_args', 'projection_mode'): 'dual', ('model', 'variant'): 'ct_dual_cosine_w0_lam0p75', ('training', 'cross_task_lambda'): 0.75, ('training', 'cross_task_type'): 'cosine', ('training', 'cross_task_warmup_iters'): 0}
Resolved base cfg vars {'seed': 7, ('model', 'segmentation_args', 'projection_mode'): 'dual', ('model', 'variant'): 'ct_dual_cosine_w0_lam1p00', ('training', 'cross_task_lambda'): 1.0, ('training', 'cross_task_type'): 'cosine', ('training', 'cross_task_warmup_iters'): 0}
Resolved vars {('config', 'general', 'tag'): 'cityscapes_pad_ct_dual_cosine_w0_lam1p00_D372_S7', 'seed': 7, ('model', 'segmentation_args', 'projection_mode'): 'dual', ('model', 'variant'): 'ct_dual_cosine_w0_lam1p00', ('training', 'cross_task_lambda'): 1.0, ('training', 'cross_task_type'): 'cosine', ('training', 'cross_task_warmup_iters'): 0}
Resolved base cfg vars {'seed': 25, ('model', 'segmentation_args', 'projection_mode'): 'dual', ('model', 'variant'): 'ct_dual_cosine_w0_lam1p00', ('training', 'cross_task_lambda'): 1.0, ('training', 'cross_task_type'): 'cosine', ('training', 'cross_task_warmup_iters'): 0}
Resolved vars {('config', 'general', 'tag'): 'cityscapes_pad_ct_dual_cosine_w0_lam1p00_D372_S25', 'seed': 25, ('model', 'segmentation_args', 'projection_mode'): 'dual', ('model', 'variant'): 'ct_dual_cosine_w0_lam1p00', ('training', 'cross_task_lambda'): 1.0, ('training', 'cross_task_type'): 'cosine', ('training', 'cross_task_warmup_iters'): 0}
Resolved base cfg vars {'seed': 42, ('model', 'segmentation_args', 'projection_mode'): 'dual', ('model', 'variant'): 'ct_dual_cosine_w0_lam1p00', ('training', 'cross_task_lambda'): 1.0, ('training', 'cross_task_type'): 'cosine', ('training', 'cross_task_warmup_iters'): 0}
Resolved vars {('config', 'general', 'tag'): 'cityscapes_pad_ct_dual_cosine_w0_lam1p00_D372_S42', 'seed': 42, ('model', 'segmentation_args', 'projection_mode'): 'dual', ('model', 'variant'): 'ct_dual_cosine_w0_lam1p00', ('training', 'cross_task_lambda'): 1.0, ('training', 'cross_task_type'): 'cosine', ('training', 'cross_task_warmup_iters'): 0}
Resolved base cfg vars {'seed': 7, ('model', 'segmentation_args', 'projection_mode'): 'dual', ('model', 'variant'): 'ct_dual_cosine_w0_lam1p25', ('training', 'cross_task_lambda'): 1.25, ('training', 'cross_task_type'): 'cosine', ('training', 'cross_task_warmup_iters'): 0}
Resolved vars {('config', 'general', 'tag'): 'cityscapes_pad_ct_dual_cosine_w0_lam1p25_D372_S7', 'seed': 7, ('model', 'segmentation_args', 'projection_mode'): 'dual', ('model', 'variant'): 'ct_dual_cosine_w0_lam1p25', ('training', 'cross_task_lambda'): 1.25, ('training', 'cross_task_type'): 'cosine', ('training', 'cross_task_warmup_iters'): 0}
Resolved base cfg vars {'seed': 25, ('model', 'segmentation_args', 'projection_mode'): 'dual', ('model', 'variant'): 'ct_dual_cosine_w0_lam1p25', ('training', 'cross_task_lambda'): 1.25, ('training', 'cross_task_type'): 'cosine', ('training', 'cross_task_warmup_iters'): 0}
Resolved vars {('config', 'general', 'tag'): 'cityscapes_pad_ct_dual_cosine_w0_lam1p25_D372_S25', 'seed': 25, ('model', 'segmentation_args', 'projection_mode'): 'dual', ('model', 'variant'): 'ct_dual_cosine_w0_lam1p25', ('training', 'cross_task_lambda'): 1.25, ('training', 'cross_task_type'): 'cosine', ('training', 'cross_task_warmup_iters'): 0}
Resolved base cfg vars {'seed': 42, ('model', 'segmentation_args', 'projection_mode'): 'dual', ('model', 'variant'): 'ct_dual_cosine_w0_lam1p25', ('training', 'cross_task_lambda'): 1.25, ('training', 'cross_task_type'): 'cosine', ('training', 'cross_task_warmup_iters'): 0}
Resolved vars {('config', 'general', 'tag'): 'cityscapes_pad_ct_dual_cosine_w0_lam1p25_D372_S42', 'seed': 42, ('model', 'segmentation_args', 'projection_mode'): 'dual', ('model', 'variant'): 'ct_dual_cosine_w0_lam1p25', ('training', 'cross_task_lambda'): 1.25, ('training', 'cross_task_type'): 'cosine', ('training', 'cross_task_warmup_iters'): 0}
Resolved base cfg vars {'seed': 7, ('model', 'segmentation_args', 'projection_mode'): 'dual', ('model', 'variant'): 'ct_dual_cosine_w5k_lam0p50', ('training', 'cross_task_lambda'): 0.5, ('training', 'cross_task_type'): 'cosine', ('training', 'cross_task_warmup_iters'): 5000}
Resolved vars {('config', 'general', 'tag'): 'cityscapes_pad_ct_dual_cosine_w5k_lam0p50_D372_S7', 'seed': 7, ('model', 'segmentation_args', 'projection_mode'): 'dual', ('model', 'variant'): 'ct_dual_cosine_w5k_lam0p50', ('training', 'cross_task_lambda'): 0.5, ('training', 'cross_task_type'): 'cosine', ('training', 'cross_task_warmup_iters'): 5000}
Resolved base cfg vars {'seed': 25, ('model', 'segmentation_args', 'projection_mode'): 'dual', ('model', 'variant'): 'ct_dual_cosine_w5k_lam0p50', ('training', 'cross_task_lambda'): 0.5, ('training', 'cross_task_type'): 'cosine', ('training', 'cross_task_warmup_iters'): 5000}
Resolved vars {('config', 'general', 'tag'): 'cityscapes_pad_ct_dual_cosine_w5k_lam0p50_D372_S25', 'seed': 25, ('model', 'segmentation_args', 'projection_mode'): 'dual', ('model', 'variant'): 'ct_dual_cosine_w5k_lam0p50', ('training', 'cross_task_lambda'): 0.5, ('training', 'cross_task_type'): 'cosine', ('training', 'cross_task_warmup_iters'): 5000}
Resolved base cfg vars {'seed': 42, ('model', 'segmentation_args', 'projection_mode'): 'dual', ('model', 'variant'): 'ct_dual_cosine_w5k_lam0p50', ('training', 'cross_task_lambda'): 0.5, ('training', 'cross_task_type'): 'cosine', ('training', 'cross_task_warmup_iters'): 5000}
Resolved vars {('config', 'general', 'tag'): 'cityscapes_pad_ct_dual_cosine_w5k_lam0p50_D372_S42', 'seed': 42, ('model', 'segmentation_args', 'projection_mode'): 'dual', ('model', 'variant'): 'ct_dual_cosine_w5k_lam0p50', ('training', 'cross_task_lambda'): 0.5, ('training', 'cross_task_type'): 'cosine', ('training', 'cross_task_warmup_iters'): 5000}
Resolved base cfg vars {'seed': 7, ('model', 'segmentation_args', 'projection_mode'): 'dual', ('model', 'variant'): 'ct_dual_cosine_w5k_lam0p75', ('training', 'cross_task_lambda'): 0.75, ('training', 'cross_task_type'): 'cosine', ('training', 'cross_task_warmup_iters'): 5000}
Resolved vars {('config', 'general', 'tag'): 'cityscapes_pad_ct_dual_cosine_w5k_lam0p75_D372_S7', 'seed': 7, ('model', 'segmentation_args', 'projection_mode'): 'dual', ('model', 'variant'): 'ct_dual_cosine_w5k_lam0p75', ('training', 'cross_task_lambda'): 0.75, ('training', 'cross_task_type'): 'cosine', ('training', 'cross_task_warmup_iters'): 5000}
Resolved base cfg vars {'seed': 25, ('model', 'segmentation_args', 'projection_mode'): 'dual', ('model', 'variant'): 'ct_dual_cosine_w5k_lam0p75', ('training', 'cross_task_lambda'): 0.75, ('training', 'cross_task_type'): 'cosine', ('training', 'cross_task_warmup_iters'): 5000}
Resolved vars {('config', 'general', 'tag'): 'cityscapes_pad_ct_dual_cosine_w5k_lam0p75_D372_S25', 'seed': 25, ('model', 'segmentation_args', 'projection_mode'): 'dual', ('model', 'variant'): 'ct_dual_cosine_w5k_lam0p75', ('training', 'cross_task_lambda'): 0.75, ('training', 'cross_task_type'): 'cosine', ('training', 'cross_task_warmup_iters'): 5000}
Resolved base cfg vars {'seed': 42, ('model', 'segmentation_args', 'projection_mode'): 'dual', ('model', 'variant'): 'ct_dual_cosine_w5k_lam0p75', ('training', 'cross_task_lambda'): 0.75, ('training', 'cross_task_type'): 'cosine', ('training', 'cross_task_warmup_iters'): 5000}
Resolved vars {('config', 'general', 'tag'): 'cityscapes_pad_ct_dual_cosine_w5k_lam0p75_D372_S42', 'seed': 42, ('model', 'segmentation_args', 'projection_mode'): 'dual', ('model', 'variant'): 'ct_dual_cosine_w5k_lam0p75', ('training', 'cross_task_lambda'): 0.75, ('training', 'cross_task_type'): 'cosine', ('training', 'cross_task_warmup_iters'): 5000}
Resolved base cfg vars {'seed': 7, ('model', 'segmentation_args', 'projection_mode'): 'dual', ('model', 'variant'): 'ct_dual_cosine_w5k_lam1p00', ('training', 'cross_task_lambda'): 1.0, ('training', 'cross_task_type'): 'cosine', ('training', 'cross_task_warmup_iters'): 5000}
Resolved vars {('config', 'general', 'tag'): 'cityscapes_pad_ct_dual_cosine_w5k_lam1p00_D372_S7', 'seed': 7, ('model', 'segmentation_args', 'projection_mode'): 'dual', ('model', 'variant'): 'ct_dual_cosine_w5k_lam1p00', ('training', 'cross_task_lambda'): 1.0, ('training', 'cross_task_type'): 'cosine', ('training', 'cross_task_warmup_iters'): 5000}
Resolved base cfg vars {'seed': 25, ('model', 'segmentation_args', 'projection_mode'): 'dual', ('model', 'variant'): 'ct_dual_cosine_w5k_lam1p00', ('training', 'cross_task_lambda'): 1.0, ('training', 'cross_task_type'): 'cosine', ('training', 'cross_task_warmup_iters'): 5000}
Resolved vars {('config', 'general', 'tag'): 'cityscapes_pad_ct_dual_cosine_w5k_lam1p00_D372_S25', 'seed': 25, ('model', 'segmentation_args', 'projection_mode'): 'dual', ('model', 'variant'): 'ct_dual_cosine_w5k_lam1p00', ('training', 'cross_task_lambda'): 1.0, ('training', 'cross_task_type'): 'cosine', ('training', 'cross_task_warmup_iters'): 5000}
Resolved base cfg vars {'seed': 42, ('model', 'segmentation_args', 'projection_mode'): 'dual', ('model', 'variant'): 'ct_dual_cosine_w5k_lam1p00', ('training', 'cross_task_lambda'): 1.0, ('training', 'cross_task_type'): 'cosine', ('training', 'cross_task_warmup_iters'): 5000}
Resolved vars {('config', 'general', 'tag'): 'cityscapes_pad_ct_dual_cosine_w5k_lam1p00_D372_S42', 'seed': 42, ('model', 'segmentation_args', 'projection_mode'): 'dual', ('model', 'variant'): 'ct_dual_cosine_w5k_lam1p00', ('training', 'cross_task_lambda'): 1.0, ('training', 'cross_task_type'): 'cosine', ('training', 'cross_task_warmup_iters'): 5000}
Resolved base cfg vars {'seed': 7, ('model', 'segmentation_args', 'projection_mode'): 'dual', ('model', 'variant'): 'ct_dual_cosine_w5k_lam1p25', ('training', 'cross_task_lambda'): 1.25, ('training', 'cross_task_type'): 'cosine', ('training', 'cross_task_warmup_iters'): 5000}
Resolved vars {('config', 'general', 'tag'): 'cityscapes_pad_ct_dual_cosine_w5k_lam1p25_D372_S7', 'seed': 7, ('model', 'segmentation_args', 'projection_mode'): 'dual', ('model', 'variant'): 'ct_dual_cosine_w5k_lam1p25', ('training', 'cross_task_lambda'): 1.25, ('training', 'cross_task_type'): 'cosine', ('training', 'cross_task_warmup_iters'): 5000}
Resolved base cfg vars {'seed': 25, ('model', 'segmentation_args', 'projection_mode'): 'dual', ('model', 'variant'): 'ct_dual_cosine_w5k_lam1p25', ('training', 'cross_task_lambda'): 1.25, ('training', 'cross_task_type'): 'cosine', ('training', 'cross_task_warmup_iters'): 5000}
Resolved vars {('config', 'general', 'tag'): 'cityscapes_pad_ct_dual_cosine_w5k_lam1p25_D372_S25', 'seed': 25, ('model', 'segmentation_args', 'projection_mode'): 'dual', ('model', 'variant'): 'ct_dual_cosine_w5k_lam1p25', ('training', 'cross_task_lambda'): 1.25, ('training', 'cross_task_type'): 'cosine', ('training', 'cross_task_warmup_iters'): 5000}
Resolved base cfg vars {'seed': 42, ('model', 'segmentation_args', 'projection_mode'): 'dual', ('model', 'variant'): 'ct_dual_cosine_w5k_lam1p25', ('training', 'cross_task_lambda'): 1.25, ('training', 'cross_task_type'): 'cosine', ('training', 'cross_task_warmup_iters'): 5000}
Resolved vars {('config', 'general', 'tag'): 'cityscapes_pad_ct_dual_cosine_w5k_lam1p25_D372_S42', 'seed': 42, ('model', 'segmentation_args', 'projection_mode'): 'dual', ('model', 'variant'): 'ct_dual_cosine_w5k_lam1p25', ('training', 'cross_task_lambda'): 1.25, ('training', 'cross_task_type'): 'cosine', ('training', 'cross_task_warmup_iters'): 5000}
