exp 220 run 18,19,20: dual_cosine_w0_lam0p75 (3 seeds, 40h)
Start experiment cityscapes_joint_220
Run ID: cityscapes_joint_220_2026-03-22_22-24-03
Resolved base cfg vars {'seed': 7, ('model', 'segmentation_args', 'projection_mode'): 'single', ('model', 'variant'): 'ct_single_cosine_w0_lam0p75', ('training', 'cross_task_lambda'): 0.75, ('training', 'cross_task_type'): 'cosine', ('training', 'cross_task_warmup_iters'): 0}
Resolved vars {('config', 'general', 'tag'): 'cityscapes_pad_ct_single_cosine_w0_lam0p75_D372_S7', 'seed': 7, ('model', 'segmentation_args', 'projection_mode'): 'single', ('model', 'variant'): 'ct_single_cosine_w0_lam0p75', ('training', 'cross_task_lambda'): 0.75, ('training', 'cross_task_type'): 'cosine', ('training', 'cross_task_warmup_iters'): 0}
Resolved base cfg vars {'seed': 25, ('model', 'segmentation_args', 'projection_mode'): 'single', ('model', 'variant'): 'ct_single_cosine_w0_lam0p75', ('training', 'cross_task_lambda'): 0.75, ('training', 'cross_task_type'): 'cosine', ('training', 'cross_task_warmup_iters'): 0}
Resolved vars {('config', 'general', 'tag'): 'cityscapes_pad_ct_single_cosine_w0_lam0p75_D372_S25', 'seed': 25, ('model', 'segmentation_args', 'projection_mode'): 'single', ('model', 'variant'): 'ct_single_cosine_w0_lam0p75', ('training', 'cross_task_lambda'): 0.75, ('training', 'cross_task_type'): 'cosine', ('training', 'cross_task_warmup_iters'): 0}
Resolved base cfg vars {'seed': 42, ('model', 'segmentation_args', 'projection_mode'): 'single', ('model', 'variant'): 'ct_single_cosine_w0_lam0p75', ('training', 'cross_task_lambda'): 0.75, ('training', 'cross_task_type'): 'cosine', ('training', 'cross_task_warmup_iters'): 0}
Resolved vars {('config', 'general', 'tag'): 'cityscapes_pad_ct_single_cosine_w0_lam0p75_D372_S42', 'seed': 42, ('model', 'segmentation_args', 'projection_mode'): 'single', ('model', 'variant'): 'ct_single_cosine_w0_lam0p75', ('training', 'cross_task_lambda'): 0.75, ('training', 'cross_task_type'): 'cosine', ('training', 'cross_task_warmup_iters'): 0}
Resolved base cfg vars {'seed': 7, ('model', 'segmentation_args', 'projection_mode'): 'single', ('model', 'variant'): 'ct_single_cosine_w0_lam1p00', ('training', 'cross_task_lambda'): 1.0, ('training', 'cross_task_type'): 'cosine', ('training', 'cross_task_warmup_iters'): 0}
Resolved vars {('config', 'general', 'tag'): 'cityscapes_pad_ct_single_cosine_w0_lam1p00_D372_S7', 'seed': 7, ('model', 'segmentation_args', 'projection_mode'): 'single', ('model', 'variant'): 'ct_single_cosine_w0_lam1p00', ('training', 'cross_task_lambda'): 1.0, ('training', 'cross_task_type'): 'cosine', ('training', 'cross_task_warmup_iters'): 0}
Resolved base cfg vars {'seed': 25, ('model', 'segmentation_args', 'projection_mode'): 'single', ('model', 'variant'): 'ct_single_cosine_w0_lam1p00', ('training', 'cross_task_lambda'): 1.0, ('training', 'cross_task_type'): 'cosine', ('training', 'cross_task_warmup_iters'): 0}
Resolved vars {('config', 'general', 'tag'): 'cityscapes_pad_ct_single_cosine_w0_lam1p00_D372_S25', 'seed': 25, ('model', 'segmentation_args', 'projection_mode'): 'single', ('model', 'variant'): 'ct_single_cosine_w0_lam1p00', ('training', 'cross_task_lambda'): 1.0, ('training', 'cross_task_type'): 'cosine', ('training', 'cross_task_warmup_iters'): 0}
Resolved base cfg vars {'seed': 42, ('model', 'segmentation_args', 'projection_mode'): 'single', ('model', 'variant'): 'ct_single_cosine_w0_lam1p00', ('training', 'cross_task_lambda'): 1.0, ('training', 'cross_task_type'): 'cosine', ('training', 'cross_task_warmup_iters'): 0}
Resolved vars {('config', 'general', 'tag'): 'cityscapes_pad_ct_single_cosine_w0_lam1p00_D372_S42', 'seed': 42, ('model', 'segmentation_args', 'projection_mode'): 'single', ('model', 'variant'): 'ct_single_cosine_w0_lam1p00', ('training', 'cross_task_lambda'): 1.0, ('training', 'cross_task_type'): 'cosine', ('training', 'cross_task_warmup_iters'): 0}
Resolved base cfg vars {'seed': 7, ('model', 'segmentation_args', 'projection_mode'): 'single', ('model', 'variant'): 'ct_single_cosine_w0_lam1p25', ('training', 'cross_task_lambda'): 1.25, ('training', 'cross_task_type'): 'cosine', ('training', 'cross_task_warmup_iters'): 0}
Resolved vars {('config', 'general', 'tag'): 'cityscapes_pad_ct_single_cosine_w0_lam1p25_D372_S7', 'seed': 7, ('model', 'segmentation_args', 'projection_mode'): 'single', ('model', 'variant'): 'ct_single_cosine_w0_lam1p25', ('training', 'cross_task_lambda'): 1.25, ('training', 'cross_task_type'): 'cosine', ('training', 'cross_task_warmup_iters'): 0}
Resolved base cfg vars {'seed': 25, ('model', 'segmentation_args', 'projection_mode'): 'single', ('model', 'variant'): 'ct_single_cosine_w0_lam1p25', ('training', 'cross_task_lambda'): 1.25, ('training', 'cross_task_type'): 'cosine', ('training', 'cross_task_warmup_iters'): 0}
Resolved vars {('config', 'general', 'tag'): 'cityscapes_pad_ct_single_cosine_w0_lam1p25_D372_S25', 'seed': 25, ('model', 'segmentation_args', 'projection_mode'): 'single', ('model', 'variant'): 'ct_single_cosine_w0_lam1p25', ('training', 'cross_task_lambda'): 1.25, ('training', 'cross_task_type'): 'cosine', ('training', 'cross_task_warmup_iters'): 0}
Resolved base cfg vars {'seed': 42, ('model', 'segmentation_args', 'projection_mode'): 'single', ('model', 'variant'): 'ct_single_cosine_w0_lam1p25', ('training', 'cross_task_lambda'): 1.25, ('training', 'cross_task_type'): 'cosine', ('training', 'cross_task_warmup_iters'): 0}
Resolved vars {('config', 'general', 'tag'): 'cityscapes_pad_ct_single_cosine_w0_lam1p25_D372_S42', 'seed': 42, ('model', 'segmentation_args', 'projection_mode'): 'single', ('model', 'variant'): 'ct_single_cosine_w0_lam1p25', ('training', 'cross_task_lambda'): 1.25, ('training', 'cross_task_type'): 'cosine', ('training', 'cross_task_warmup_iters'): 0}
Resolved base cfg vars {'seed': 7, ('model', 'segmentation_args', 'projection_mode'): 'single', ('model', 'variant'): 'ct_single_mse_w5k_lam1p00', ('training', 'cross_task_lambda'): 1.0, ('training', 'cross_task_type'): 'mse', ('training', 'cross_task_warmup_iters'): 5000}
Resolved vars {('config', 'general', 'tag'): 'cityscapes_pad_ct_single_mse_w5k_lam1p00_D372_S7', 'seed': 7, ('model', 'segmentation_args', 'projection_mode'): 'single', ('model', 'variant'): 'ct_single_mse_w5k_lam1p00', ('training', 'cross_task_lambda'): 1.0, ('training', 'cross_task_type'): 'mse', ('training', 'cross_task_warmup_iters'): 5000}
Resolved base cfg vars {'seed': 25, ('model', 'segmentation_args', 'projection_mode'): 'single', ('model', 'variant'): 'ct_single_mse_w5k_lam1p00', ('training', 'cross_task_lambda'): 1.0, ('training', 'cross_task_type'): 'mse', ('training', 'cross_task_warmup_iters'): 5000}
Resolved vars {('config', 'general', 'tag'): 'cityscapes_pad_ct_single_mse_w5k_lam1p00_D372_S25', 'seed': 25, ('model', 'segmentation_args', 'projection_mode'): 'single', ('model', 'variant'): 'ct_single_mse_w5k_lam1p00', ('training', 'cross_task_lambda'): 1.0, ('training', 'cross_task_type'): 'mse', ('training', 'cross_task_warmup_iters'): 5000}
Resolved base cfg vars {'seed': 42, ('model', 'segmentation_args', 'projection_mode'): 'single', ('model', 'variant'): 'ct_single_mse_w5k_lam1p00', ('training', 'cross_task_lambda'): 1.0, ('training', 'cross_task_type'): 'mse', ('training', 'cross_task_warmup_iters'): 5000}
Resolved vars {('config', 'general', 'tag'): 'cityscapes_pad_ct_single_mse_w5k_lam1p00_D372_S42', 'seed': 42, ('model', 'segmentation_args', 'projection_mode'): 'single', ('model', 'variant'): 'ct_single_mse_w5k_lam1p00', ('training', 'cross_task_lambda'): 1.0, ('training', 'cross_task_type'): 'mse', ('training', 'cross_task_warmup_iters'): 5000}
Resolved base cfg vars {'seed': 7, ('model', 'segmentation_args', 'projection_mode'): 'single', ('model', 'variant'): 'ct_single_mse_w0_lam1p00', ('training', 'cross_task_lambda'): 1.0, ('training', 'cross_task_type'): 'mse', ('training', 'cross_task_warmup_iters'): 0}
Resolved vars {('config', 'general', 'tag'): 'cityscapes_pad_ct_single_mse_w0_lam1p00_D372_S7', 'seed': 7, ('model', 'segmentation_args', 'projection_mode'): 'single', ('model', 'variant'): 'ct_single_mse_w0_lam1p00', ('training', 'cross_task_lambda'): 1.0, ('training', 'cross_task_type'): 'mse', ('training', 'cross_task_warmup_iters'): 0}
Resolved base cfg vars {'seed': 25, ('model', 'segmentation_args', 'projection_mode'): 'single', ('model', 'variant'): 'ct_single_mse_w0_lam1p00', ('training', 'cross_task_lambda'): 1.0, ('training', 'cross_task_type'): 'mse', ('training', 'cross_task_warmup_iters'): 0}
Resolved vars {('config', 'general', 'tag'): 'cityscapes_pad_ct_single_mse_w0_lam1p00_D372_S25', 'seed': 25, ('model', 'segmentation_args', 'projection_mode'): 'single', ('model', 'variant'): 'ct_single_mse_w0_lam1p00', ('training', 'cross_task_lambda'): 1.0, ('training', 'cross_task_type'): 'mse', ('training', 'cross_task_warmup_iters'): 0}
Resolved base cfg vars {'seed': 42, ('model', 'segmentation_args', 'projection_mode'): 'single', ('model', 'variant'): 'ct_single_mse_w0_lam1p00', ('training', 'cross_task_lambda'): 1.0, ('training', 'cross_task_type'): 'mse', ('training', 'cross_task_warmup_iters'): 0}
Resolved vars {('config', 'general', 'tag'): 'cityscapes_pad_ct_single_mse_w0_lam1p00_D372_S42', 'seed': 42, ('model', 'segmentation_args', 'projection_mode'): 'single', ('model', 'variant'): 'ct_single_mse_w0_lam1p00', ('training', 'cross_task_lambda'): 1.0, ('training', 'cross_task_type'): 'mse', ('training', 'cross_task_warmup_iters'): 0}
Resolved base cfg vars {'seed': 7, ('model', 'segmentation_args', 'projection_mode'): 'dual', ('model', 'variant'): 'ct_dual_cosine_w0_lam0p50', ('training', 'cross_task_lambda'): 0.5, ('training', 'cross_task_type'): 'cosine', ('training', 'cross_task_warmup_iters'): 0}
Resolved vars {('config', 'general', 'tag'): 'cityscapes_pad_ct_dual_cosine_w0_lam0p50_D372_S7', 'seed': 7, ('model', 'segmentation_args', 'projection_mode'): 'dual', ('model', 'variant'): 'ct_dual_cosine_w0_lam0p50', ('training', 'cross_task_lambda'): 0.5, ('training', 'cross_task_type'): 'cosine', ('training', 'cross_task_warmup_iters'): 0}
Resolved base cfg vars {'seed': 25, ('model', 'segmentation_args', 'projection_mode'): 'dual', ('model', 'variant'): 'ct_dual_cosine_w0_lam0p50', ('training', 'cross_task_lambda'): 0.5, ('training', 'cross_task_type'): 'cosine', ('training', 'cross_task_warmup_iters'): 0}
Resolved vars {('config', 'general', 'tag'): 'cityscapes_pad_ct_dual_cosine_w0_lam0p50_D372_S25', 'seed': 25, ('model', 'segmentation_args', 'projection_mode'): 'dual', ('model', 'variant'): 'ct_dual_cosine_w0_lam0p50', ('training', 'cross_task_lambda'): 0.5, ('training', 'cross_task_type'): 'cosine', ('training', 'cross_task_warmup_iters'): 0}
Resolved base cfg vars {'seed': 42, ('model', 'segmentation_args', 'projection_mode'): 'dual', ('model', 'variant'): 'ct_dual_cosine_w0_lam0p50', ('training', 'cross_task_lambda'): 0.5, ('training', 'cross_task_type'): 'cosine', ('training', 'cross_task_warmup_iters'): 0}
Resolved vars {('config', 'general', 'tag'): 'cityscapes_pad_ct_dual_cosine_w0_lam0p50_D372_S42', 'seed': 42, ('model', 'segmentation_args', 'projection_mode'): 'dual', ('model', 'variant'): 'ct_dual_cosine_w0_lam0p50', ('training', 'cross_task_lambda'): 0.5, ('training', 'cross_task_type'): 'cosine', ('training', 'cross_task_warmup_iters'): 0}
Resolved base cfg vars {'seed': 7, ('model', 'segmentation_args', 'projection_mode'): 'dual', ('model', 'variant'): 'ct_dual_cosine_w0_lam0p75', ('training', 'cross_task_lambda'): 0.75, ('training', 'cross_task_type'): 'cosine', ('training', 'cross_task_warmup_iters'): 0}
Resolved vars {('config', 'general', 'tag'): 'cityscapes_pad_ct_dual_cosine_w0_lam0p75_D372_S7', 'seed': 7, ('model', 'segmentation_args', 'projection_mode'): 'dual', ('model', 'variant'): 'ct_dual_cosine_w0_lam0p75', ('training', 'cross_task_lambda'): 0.75, ('training', 'cross_task_type'): 'cosine', ('training', 'cross_task_warmup_iters'): 0}
Dispatch job 18_tag=cityscapes_pad_ct_dual_cosine_w0_lam0p75_D372_S7
Start 2026-03-22_22-24-0318_tag=cityscapes_pad_ct_dual_cosine_w0_lam0p75_D372_S7
RUNDIR: /user/work/ig23200/sde_seg/logs//cityscapes_joint_220/2026-03-22_22-24-0318_tag=cityscapes_pad_ct_dual_cosine_w0_lam0p75_D372_S7
Restrict subset from 2975 to 372 images ...
Use image subset [0, 2, 24, 26, 34, 36, 60, 70, 71, 87, 99, 118, 121, 125, 131, 142, 151, 172, 180, 186, 190, 194, 203, 206, 224, 226, 241, 259, 278, 280, 296, 305, 314, 318, 325, 340, 356, 361, 372, 375, 377, 386, 400, 412, 414, 415, 419, 420, 423, 426, 427, 429, 430, 433, 450, 454, 468, 474, 502, 513, 514, 523, 526, 536, 539, 547, 561, 562, 580, 582, 584, 587, 592, 603, 619, 632, 637, 643, 658, 661, 664, 666, 672, 674, 690, 699, 701, 704, 705, 707, 716, 717, 718, 727, 729, 732, 735, 746, 752, 757, 760, 795, 802, 803, 832, 836, 840, 842, 845, 847, 858, 863, 864, 879, 890, 895, 921, 928, 939, 945, 961, 964, 977, 979, 983, 992, 997, 1002, 1039, 1054, 1057, 1061, 1070, 1084, 1104, 1109, 1123, 1135, 1140, 1141, 1144, 1151, 1153, 1165, 1167, 1171, 1181, 1209, 1210, 1222, 1224, 1227, 1228, 1235, 1251, 1263, 1267, 1281, 1283, 1292, 1294, 1303, 1308, 1313, 1324, 1332, 1338, 1351, 1354, 1363, 1364, 1365, 1381, 1396, 1420, 1421, 1428, 1434, 1443, 1448, 1455, 1458, 1470, 1476, 1477, 1483, 1487, 1490, 1495, 1496, 1512, 1524, 1533, 1538, 1545, 1559, 1578, 1584, 1587, 1611, 1617, 1647, 1670, 1675, 1678, 1681, 1682, 1695, 1697, 1703, 1705, 1714, 1715, 1730, 1731, 1751, 1755, 1761, 1766, 1769, 1777, 1782, 1792, 1795, 1805, 1813, 1830, 1853, 1854, 1863, 1875, 1876, 1879, 1898, 1914, 1915, 1939, 1958, 1979, 1982, 1992, 2008, 2014, 2043, 2047, 2052, 2081, 2085, 2087, 2092, 2099, 2106, 2112, 2114, 2116, 2130, 2132, 2134, 2146, 2159, 2160, 2165, 2194, 2196, 2202, 2203, 2205, 2208, 2211, 2212, 2218, 2224, 2234, 2237, 2240, 2248, 2253, 2263, 2271, 2282, 2284, 2285, 2288, 2293, 2335, 2350, 2360, 2361, 2369, 2385, 2402, 2417, 2426, 2430, 2437, 2443, 2444, 2455, 2461, 2465, 2489, 2503, 2510, 2522, 2535, 2547, 2548, 2555, 2556, 2559, 2561, 2568, 2582, 2591, 2592, 2599, 2607, 2611, 2620, 2623, 2625, 2628, 2629, 2643, 2645, 2653, 2665, 2671, 2679, 2690, 2698, 2700, 2701, 2703, 2706, 2724, 2729, 2734, 2741, 2742, 2744, 2747, 2755, 2762, 2768, 2781, 2787, 2790, 2795, 2798, 2802, 2809, 2817, 2825, 2830, 2835, 2841, 2843, 2844, 2868, 2885, 2887, 2890, 2925, 2928, 2936, 2949, 2961, 2970, 2971, 2972, 2973] with class frequencies:
Keep 372 images
Found 372 train images
Restrict subset from 2975 to 372 images ...
Use image subset [0, 2, 24, 26, 34, 36, 60, 70, 71, 87, 99, 118, 121, 125, 131, 142, 151, 172, 180, 186, 190, 194, 203, 206, 224, 226, 241, 259, 278, 280, 296, 305, 314, 318, 325, 340, 356, 361, 372, 375, 377, 386, 400, 412, 414, 415, 419, 420, 423, 426, 427, 429, 430, 433, 450, 454, 468, 474, 502, 513, 514, 523, 526, 536, 539, 547, 561, 562, 580, 582, 584, 587, 592, 603, 619, 632, 637, 643, 658, 661, 664, 666, 672, 674, 690, 699, 701, 704, 705, 707, 716, 717, 718, 727, 729, 732, 735, 746, 752, 757, 760, 795, 802, 803, 832, 836, 840, 842, 845, 847, 858, 863, 864, 879, 890, 895, 921, 928, 939, 945, 961, 964, 977, 979, 983, 992, 997, 1002, 1039, 1054, 1057, 1061, 1070, 1084, 1104, 1109, 1123, 1135, 1140, 1141, 1144, 1151, 1153, 1165, 1167, 1171, 1181, 1209, 1210, 1222, 1224, 1227, 1228, 1235, 1251, 1263, 1267, 1281, 1283, 1292, 1294, 1303, 1308, 1313, 1324, 1332, 1338, 1351, 1354, 1363, 1364, 1365, 1381, 1396, 1420, 1421, 1428, 1434, 1443, 1448, 1455, 1458, 1470, 1476, 1477, 1483, 1487, 1490, 1495, 1496, 1512, 1524, 1533, 1538, 1545, 1559, 1578, 1584, 1587, 1611, 1617, 1647, 1670, 1675, 1678, 1681, 1682, 1695, 1697, 1703, 1705, 1714, 1715, 1730, 1731, 1751, 1755, 1761, 1766, 1769, 1777, 1782, 1792, 1795, 1805, 1813, 1830, 1853, 1854, 1863, 1875, 1876, 1879, 1898, 1914, 1915, 1939, 1958, 1979, 1982, 1992, 2008, 2014, 2043, 2047, 2052, 2081, 2085, 2087, 2092, 2099, 2106, 2112, 2114, 2116, 2130, 2132, 2134, 2146, 2159, 2160, 2165, 2194, 2196, 2202, 2203, 2205, 2208, 2211, 2212, 2218, 2224, 2234, 2237, 2240, 2248, 2253, 2263, 2271, 2282, 2284, 2285, 2288, 2293, 2335, 2350, 2360, 2361, 2369, 2385, 2402, 2417, 2426, 2430, 2437, 2443, 2444, 2455, 2461, 2465, 2489, 2503, 2510, 2522, 2535, 2547, 2548, 2555, 2556, 2559, 2561, 2568, 2582, 2591, 2592, 2599, 2607, 2611, 2620, 2623, 2625, 2628, 2629, 2643, 2645, 2653, 2665, 2671, 2679, 2690, 2698, 2700, 2701, 2703, 2706, 2724, 2729, 2734, 2741, 2742, 2744, 2747, 2755, 2762, 2768, 2781, 2787, 2790, 2795, 2798, 2802, 2809, 2817, 2825, 2830, 2835, 2841, 2843, 2844, 2868, 2885, 2887, 2890, 2925, 2928, 2936, 2949, 2961, 2970, 2971, 2972, 2973] with class frequencies:
Keep 2975 images
Found 2975 train images
Found 500 val images
Load mono_cityscapes_1024x512_r101dil_aspp_dec6_lr5_fd2_crop512x512bs4 weights
Load mono_cityscapes_1024x512_r101dil_aspp_dec6_lr5_fd2_crop512x512bs4depth weights
Load mono_cityscapes_1024x512_r101dil_aspp_dec6_lr5_fd2_crop512x512bs4depth weights
Create segmentation ema model.
Load mono_cityscapes_1024x512_r101dil_aspp_dec6_lr5_fd2_crop512x512bs4 weights
Load mono_cityscapes_1024x512_r101dil_aspp_dec6_lr5_fd2_crop512x512bs4depth weights
Load mono_cityscapes_1024x512_r101dil_aspp_dec6_lr5_fd2_crop512x512bs4depth weights
PAD run first half of decoder ([4, 3, 2]).
bottleneck shape torch.Size([2, 2048, 32, 32])
upconv4-0 shape: torch.Size([2, 256, 32, 32])
concatenated features shape: torch.Size([2, 1280, 32, 32])
upconv4-1 shape: torch.Size([2, 256, 32, 32])
upconv3-0 shape: torch.Size([2, 256, 32, 32])
concatenated features shape: torch.Size([2, 768, 64, 64])
upconv3-1 shape: torch.Size([2, 256, 64, 64])
disp3 shape: torch.Size([2, 1, 64, 64]), expected [64 64]
upconv2-0 shape: torch.Size([2, 128, 64, 64])
concatenated features shape: torch.Size([2, 384, 128, 128])
upconv2-1 shape: torch.Size([2, 128, 128, 128])
disp2 shape: torch.Size([2, 1, 128, 128]), expected [128 128]
bottleneck shape torch.Size([2, 2048, 32, 32])
upconv4-0 shape: torch.Size([2, 256, 32, 32])
concatenated features shape: torch.Size([2, 1280, 32, 32])
upconv4-1 shape: torch.Size([2, 256, 32, 32])
upconv3-0 shape: torch.Size([2, 256, 32, 32])
concatenated features shape: torch.Size([2, 768, 64, 64])
upconv3-1 shape: torch.Size([2, 256, 64, 64])
upconv2-0 shape: torch.Size([2, 128, 64, 64])
concatenated features shape: torch.Size([2, 384, 128, 128])
upconv2-1 shape: torch.Size([2, 128, 128, 128])
PAD self attention for ('upconv', 2) with shape torch.Size([2, 128, 128, 128]).
PAD run second half of decoder ([1, 0]).
bottleneck shape torch.Size([2, 128, 128, 128])
upconv1-0 shape: torch.Size([2, 128, 128, 128])
concatenated features shape: torch.Size([2, 192, 256, 256])
upconv1-1 shape: torch.Size([2, 128, 256, 256])
disp1 shape: torch.Size([2, 1, 256, 256]), expected [256 256]
upconv0-0 shape: torch.Size([2, 64, 256, 256])
concatenated features shape: torch.Size([2, 64, 512, 512])
upconv0-1 shape: torch.Size([2, 64, 512, 512])
disp0 shape: torch.Size([2, 1, 512, 512]), expected [512 512]
WARN get_lr: optimizer has more than one param group
Overall Acc: 	 0.812405917388108
Mean Acc : 	 0.2560782260849558
FreqW Acc : 	 0.7025796751192261
Mean IoU : 	 0.20508716988953285
WARN get_lr: optimizer has more than one param group
WARN get_lr: optimizer has more than one param group
WARN get_lr: optimizer has more than one param group
WARN get_lr: optimizer has more than one param group
WARN get_lr: optimizer has more than one param group
WARN get_lr: optimizer has more than one param group
WARN get_lr: optimizer has more than one param group
WARN get_lr: optimizer has more than one param group
WARN get_lr: optimizer has more than one param group
WARN get_lr: optimizer has more than one param group
WARN get_lr: optimizer has more than one param group
WARN get_lr: optimizer has more than one param group
WARN get_lr: optimizer has more than one param group
WARN get_lr: optimizer has more than one param group
WARN get_lr: optimizer has more than one param group
WARN get_lr: optimizer has more than one param group
WARN get_lr: optimizer has more than one param group
WARN get_lr: optimizer has more than one param group
WARN get_lr: optimizer has more than one param group
WARN get_lr: optimizer has more than one param group
WARN get_lr: optimizer has more than one param group
WARN get_lr: optimizer has more than one param group
WARN get_lr: optimizer has more than one param group
WARN get_lr: optimizer has more than one param group
Overall Acc: 	 0.9157566095014954
Mean Acc : 	 0.5614026363070966
FreqW Acc : 	 0.8540244625895821
Mean IoU : 	 0.4607218960617915
WARN get_lr: optimizer has more than one param group
WARN get_lr: optimizer has more than one param group
WARN get_lr: optimizer has more than one param group
WARN get_lr: optimizer has more than one param group
WARN get_lr: optimizer has more than one param group
WARN get_lr: optimizer has more than one param group
WARN get_lr: optimizer has more than one param group
WARN get_lr: optimizer has more than one param group
WARN get_lr: optimizer has more than one param group
WARN get_lr: optimizer has more than one param group
WARN get_lr: optimizer has more than one param group
WARN get_lr: optimizer has more than one param group
WARN get_lr: optimizer has more than one param group
WARN get_lr: optimizer has more than one param group
WARN get_lr: optimizer has more than one param group
WARN get_lr: optimizer has more than one param group
WARN get_lr: optimizer has more than one param group
WARN get_lr: optimizer has more than one param group
WARN get_lr: optimizer has more than one param group
WARN get_lr: optimizer has more than one param group
WARN get_lr: optimizer has more than one param group
WARN get_lr: optimizer has more than one param group
WARN get_lr: optimizer has more than one param group
WARN get_lr: optimizer has more than one param group
WARN get_lr: optimizer has more than one param group
Overall Acc: 	 0.9232646479127011
Mean Acc : 	 0.6298071563240722
FreqW Acc : 	 0.8671159528754415
Mean IoU : 	 0.5178188998499934
WARN get_lr: optimizer has more than one param group
WARN get_lr: optimizer has more than one param group
WARN get_lr: optimizer has more than one param group
WARN get_lr: optimizer has more than one param group
WARN get_lr: optimizer has more than one param group
WARN get_lr: optimizer has more than one param group
WARN get_lr: optimizer has more than one param group
WARN get_lr: optimizer has more than one param group
WARN get_lr: optimizer has more than one param group
WARN get_lr: optimizer has more than one param group
WARN get_lr: optimizer has more than one param group
WARN get_lr: optimizer has more than one param group
WARN get_lr: optimizer has more than one param group
WARN get_lr: optimizer has more than one param group
WARN get_lr: optimizer has more than one param group
WARN get_lr: optimizer has more than one param group
WARN get_lr: optimizer has more than one param group
WARN get_lr: optimizer has more than one param group
WARN get_lr: optimizer has more than one param group
WARN get_lr: optimizer has more than one param group
WARN get_lr: optimizer has more than one param group
WARN get_lr: optimizer has more than one param group
WARN get_lr: optimizer has more than one param group
WARN get_lr: optimizer has more than one param group
WARN get_lr: optimizer has more than one param group
Overall Acc: 	 0.9304918336235076
Mean Acc : 	 0.6553817324265012
FreqW Acc : 	 0.8765588324505681
Mean IoU : 	 0.564663982997281
WARN get_lr: optimizer has more than one param group
WARN get_lr: optimizer has more than one param group
WARN get_lr: optimizer has more than one param group
WARN get_lr: optimizer has more than one param group
WARN get_lr: optimizer has more than one param group
WARN get_lr: optimizer has more than one param group
WARN get_lr: optimizer has more than one param group
WARN get_lr: optimizer has more than one param group
WARN get_lr: optimizer has more than one param group
WARN get_lr: optimizer has more than one param group
WARN get_lr: optimizer has more than one param group
WARN get_lr: optimizer has more than one param group
WARN get_lr: optimizer has more than one param group
WARN get_lr: optimizer has more than one param group
WARN get_lr: optimizer has more than one param group
WARN get_lr: optimizer has more than one param group
WARN get_lr: optimizer has more than one param group
WARN get_lr: optimizer has more than one param group
WARN get_lr: optimizer has more than one param group
WARN get_lr: optimizer has more than one param group
WARN get_lr: optimizer has more than one param group
WARN get_lr: optimizer has more than one param group
WARN get_lr: optimizer has more than one param group
WARN get_lr: optimizer has more than one param group
WARN get_lr: optimizer has more than one param group
Overall Acc: 	 0.9304073217432194
Mean Acc : 	 0.6507001478977162
FreqW Acc : 	 0.8766162711504796
Mean IoU : 	 0.562042466420349
WARN get_lr: optimizer has more than one param group
WARN get_lr: optimizer has more than one param group
WARN get_lr: optimizer has more than one param group
WARN get_lr: optimizer has more than one param group
WARN get_lr: optimizer has more than one param group
WARN get_lr: optimizer has more than one param group
WARN get_lr: optimizer has more than one param group
WARN get_lr: optimizer has more than one param group
WARN get_lr: optimizer has more than one param group
WARN get_lr: optimizer has more than one param group
WARN get_lr: optimizer has more than one param group
WARN get_lr: optimizer has more than one param group
WARN get_lr: optimizer has more than one param group
WARN get_lr: optimizer has more than one param group
WARN get_lr: optimizer has more than one param group
WARN get_lr: optimizer has more than one param group
WARN get_lr: optimizer has more than one param group
WARN get_lr: optimizer has more than one param group
WARN get_lr: optimizer has more than one param group
WARN get_lr: optimizer has more than one param group
WARN get_lr: optimizer has more than one param group
WARN get_lr: optimizer has more than one param group
WARN get_lr: optimizer has more than one param group
WARN get_lr: optimizer has more than one param group
WARN get_lr: optimizer has more than one param group
Overall Acc: 	 0.9325182560253497
Mean Acc : 	 0.6644019295953586
FreqW Acc : 	 0.8806048918909479
Mean IoU : 	 0.5602085659723338
WARN get_lr: optimizer has more than one param group
WARN get_lr: optimizer has more than one param group
WARN get_lr: optimizer has more than one param group
WARN get_lr: optimizer has more than one param group
WARN get_lr: optimizer has more than one param group
WARN get_lr: optimizer has more than one param group
WARN get_lr: optimizer has more than one param group
WARN get_lr: optimizer has more than one param group
WARN get_lr: optimizer has more than one param group
WARN get_lr: optimizer has more than one param group
WARN get_lr: optimizer has more than one param group
WARN get_lr: optimizer has more than one param group
WARN get_lr: optimizer has more than one param group
WARN get_lr: optimizer has more than one param group
WARN get_lr: optimizer has more than one param group
WARN get_lr: optimizer has more than one param group
WARN get_lr: optimizer has more than one param group
WARN get_lr: optimizer has more than one param group
WARN get_lr: optimizer has more than one param group
WARN get_lr: optimizer has more than one param group
WARN get_lr: optimizer has more than one param group
WARN get_lr: optimizer has more than one param group
WARN get_lr: optimizer has more than one param group
WARN get_lr: optimizer has more than one param group
WARN get_lr: optimizer has more than one param group
Overall Acc: 	 0.9349149332064959
Mean Acc : 	 0.6894379069114928
FreqW Acc : 	 0.8838943905108161
Mean IoU : 	 0.5947055885507295
WARN get_lr: optimizer has more than one param group
WARN get_lr: optimizer has more than one param group
WARN get_lr: optimizer has more than one param group
WARN get_lr: optimizer has more than one param group
WARN get_lr: optimizer has more than one param group
WARN get_lr: optimizer has more than one param group
WARN get_lr: optimizer has more than one param group
WARN get_lr: optimizer has more than one param group
WARN get_lr: optimizer has more than one param group
WARN get_lr: optimizer has more than one param group
WARN get_lr: optimizer has more than one param group
WARN get_lr: optimizer has more than one param group
WARN get_lr: optimizer has more than one param group
WARN get_lr: optimizer has more than one param group
WARN get_lr: optimizer has more than one param group
WARN get_lr: optimizer has more than one param group
WARN get_lr: optimizer has more than one param group
WARN get_lr: optimizer has more than one param group
WARN get_lr: optimizer has more than one param group
WARN get_lr: optimizer has more than one param group
WARN get_lr: optimizer has more than one param group
WARN get_lr: optimizer has more than one param group
WARN get_lr: optimizer has more than one param group
WARN get_lr: optimizer has more than one param group
WARN get_lr: optimizer has more than one param group
Overall Acc: 	 0.934562363409522
Mean Acc : 	 0.6919663504109911
FreqW Acc : 	 0.883885803579398
Mean IoU : 	 0.597113171502504
WARN get_lr: optimizer has more than one param group
WARN get_lr: optimizer has more than one param group
WARN get_lr: optimizer has more than one param group
WARN get_lr: optimizer has more than one param group
WARN get_lr: optimizer has more than one param group
WARN get_lr: optimizer has more than one param group
WARN get_lr: optimizer has more than one param group
WARN get_lr: optimizer has more than one param group
WARN get_lr: optimizer has more than one param group
WARN get_lr: optimizer has more than one param group
WARN get_lr: optimizer has more than one param group
WARN get_lr: optimizer has more than one param group
WARN get_lr: optimizer has more than one param group
WARN get_lr: optimizer has more than one param group
WARN get_lr: optimizer has more than one param group
WARN get_lr: optimizer has more than one param group
WARN get_lr: optimizer has more than one param group
WARN get_lr: optimizer has more than one param group
WARN get_lr: optimizer has more than one param group
WARN get_lr: optimizer has more than one param group
WARN get_lr: optimizer has more than one param group
WARN get_lr: optimizer has more than one param group
WARN get_lr: optimizer has more than one param group
WARN get_lr: optimizer has more than one param group
WARN get_lr: optimizer has more than one param group
Overall Acc: 	 0.9342274393336945
Mean Acc : 	 0.6808321988927151
FreqW Acc : 	 0.8815657007899991
Mean IoU : 	 0.5932652330485516
WARN get_lr: optimizer has more than one param group
WARN get_lr: optimizer has more than one param group
WARN get_lr: optimizer has more than one param group
WARN get_lr: optimizer has more than one param group
WARN get_lr: optimizer has more than one param group
WARN get_lr: optimizer has more than one param group
WARN get_lr: optimizer has more than one param group
WARN get_lr: optimizer has more than one param group
WARN get_lr: optimizer has more than one param group
WARN get_lr: optimizer has more than one param group
WARN get_lr: optimizer has more than one param group
WARN get_lr: optimizer has more than one param group
WARN get_lr: optimizer has more than one param group
WARN get_lr: optimizer has more than one param group
WARN get_lr: optimizer has more than one param group
WARN get_lr: optimizer has more than one param group
WARN get_lr: optimizer has more than one param group
WARN get_lr: optimizer has more than one param group
WARN get_lr: optimizer has more than one param group
WARN get_lr: optimizer has more than one param group
WARN get_lr: optimizer has more than one param group
WARN get_lr: optimizer has more than one param group
WARN get_lr: optimizer has more than one param group
WARN get_lr: optimizer has more than one param group
WARN get_lr: optimizer has more than one param group
Overall Acc: 	 0.9258500579689204
Mean Acc : 	 0.6922394352783993
FreqW Acc : 	 0.8722357325970761
Mean IoU : 	 0.5862462274515139
WARN get_lr: optimizer has more than one param group
WARN get_lr: optimizer has more than one param group
WARN get_lr: optimizer has more than one param group
WARN get_lr: optimizer has more than one param group
WARN get_lr: optimizer has more than one param group
WARN get_lr: optimizer has more than one param group
WARN get_lr: optimizer has more than one param group
WARN get_lr: optimizer has more than one param group
WARN get_lr: optimizer has more than one param group
WARN get_lr: optimizer has more than one param group
WARN get_lr: optimizer has more than one param group
WARN get_lr: optimizer has more than one param group
WARN get_lr: optimizer has more than one param group
WARN get_lr: optimizer has more than one param group
WARN get_lr: optimizer has more than one param group
WARN get_lr: optimizer has more than one param group
WARN get_lr: optimizer has more than one param group
WARN get_lr: optimizer has more than one param group
WARN get_lr: optimizer has more than one param group
WARN get_lr: optimizer has more than one param group
WARN get_lr: optimizer has more than one param group
WARN get_lr: optimizer has more than one param group
WARN get_lr: optimizer has more than one param group
WARN get_lr: optimizer has more than one param group
WARN get_lr: optimizer has more than one param group
Overall Acc: 	 0.9364390218428421
Mean Acc : 	 0.7073132198916011
FreqW Acc : 	 0.8859372052958283
Mean IoU : 	 0.6167531603310722
WARN get_lr: optimizer has more than one param group
WARN get_lr: optimizer has more than one param group
WARN get_lr: optimizer has more than one param group
WARN get_lr: optimizer has more than one param group
WARN get_lr: optimizer has more than one param group
WARN get_lr: optimizer has more than one param group
WARN get_lr: optimizer has more than one param group
WARN get_lr: optimizer has more than one param group
WARN get_lr: optimizer has more than one param group
WARN get_lr: optimizer has more than one param group
WARN get_lr: optimizer has more than one param group
WARN get_lr: optimizer has more than one param group
WARN get_lr: optimizer has more than one param group
WARN get_lr: optimizer has more than one param group
WARN get_lr: optimizer has more than one param group
WARN get_lr: optimizer has more than one param group
WARN get_lr: optimizer has more than one param group
WARN get_lr: optimizer has more than one param group
WARN get_lr: optimizer has more than one param group
WARN get_lr: optimizer has more than one param group
WARN get_lr: optimizer has more than one param group
WARN get_lr: optimizer has more than one param group
WARN get_lr: optimizer has more than one param group
WARN get_lr: optimizer has more than one param group
WARN get_lr: optimizer has more than one param group
Overall Acc: 	 0.9354120408721317
Mean Acc : 	 0.699520524942648
FreqW Acc : 	 0.8845201945096977
Mean IoU : 	 0.6078924057569575
WARN get_lr: optimizer has more than one param group
WARN get_lr: optimizer has more than one param group
WARN get_lr: optimizer has more than one param group
WARN get_lr: optimizer has more than one param group
WARN get_lr: optimizer has more than one param group
WARN get_lr: optimizer has more than one param group
WARN get_lr: optimizer has more than one param group
WARN get_lr: optimizer has more than one param group
WARN get_lr: optimizer has more than one param group
WARN get_lr: optimizer has more than one param group
WARN get_lr: optimizer has more than one param group
WARN get_lr: optimizer has more than one param group
WARN get_lr: optimizer has more than one param group
WARN get_lr: optimizer has more than one param group
WARN get_lr: optimizer has more than one param group
WARN get_lr: optimizer has more than one param group
WARN get_lr: optimizer has more than one param group
WARN get_lr: optimizer has more than one param group
WARN get_lr: optimizer has more than one param group
WARN get_lr: optimizer has more than one param group
WARN get_lr: optimizer has more than one param group
WARN get_lr: optimizer has more than one param group
WARN get_lr: optimizer has more than one param group
WARN get_lr: optimizer has more than one param group
WARN get_lr: optimizer has more than one param group
Overall Acc: 	 0.9346803170940888
Mean Acc : 	 0.7172118030801112
FreqW Acc : 	 0.8839413348992998
Mean IoU : 	 0.6041205301616595
WARN get_lr: optimizer has more than one param group
WARN get_lr: optimizer has more than one param group
WARN get_lr: optimizer has more than one param group
WARN get_lr: optimizer has more than one param group
WARN get_lr: optimizer has more than one param group
Overall Acc: 	 0.939186179253489
Mean Acc : 	 0.720698354663555
FreqW Acc : 	 0.8910692712109719
Mean IoU : 	 0.6267178721364132
WARN get_lr: optimizer has more than one param group
WARN get_lr: optimizer has more than one param group
WARN get_lr: optimizer has more than one param group
WARN get_lr: optimizer has more than one param group
WARN get_lr: optimizer has more than one param group
Overall Acc: 	 0.9393379717165308
Mean Acc : 	 0.7156984109930298
FreqW Acc : 	 0.891101311934386
Mean IoU : 	 0.6252655729336724
WARN get_lr: optimizer has more than one param group
WARN get_lr: optimizer has more than one param group
WARN get_lr: optimizer has more than one param group
WARN get_lr: optimizer has more than one param group
WARN get_lr: optimizer has more than one param group
Overall Acc: 	 0.9398363008412324
Mean Acc : 	 0.7263752551703925
FreqW Acc : 	 0.8919817850456551
Mean IoU : 	 0.6319497717866224
WARN get_lr: optimizer has more than one param group
WARN get_lr: optimizer has more than one param group
WARN get_lr: optimizer has more than one param group
WARN get_lr: optimizer has more than one param group
WARN get_lr: optimizer has more than one param group
Overall Acc: 	 0.9394477198135881
Mean Acc : 	 0.7224554119526396
FreqW Acc : 	 0.8914264840968793
Mean IoU : 	 0.6292282990683871
WARN get_lr: optimizer has more than one param group
WARN get_lr: optimizer has more than one param group
WARN get_lr: optimizer has more than one param group
WARN get_lr: optimizer has more than one param group
WARN get_lr: optimizer has more than one param group
Overall Acc: 	 0.9393459504616424
Mean Acc : 	 0.7145214231797238
FreqW Acc : 	 0.8912590938995362
Mean IoU : 	 0.6233234379122703
WARN get_lr: optimizer has more than one param group
WARN get_lr: optimizer has more than one param group
WARN get_lr: optimizer has more than one param group
WARN get_lr: optimizer has more than one param group
WARN get_lr: optimizer has more than one param group
Overall Acc: 	 0.9394157873837264
Mean Acc : 	 0.712821290570461
FreqW Acc : 	 0.8913095852891294
Mean IoU : 	 0.6233971718107783
WARN get_lr: optimizer has more than one param group
WARN get_lr: optimizer has more than one param group
WARN get_lr: optimizer has more than one param group
WARN get_lr: optimizer has more than one param group
WARN get_lr: optimizer has more than one param group
Overall Acc: 	 0.9395243489205484
Mean Acc : 	 0.7253233742875598
FreqW Acc : 	 0.8916034399574011
Mean IoU : 	 0.6292164152088695
WARN get_lr: optimizer has more than one param group
WARN get_lr: optimizer has more than one param group
WARN get_lr: optimizer has more than one param group
WARN get_lr: optimizer has more than one param group
WARN get_lr: optimizer has more than one param group
Overall Acc: 	 0.9399058018620733
Mean Acc : 	 0.7224948089487755
FreqW Acc : 	 0.8920953514653556
Mean IoU : 	 0.6296375710664682
WARN get_lr: optimizer has more than one param group
WARN get_lr: optimizer has more than one param group
WARN get_lr: optimizer has more than one param group
WARN get_lr: optimizer has more than one param group
WARN get_lr: optimizer has more than one param group
Overall Acc: 	 0.9394960546937612
Mean Acc : 	 0.7217180798369363
FreqW Acc : 	 0.8915538788257557
Mean IoU : 	 0.6269999776253065
WARN get_lr: optimizer has more than one param group
WARN get_lr: optimizer has more than one param group
WARN get_lr: optimizer has more than one param group
WARN get_lr: optimizer has more than one param group
WARN get_lr: optimizer has more than one param group
Overall Acc: 	 0.9395745988740425
Mean Acc : 	 0.7230574406846227
FreqW Acc : 	 0.8919033693965495
Mean IoU : 	 0.6272387273967724
WARN get_lr: optimizer has more than one param group
WARN get_lr: optimizer has more than one param group
WARN get_lr: optimizer has more than one param group
WARN get_lr: optimizer has more than one param group
WARN get_lr: optimizer has more than one param group
Overall Acc: 	 0.9393769100866053
Mean Acc : 	 0.719260217289341
FreqW Acc : 	 0.8911360086659361
Mean IoU : 	 0.6259637756621654
WARN get_lr: optimizer has more than one param group
WARN get_lr: optimizer has more than one param group
WARN get_lr: optimizer has more than one param group
WARN get_lr: optimizer has more than one param group
WARN get_lr: optimizer has more than one param group
Overall Acc: 	 0.9395805142258037
Mean Acc : 	 0.7213355872953598
FreqW Acc : 	 0.8915021421610276
Mean IoU : 	 0.6279810443008057
WARN get_lr: optimizer has more than one param group
WARN get_lr: optimizer has more than one param group
WARN get_lr: optimizer has more than one param group
WARN get_lr: optimizer has more than one param group
WARN get_lr: optimizer has more than one param group
Overall Acc: 	 0.9392893271092374
Mean Acc : 	 0.7154005515785806
FreqW Acc : 	 0.8910199417940431
Mean IoU : 	 0.6245939974800866
WARN get_lr: optimizer has more than one param group
WARN get_lr: optimizer has more than one param group
WARN get_lr: optimizer has more than one param group
WARN get_lr: optimizer has more than one param group
WARN get_lr: optimizer has more than one param group
Overall Acc: 	 0.9397886813870835
Mean Acc : 	 0.7255480418626924
FreqW Acc : 	 0.8919438823953039
Mean IoU : 	 0.6301500660104703
WARN get_lr: optimizer has more than one param group
WARN get_lr: optimizer has more than one param group
WARN get_lr: optimizer has more than one param group
WARN get_lr: optimizer has more than one param group
WARN get_lr: optimizer has more than one param group
Overall Acc: 	 0.9390696433339092
Mean Acc : 	 0.7189241770079542
FreqW Acc : 	 0.8908379142503448
Mean IoU : 	 0.6246380892339897
WARN get_lr: optimizer has more than one param group
WARN get_lr: optimizer has more than one param group
WARN get_lr: optimizer has more than one param group
WARN get_lr: optimizer has more than one param group
WARN get_lr: optimizer has more than one param group
Overall Acc: 	 0.9392485260140877
Mean Acc : 	 0.7228847689168046
FreqW Acc : 	 0.8914767870924987
Mean IoU : 	 0.6265914904973132
WARN get_lr: optimizer has more than one param group
WARN get_lr: optimizer has more than one param group
WARN get_lr: optimizer has more than one param group
WARN get_lr: optimizer has more than one param group
WARN get_lr: optimizer has more than one param group
Overall Acc: 	 0.9400013941210293
Mean Acc : 	 0.728943900703731
FreqW Acc : 	 0.8924449510245067
Mean IoU : 	 0.6321608848751284
WARN get_lr: optimizer has more than one param group
WARN get_lr: optimizer has more than one param group
WARN get_lr: optimizer has more than one param group
WARN get_lr: optimizer has more than one param group
WARN get_lr: optimizer has more than one param group
Overall Acc: 	 0.9393517174933742
Mean Acc : 	 0.7243969017936674
FreqW Acc : 	 0.891150281093179
Mean IoU : 	 0.6279203984643404
WARN get_lr: optimizer has more than one param group
WARN get_lr: optimizer has more than one param group
WARN get_lr: optimizer has more than one param group
WARN get_lr: optimizer has more than one param group
WARN get_lr: optimizer has more than one param group
Overall Acc: 	 0.939471900340736
Mean Acc : 	 0.7253576905973933
FreqW Acc : 	 0.8915940130770846
Mean IoU : 	 0.6288557798531722
WARN get_lr: optimizer has more than one param group
WARN get_lr: optimizer has more than one param group
WARN get_lr: optimizer has more than one param group
WARN get_lr: optimizer has more than one param group
WARN get_lr: optimizer has more than one param group
Overall Acc: 	 0.9395753055753591
Mean Acc : 	 0.7241832437007143
FreqW Acc : 	 0.8916481724352752
Mean IoU : 	 0.6290735154295269
Resolved base cfg vars {'seed': 25, ('model', 'segmentation_args', 'projection_mode'): 'dual', ('model', 'variant'): 'ct_dual_cosine_w0_lam0p75', ('training', 'cross_task_lambda'): 0.75, ('training', 'cross_task_type'): 'cosine', ('training', 'cross_task_warmup_iters'): 0}
Resolved vars {('config', 'general', 'tag'): 'cityscapes_pad_ct_dual_cosine_w0_lam0p75_D372_S25', 'seed': 25, ('model', 'segmentation_args', 'projection_mode'): 'dual', ('model', 'variant'): 'ct_dual_cosine_w0_lam0p75', ('training', 'cross_task_lambda'): 0.75, ('training', 'cross_task_type'): 'cosine', ('training', 'cross_task_warmup_iters'): 0}
Dispatch job 19_tag=cityscapes_pad_ct_dual_cosine_w0_lam0p75_D372_S25
Start 2026-03-23_07-47-2719_tag=cityscapes_pad_ct_dual_cosine_w0_lam0p75_D372_S25
RUNDIR: /user/work/ig23200/sde_seg/logs//cityscapes_joint_220/2026-03-23_07-47-2719_tag=cityscapes_pad_ct_dual_cosine_w0_lam0p75_D372_S25
Restrict subset from 2975 to 372 images ...
Use image subset [7, 27, 35, 45, 48, 51, 55, 64, 81, 85, 103, 109, 111, 118, 123, 134, 135, 137, 166, 172, 176, 181, 182, 199, 201, 208, 241, 252, 256, 263, 273, 281, 289, 298, 302, 311, 314, 328, 329, 330, 335, 345, 346, 347, 349, 363, 365, 373, 387, 395, 399, 406, 408, 414, 431, 443, 444, 448, 450, 455, 462, 465, 477, 478, 484, 508, 510, 514, 522, 541, 556, 559, 568, 577, 586, 615, 617, 618, 629, 636, 638, 642, 646, 653, 670, 675, 682, 691, 698, 699, 700, 718, 725, 730, 731, 732, 746, 760, 769, 791, 800, 806, 819, 827, 831, 839, 844, 863, 867, 868, 875, 887, 899, 906, 919, 924, 939, 942, 946, 949, 967, 973, 975, 987, 993, 999, 1000, 1006, 1017, 1020, 1024, 1035, 1038, 1044, 1054, 1058, 1064, 1070, 1076, 1082, 1090, 1094, 1104, 1110, 1115, 1117, 1118, 1147, 1152, 1162, 1166, 1169, 1172, 1180, 1190, 1194, 1204, 1207, 1217, 1219, 1226, 1235, 1261, 1275, 1280, 1293, 1296, 1299, 1303, 1305, 1338, 1340, 1371, 1380, 1384, 1396, 1404, 1413, 1433, 1449, 1452, 1463, 1474, 1488, 1492, 1510, 1520, 1531, 1532, 1533, 1557, 1560, 1566, 1577, 1595, 1597, 1602, 1608, 1624, 1627, 1629, 1640, 1644, 1648, 1657, 1686, 1705, 1711, 1713, 1720, 1724, 1730, 1760, 1766, 1769, 1770, 1779, 1794, 1797, 1803, 1810, 1818, 1827, 1831, 1832, 1837, 1844, 1845, 1849, 1851, 1860, 1876, 1883, 1890, 1901, 1905, 1907, 1908, 1911, 1918, 1926, 1946, 1947, 1950, 1953, 1959, 1971, 1976, 1980, 1981, 1986, 1989, 1999, 2015, 2021, 2022, 2029, 2042, 2043, 2055, 2057, 2080, 2100, 2107, 2109, 2116, 2117, 2124, 2136, 2139, 2151, 2153, 2156, 2160, 2171, 2187, 2188, 2207, 2218, 2223, 2230, 2239, 2245, 2247, 2257, 2267, 2272, 2280, 2284, 2287, 2290, 2291, 2293, 2301, 2302, 2306, 2314, 2326, 2338, 2342, 2355, 2362, 2365, 2373, 2385, 2402, 2404, 2405, 2438, 2444, 2452, 2462, 2468, 2507, 2508, 2510, 2527, 2528, 2546, 2553, 2554, 2558, 2570, 2571, 2580, 2606, 2618, 2625, 2629, 2636, 2649, 2655, 2663, 2679, 2680, 2683, 2695, 2700, 2704, 2711, 2715, 2720, 2722, 2728, 2734, 2738, 2752, 2758, 2759, 2775, 2777, 2782, 2791, 2799, 2809, 2830, 2839, 2843, 2852, 2854, 2856, 2859, 2871, 2890, 2892, 2901, 2921, 2923, 2925, 2950, 2960, 2969] with class frequencies:
Keep 372 images
Found 372 train images
Restrict subset from 2975 to 372 images ...
Use image subset [7, 27, 35, 45, 48, 51, 55, 64, 81, 85, 103, 109, 111, 118, 123, 134, 135, 137, 166, 172, 176, 181, 182, 199, 201, 208, 241, 252, 256, 263, 273, 281, 289, 298, 302, 311, 314, 328, 329, 330, 335, 345, 346, 347, 349, 363, 365, 373, 387, 395, 399, 406, 408, 414, 431, 443, 444, 448, 450, 455, 462, 465, 477, 478, 484, 508, 510, 514, 522, 541, 556, 559, 568, 577, 586, 615, 617, 618, 629, 636, 638, 642, 646, 653, 670, 675, 682, 691, 698, 699, 700, 718, 725, 730, 731, 732, 746, 760, 769, 791, 800, 806, 819, 827, 831, 839, 844, 863, 867, 868, 875, 887, 899, 906, 919, 924, 939, 942, 946, 949, 967, 973, 975, 987, 993, 999, 1000, 1006, 1017, 1020, 1024, 1035, 1038, 1044, 1054, 1058, 1064, 1070, 1076, 1082, 1090, 1094, 1104, 1110, 1115, 1117, 1118, 1147, 1152, 1162, 1166, 1169, 1172, 1180, 1190, 1194, 1204, 1207, 1217, 1219, 1226, 1235, 1261, 1275, 1280, 1293, 1296, 1299, 1303, 1305, 1338, 1340, 1371, 1380, 1384, 1396, 1404, 1413, 1433, 1449, 1452, 1463, 1474, 1488, 1492, 1510, 1520, 1531, 1532, 1533, 1557, 1560, 1566, 1577, 1595, 1597, 1602, 1608, 1624, 1627, 1629, 1640, 1644, 1648, 1657, 1686, 1705, 1711, 1713, 1720, 1724, 1730, 1760, 1766, 1769, 1770, 1779, 1794, 1797, 1803, 1810, 1818, 1827, 1831, 1832, 1837, 1844, 1845, 1849, 1851, 1860, 1876, 1883, 1890, 1901, 1905, 1907, 1908, 1911, 1918, 1926, 1946, 1947, 1950, 1953, 1959, 1971, 1976, 1980, 1981, 1986, 1989, 1999, 2015, 2021, 2022, 2029, 2042, 2043, 2055, 2057, 2080, 2100, 2107, 2109, 2116, 2117, 2124, 2136, 2139, 2151, 2153, 2156, 2160, 2171, 2187, 2188, 2207, 2218, 2223, 2230, 2239, 2245, 2247, 2257, 2267, 2272, 2280, 2284, 2287, 2290, 2291, 2293, 2301, 2302, 2306, 2314, 2326, 2338, 2342, 2355, 2362, 2365, 2373, 2385, 2402, 2404, 2405, 2438, 2444, 2452, 2462, 2468, 2507, 2508, 2510, 2527, 2528, 2546, 2553, 2554, 2558, 2570, 2571, 2580, 2606, 2618, 2625, 2629, 2636, 2649, 2655, 2663, 2679, 2680, 2683, 2695, 2700, 2704, 2711, 2715, 2720, 2722, 2728, 2734, 2738, 2752, 2758, 2759, 2775, 2777, 2782, 2791, 2799, 2809, 2830, 2839, 2843, 2852, 2854, 2856, 2859, 2871, 2890, 2892, 2901, 2921, 2923, 2925, 2950, 2960, 2969] with class frequencies:
Keep 2975 images
Found 2975 train images
Found 500 val images
Load mono_cityscapes_1024x512_r101dil_aspp_dec6_lr5_fd2_crop512x512bs4 weights
Load mono_cityscapes_1024x512_r101dil_aspp_dec6_lr5_fd2_crop512x512bs4depth weights
Load mono_cityscapes_1024x512_r101dil_aspp_dec6_lr5_fd2_crop512x512bs4depth weights
Create segmentation ema model.
Load mono_cityscapes_1024x512_r101dil_aspp_dec6_lr5_fd2_crop512x512bs4 weights
Load mono_cityscapes_1024x512_r101dil_aspp_dec6_lr5_fd2_crop512x512bs4depth weights
Load mono_cityscapes_1024x512_r101dil_aspp_dec6_lr5_fd2_crop512x512bs4depth weights
WARN get_lr: optimizer has more than one param group
Overall Acc: 	 0.8120332109659646
Mean Acc : 	 0.24057278907172286
FreqW Acc : 	 0.674205156077687
Mean IoU : 	 0.1994829358986326
WARN get_lr: optimizer has more than one param group
WARN get_lr: optimizer has more than one param group
WARN get_lr: optimizer has more than one param group
WARN get_lr: optimizer has more than one param group
WARN get_lr: optimizer has more than one param group
WARN get_lr: optimizer has more than one param group
WARN get_lr: optimizer has more than one param group
WARN get_lr: optimizer has more than one param group
WARN get_lr: optimizer has more than one param group
WARN get_lr: optimizer has more than one param group
WARN get_lr: optimizer has more than one param group
WARN get_lr: optimizer has more than one param group
WARN get_lr: optimizer has more than one param group
WARN get_lr: optimizer has more than one param group
WARN get_lr: optimizer has more than one param group
WARN get_lr: optimizer has more than one param group
WARN get_lr: optimizer has more than one param group
WARN get_lr: optimizer has more than one param group
WARN get_lr: optimizer has more than one param group
WARN get_lr: optimizer has more than one param group
WARN get_lr: optimizer has more than one param group
WARN get_lr: optimizer has more than one param group
WARN get_lr: optimizer has more than one param group
WARN get_lr: optimizer has more than one param group
Overall Acc: 	 0.9146440391491066
Mean Acc : 	 0.49990337928827605
FreqW Acc : 	 0.8508456748549661
Mean IoU : 	 0.4179377118631937
WARN get_lr: optimizer has more than one param group
WARN get_lr: optimizer has more than one param group
WARN get_lr: optimizer has more than one param group
WARN get_lr: optimizer has more than one param group
WARN get_lr: optimizer has more than one param group
WARN get_lr: optimizer has more than one param group
WARN get_lr: optimizer has more than one param group
WARN get_lr: optimizer has more than one param group
WARN get_lr: optimizer has more than one param group
WARN get_lr: optimizer has more than one param group
WARN get_lr: optimizer has more than one param group
WARN get_lr: optimizer has more than one param group
WARN get_lr: optimizer has more than one param group
WARN get_lr: optimizer has more than one param group
WARN get_lr: optimizer has more than one param group
WARN get_lr: optimizer has more than one param group
WARN get_lr: optimizer has more than one param group
WARN get_lr: optimizer has more than one param group
WARN get_lr: optimizer has more than one param group
WARN get_lr: optimizer has more than one param group
WARN get_lr: optimizer has more than one param group
WARN get_lr: optimizer has more than one param group
WARN get_lr: optimizer has more than one param group
WARN get_lr: optimizer has more than one param group
WARN get_lr: optimizer has more than one param group
Overall Acc: 	 0.9211654091011255
Mean Acc : 	 0.5887630867258387
FreqW Acc : 	 0.8653649065314607
Mean IoU : 	 0.4852866993585911
WARN get_lr: optimizer has more than one param group
WARN get_lr: optimizer has more than one param group
WARN get_lr: optimizer has more than one param group
WARN get_lr: optimizer has more than one param group
WARN get_lr: optimizer has more than one param group
WARN get_lr: optimizer has more than one param group
WARN get_lr: optimizer has more than one param group
WARN get_lr: optimizer has more than one param group
WARN get_lr: optimizer has more than one param group
WARN get_lr: optimizer has more than one param group
WARN get_lr: optimizer has more than one param group
WARN get_lr: optimizer has more than one param group
WARN get_lr: optimizer has more than one param group
WARN get_lr: optimizer has more than one param group
WARN get_lr: optimizer has more than one param group
WARN get_lr: optimizer has more than one param group
WARN get_lr: optimizer has more than one param group
WARN get_lr: optimizer has more than one param group
WARN get_lr: optimizer has more than one param group
WARN get_lr: optimizer has more than one param group
WARN get_lr: optimizer has more than one param group
WARN get_lr: optimizer has more than one param group
WARN get_lr: optimizer has more than one param group
WARN get_lr: optimizer has more than one param group
WARN get_lr: optimizer has more than one param group
Overall Acc: 	 0.9279689011985013
Mean Acc : 	 0.6276488624880384
FreqW Acc : 	 0.871555450145023
Mean IoU : 	 0.542027156549264
WARN get_lr: optimizer has more than one param group
WARN get_lr: optimizer has more than one param group
WARN get_lr: optimizer has more than one param group
WARN get_lr: optimizer has more than one param group
WARN get_lr: optimizer has more than one param group
WARN get_lr: optimizer has more than one param group
WARN get_lr: optimizer has more than one param group
WARN get_lr: optimizer has more than one param group
WARN get_lr: optimizer has more than one param group
WARN get_lr: optimizer has more than one param group
WARN get_lr: optimizer has more than one param group
WARN get_lr: optimizer has more than one param group
WARN get_lr: optimizer has more than one param group
WARN get_lr: optimizer has more than one param group
WARN get_lr: optimizer has more than one param group
WARN get_lr: optimizer has more than one param group
WARN get_lr: optimizer has more than one param group
WARN get_lr: optimizer has more than one param group
WARN get_lr: optimizer has more than one param group
WARN get_lr: optimizer has more than one param group
WARN get_lr: optimizer has more than one param group
WARN get_lr: optimizer has more than one param group
WARN get_lr: optimizer has more than one param group
WARN get_lr: optimizer has more than one param group
WARN get_lr: optimizer has more than one param group
Overall Acc: 	 0.9319561841868312
Mean Acc : 	 0.6607102244941769
FreqW Acc : 	 0.8795827948971509
Mean IoU : 	 0.5653896118159489
WARN get_lr: optimizer has more than one param group
WARN get_lr: optimizer has more than one param group
WARN get_lr: optimizer has more than one param group
WARN get_lr: optimizer has more than one param group
WARN get_lr: optimizer has more than one param group
WARN get_lr: optimizer has more than one param group
WARN get_lr: optimizer has more than one param group
WARN get_lr: optimizer has more than one param group
WARN get_lr: optimizer has more than one param group
WARN get_lr: optimizer has more than one param group
WARN get_lr: optimizer has more than one param group
WARN get_lr: optimizer has more than one param group
WARN get_lr: optimizer has more than one param group
WARN get_lr: optimizer has more than one param group
WARN get_lr: optimizer has more than one param group
WARN get_lr: optimizer has more than one param group
WARN get_lr: optimizer has more than one param group
WARN get_lr: optimizer has more than one param group
WARN get_lr: optimizer has more than one param group
WARN get_lr: optimizer has more than one param group
WARN get_lr: optimizer has more than one param group
WARN get_lr: optimizer has more than one param group
WARN get_lr: optimizer has more than one param group
WARN get_lr: optimizer has more than one param group
WARN get_lr: optimizer has more than one param group
Overall Acc: 	 0.9335941738810584
Mean Acc : 	 0.6706960942587885
FreqW Acc : 	 0.8821878072683341
Mean IoU : 	 0.5748077277693632
WARN get_lr: optimizer has more than one param group
WARN get_lr: optimizer has more than one param group
WARN get_lr: optimizer has more than one param group
WARN get_lr: optimizer has more than one param group
WARN get_lr: optimizer has more than one param group
WARN get_lr: optimizer has more than one param group
WARN get_lr: optimizer has more than one param group
WARN get_lr: optimizer has more than one param group
WARN get_lr: optimizer has more than one param group
WARN get_lr: optimizer has more than one param group
WARN get_lr: optimizer has more than one param group
WARN get_lr: optimizer has more than one param group
WARN get_lr: optimizer has more than one param group
WARN get_lr: optimizer has more than one param group
WARN get_lr: optimizer has more than one param group
WARN get_lr: optimizer has more than one param group
WARN get_lr: optimizer has more than one param group
WARN get_lr: optimizer has more than one param group
WARN get_lr: optimizer has more than one param group
WARN get_lr: optimizer has more than one param group
WARN get_lr: optimizer has more than one param group
WARN get_lr: optimizer has more than one param group
WARN get_lr: optimizer has more than one param group
WARN get_lr: optimizer has more than one param group
WARN get_lr: optimizer has more than one param group
Overall Acc: 	 0.9337928790969324
Mean Acc : 	 0.7003567683439302
FreqW Acc : 	 0.8834849063218745
Mean IoU : 	 0.5955207325804028
WARN get_lr: optimizer has more than one param group
WARN get_lr: optimizer has more than one param group
WARN get_lr: optimizer has more than one param group
WARN get_lr: optimizer has more than one param group
WARN get_lr: optimizer has more than one param group
WARN get_lr: optimizer has more than one param group
WARN get_lr: optimizer has more than one param group
WARN get_lr: optimizer has more than one param group
WARN get_lr: optimizer has more than one param group
WARN get_lr: optimizer has more than one param group
WARN get_lr: optimizer has more than one param group
WARN get_lr: optimizer has more than one param group
WARN get_lr: optimizer has more than one param group
WARN get_lr: optimizer has more than one param group
WARN get_lr: optimizer has more than one param group
WARN get_lr: optimizer has more than one param group
WARN get_lr: optimizer has more than one param group
WARN get_lr: optimizer has more than one param group
WARN get_lr: optimizer has more than one param group
WARN get_lr: optimizer has more than one param group
WARN get_lr: optimizer has more than one param group
WARN get_lr: optimizer has more than one param group
WARN get_lr: optimizer has more than one param group
WARN get_lr: optimizer has more than one param group
WARN get_lr: optimizer has more than one param group
Overall Acc: 	 0.9344024220695701
Mean Acc : 	 0.7016444173251131
FreqW Acc : 	 0.8846798363977497
Mean IoU : 	 0.5980489317433301
WARN get_lr: optimizer has more than one param group
WARN get_lr: optimizer has more than one param group
WARN get_lr: optimizer has more than one param group
WARN get_lr: optimizer has more than one param group
WARN get_lr: optimizer has more than one param group
WARN get_lr: optimizer has more than one param group
WARN get_lr: optimizer has more than one param group
WARN get_lr: optimizer has more than one param group
WARN get_lr: optimizer has more than one param group
WARN get_lr: optimizer has more than one param group
WARN get_lr: optimizer has more than one param group
WARN get_lr: optimizer has more than one param group
WARN get_lr: optimizer has more than one param group
WARN get_lr: optimizer has more than one param group
WARN get_lr: optimizer has more than one param group
WARN get_lr: optimizer has more than one param group
WARN get_lr: optimizer has more than one param group
WARN get_lr: optimizer has more than one param group
WARN get_lr: optimizer has more than one param group
WARN get_lr: optimizer has more than one param group
WARN get_lr: optimizer has more than one param group
WARN get_lr: optimizer has more than one param group
WARN get_lr: optimizer has more than one param group
WARN get_lr: optimizer has more than one param group
WARN get_lr: optimizer has more than one param group
Overall Acc: 	 0.9348199036911808
Mean Acc : 	 0.6928873403684157
FreqW Acc : 	 0.8828597298026083
Mean IoU : 	 0.5998981689702054
WARN get_lr: optimizer has more than one param group
WARN get_lr: optimizer has more than one param group
WARN get_lr: optimizer has more than one param group
WARN get_lr: optimizer has more than one param group
WARN get_lr: optimizer has more than one param group
WARN get_lr: optimizer has more than one param group
WARN get_lr: optimizer has more than one param group
WARN get_lr: optimizer has more than one param group
WARN get_lr: optimizer has more than one param group
WARN get_lr: optimizer has more than one param group
WARN get_lr: optimizer has more than one param group
WARN get_lr: optimizer has more than one param group
WARN get_lr: optimizer has more than one param group
WARN get_lr: optimizer has more than one param group
WARN get_lr: optimizer has more than one param group
WARN get_lr: optimizer has more than one param group
WARN get_lr: optimizer has more than one param group
WARN get_lr: optimizer has more than one param group
WARN get_lr: optimizer has more than one param group
WARN get_lr: optimizer has more than one param group
WARN get_lr: optimizer has more than one param group
WARN get_lr: optimizer has more than one param group
WARN get_lr: optimizer has more than one param group
WARN get_lr: optimizer has more than one param group
WARN get_lr: optimizer has more than one param group
Overall Acc: 	 0.9350827573197755
Mean Acc : 	 0.7074832062234947
FreqW Acc : 	 0.8849421230296806
Mean IoU : 	 0.6056373573628895
WARN get_lr: optimizer has more than one param group
WARN get_lr: optimizer has more than one param group
WARN get_lr: optimizer has more than one param group
WARN get_lr: optimizer has more than one param group
WARN get_lr: optimizer has more than one param group
WARN get_lr: optimizer has more than one param group
WARN get_lr: optimizer has more than one param group
WARN get_lr: optimizer has more than one param group
WARN get_lr: optimizer has more than one param group
WARN get_lr: optimizer has more than one param group
WARN get_lr: optimizer has more than one param group
WARN get_lr: optimizer has more than one param group
WARN get_lr: optimizer has more than one param group
WARN get_lr: optimizer has more than one param group
WARN get_lr: optimizer has more than one param group
WARN get_lr: optimizer has more than one param group
WARN get_lr: optimizer has more than one param group
WARN get_lr: optimizer has more than one param group
WARN get_lr: optimizer has more than one param group
WARN get_lr: optimizer has more than one param group
WARN get_lr: optimizer has more than one param group
WARN get_lr: optimizer has more than one param group
WARN get_lr: optimizer has more than one param group
WARN get_lr: optimizer has more than one param group
WARN get_lr: optimizer has more than one param group
Overall Acc: 	 0.9333561115091444
Mean Acc : 	 0.6992323712330162
FreqW Acc : 	 0.8816349099903483
Mean IoU : 	 0.605114786894081
WARN get_lr: optimizer has more than one param group
WARN get_lr: optimizer has more than one param group
WARN get_lr: optimizer has more than one param group
WARN get_lr: optimizer has more than one param group
WARN get_lr: optimizer has more than one param group
WARN get_lr: optimizer has more than one param group
WARN get_lr: optimizer has more than one param group
WARN get_lr: optimizer has more than one param group
WARN get_lr: optimizer has more than one param group
WARN get_lr: optimizer has more than one param group
WARN get_lr: optimizer has more than one param group
WARN get_lr: optimizer has more than one param group
WARN get_lr: optimizer has more than one param group
WARN get_lr: optimizer has more than one param group
WARN get_lr: optimizer has more than one param group
WARN get_lr: optimizer has more than one param group
WARN get_lr: optimizer has more than one param group
WARN get_lr: optimizer has more than one param group
WARN get_lr: optimizer has more than one param group
WARN get_lr: optimizer has more than one param group
WARN get_lr: optimizer has more than one param group
WARN get_lr: optimizer has more than one param group
WARN get_lr: optimizer has more than one param group
WARN get_lr: optimizer has more than one param group
WARN get_lr: optimizer has more than one param group
Overall Acc: 	 0.9364655493163379
Mean Acc : 	 0.6952622407470676
FreqW Acc : 	 0.8866954138541397
Mean IoU : 	 0.6094575260212781
WARN get_lr: optimizer has more than one param group
WARN get_lr: optimizer has more than one param group
WARN get_lr: optimizer has more than one param group
WARN get_lr: optimizer has more than one param group
WARN get_lr: optimizer has more than one param group
WARN get_lr: optimizer has more than one param group
WARN get_lr: optimizer has more than one param group
WARN get_lr: optimizer has more than one param group
WARN get_lr: optimizer has more than one param group
WARN get_lr: optimizer has more than one param group
WARN get_lr: optimizer has more than one param group
WARN get_lr: optimizer has more than one param group
WARN get_lr: optimizer has more than one param group
WARN get_lr: optimizer has more than one param group
WARN get_lr: optimizer has more than one param group
WARN get_lr: optimizer has more than one param group
WARN get_lr: optimizer has more than one param group
WARN get_lr: optimizer has more than one param group
WARN get_lr: optimizer has more than one param group
WARN get_lr: optimizer has more than one param group
WARN get_lr: optimizer has more than one param group
WARN get_lr: optimizer has more than one param group
WARN get_lr: optimizer has more than one param group
WARN get_lr: optimizer has more than one param group
WARN get_lr: optimizer has more than one param group
Overall Acc: 	 0.9367794948327112
Mean Acc : 	 0.6979154853476309
FreqW Acc : 	 0.8870026402895814
Mean IoU : 	 0.6106401585712906
WARN get_lr: optimizer has more than one param group
WARN get_lr: optimizer has more than one param group
WARN get_lr: optimizer has more than one param group
WARN get_lr: optimizer has more than one param group
WARN get_lr: optimizer has more than one param group
Overall Acc: 	 0.9382311902076429
Mean Acc : 	 0.7163991922699957
FreqW Acc : 	 0.8895064473418697
Mean IoU : 	 0.6257074196864556
WARN get_lr: optimizer has more than one param group
WARN get_lr: optimizer has more than one param group
WARN get_lr: optimizer has more than one param group
WARN get_lr: optimizer has more than one param group
WARN get_lr: optimizer has more than one param group
Overall Acc: 	 0.9381412122980355
Mean Acc : 	 0.7233259639310039
FreqW Acc : 	 0.8896213956129521
Mean IoU : 	 0.6277668441826298
WARN get_lr: optimizer has more than one param group
WARN get_lr: optimizer has more than one param group
WARN get_lr: optimizer has more than one param group
WARN get_lr: optimizer has more than one param group
WARN get_lr: optimizer has more than one param group
Overall Acc: 	 0.938558135538359
Mean Acc : 	 0.7193138912274811
FreqW Acc : 	 0.8902554508628792
Mean IoU : 	 0.6270754787598122
WARN get_lr: optimizer has more than one param group
WARN get_lr: optimizer has more than one param group
WARN get_lr: optimizer has more than one param group
WARN get_lr: optimizer has more than one param group
WARN get_lr: optimizer has more than one param group
Overall Acc: 	 0.9382509298586161
Mean Acc : 	 0.7198677807663296
FreqW Acc : 	 0.8895951519525785
Mean IoU : 	 0.6288866155248058
WARN get_lr: optimizer has more than one param group
WARN get_lr: optimizer has more than one param group
WARN get_lr: optimizer has more than one param group
WARN get_lr: optimizer has more than one param group
WARN get_lr: optimizer has more than one param group
Overall Acc: 	 0.9384891100140829
Mean Acc : 	 0.7187739341881209
FreqW Acc : 	 0.8902722050153304
Mean IoU : 	 0.6275241606324671
WARN get_lr: optimizer has more than one param group
WARN get_lr: optimizer has more than one param group
WARN get_lr: optimizer has more than one param group
WARN get_lr: optimizer has more than one param group
WARN get_lr: optimizer has more than one param group
Overall Acc: 	 0.9382844458229095
Mean Acc : 	 0.7190427278658726
FreqW Acc : 	 0.889796616136991
Mean IoU : 	 0.6259622731500463
WARN get_lr: optimizer has more than one param group
WARN get_lr: optimizer has more than one param group
WARN get_lr: optimizer has more than one param group
WARN get_lr: optimizer has more than one param group
WARN get_lr: optimizer has more than one param group
Overall Acc: 	 0.9386700168264275
Mean Acc : 	 0.720462675368967
FreqW Acc : 	 0.8903385734422327
Mean IoU : 	 0.6286252770056547
WARN get_lr: optimizer has more than one param group
WARN get_lr: optimizer has more than one param group
WARN get_lr: optimizer has more than one param group
WARN get_lr: optimizer has more than one param group
WARN get_lr: optimizer has more than one param group
Overall Acc: 	 0.9381910740020408
Mean Acc : 	 0.7221170974873004
FreqW Acc : 	 0.8896838725176307
Mean IoU : 	 0.6286426790948517
WARN get_lr: optimizer has more than one param group
WARN get_lr: optimizer has more than one param group
WARN get_lr: optimizer has more than one param group
WARN get_lr: optimizer has more than one param group
WARN get_lr: optimizer has more than one param group
Overall Acc: 	 0.938005399136986
Mean Acc : 	 0.7245524571920751
FreqW Acc : 	 0.8894862982935134
Mean IoU : 	 0.6277990897835884
WARN get_lr: optimizer has more than one param group
WARN get_lr: optimizer has more than one param group
WARN get_lr: optimizer has more than one param group
WARN get_lr: optimizer has more than one param group
WARN get_lr: optimizer has more than one param group
Overall Acc: 	 0.9383562676159753
Mean Acc : 	 0.7188844438085377
FreqW Acc : 	 0.8900001138347922
Mean IoU : 	 0.6262879223481681
WARN get_lr: optimizer has more than one param group
WARN get_lr: optimizer has more than one param group
WARN get_lr: optimizer has more than one param group
WARN get_lr: optimizer has more than one param group
WARN get_lr: optimizer has more than one param group
Overall Acc: 	 0.937602265297044
Mean Acc : 	 0.7216280234485843
FreqW Acc : 	 0.8888505637628338
Mean IoU : 	 0.6243511411193856
WARN get_lr: optimizer has more than one param group
WARN get_lr: optimizer has more than one param group
WARN get_lr: optimizer has more than one param group
WARN get_lr: optimizer has more than one param group
WARN get_lr: optimizer has more than one param group
Overall Acc: 	 0.9386130924716098
Mean Acc : 	 0.7186602487235443
FreqW Acc : 	 0.8901115537190777
Mean IoU : 	 0.6275189703184868
WARN get_lr: optimizer has more than one param group
WARN get_lr: optimizer has more than one param group
WARN get_lr: optimizer has more than one param group
WARN get_lr: optimizer has more than one param group
WARN get_lr: optimizer has more than one param group
Overall Acc: 	 0.9383989314362003
Mean Acc : 	 0.7171639398436737
FreqW Acc : 	 0.8899852888455033
Mean IoU : 	 0.6263044432669957
WARN get_lr: optimizer has more than one param group
WARN get_lr: optimizer has more than one param group
WARN get_lr: optimizer has more than one param group
WARN get_lr: optimizer has more than one param group
WARN get_lr: optimizer has more than one param group
Overall Acc: 	 0.9386704094382701
Mean Acc : 	 0.7171179353868954
FreqW Acc : 	 0.890337816430295
Mean IoU : 	 0.6258842007827955
WARN get_lr: optimizer has more than one param group
WARN get_lr: optimizer has more than one param group
WARN get_lr: optimizer has more than one param group
WARN get_lr: optimizer has more than one param group
WARN get_lr: optimizer has more than one param group
Overall Acc: 	 0.9389996886282723
Mean Acc : 	 0.7213659518354046
FreqW Acc : 	 0.890978151291424
Mean IoU : 	 0.6289975472457977
WARN get_lr: optimizer has more than one param group
WARN get_lr: optimizer has more than one param group
WARN get_lr: optimizer has more than one param group
WARN get_lr: optimizer has more than one param group
WARN get_lr: optimizer has more than one param group
Overall Acc: 	 0.9384143130957211
Mean Acc : 	 0.7195536037900198
FreqW Acc : 	 0.8904045536582614
Mean IoU : 	 0.626087679109949
WARN get_lr: optimizer has more than one param group
WARN get_lr: optimizer has more than one param group
WARN get_lr: optimizer has more than one param group
WARN get_lr: optimizer has more than one param group
WARN get_lr: optimizer has more than one param group
Overall Acc: 	 0.9385470246232145
Mean Acc : 	 0.7214940988546131
FreqW Acc : 	 0.8900350615969777
Mean IoU : 	 0.6288044387515535
WARN get_lr: optimizer has more than one param group
WARN get_lr: optimizer has more than one param group
WARN get_lr: optimizer has more than one param group
WARN get_lr: optimizer has more than one param group
WARN get_lr: optimizer has more than one param group
Overall Acc: 	 0.9385483682281868
Mean Acc : 	 0.7180971885225853
FreqW Acc : 	 0.8902127304622094
Mean IoU : 	 0.6270966298700965
WARN get_lr: optimizer has more than one param group
WARN get_lr: optimizer has more than one param group
WARN get_lr: optimizer has more than one param group
WARN get_lr: optimizer has more than one param group
WARN get_lr: optimizer has more than one param group
Overall Acc: 	 0.9385602338305398
Mean Acc : 	 0.7219774188660125
FreqW Acc : 	 0.8905556731214421
Mean IoU : 	 0.6270961570581683
WARN get_lr: optimizer has more than one param group
WARN get_lr: optimizer has more than one param group
WARN get_lr: optimizer has more than one param group
WARN get_lr: optimizer has more than one param group
WARN get_lr: optimizer has more than one param group
Overall Acc: 	 0.9383726569792253
Mean Acc : 	 0.7250075925965146
FreqW Acc : 	 0.8900822479736255
Mean IoU : 	 0.6290788599628985
Resolved base cfg vars {'seed': 42, ('model', 'segmentation_args', 'projection_mode'): 'dual', ('model', 'variant'): 'ct_dual_cosine_w0_lam0p75', ('training', 'cross_task_lambda'): 0.75, ('training', 'cross_task_type'): 'cosine', ('training', 'cross_task_warmup_iters'): 0}
Resolved vars {('config', 'general', 'tag'): 'cityscapes_pad_ct_dual_cosine_w0_lam0p75_D372_S42', 'seed': 42, ('model', 'segmentation_args', 'projection_mode'): 'dual', ('model', 'variant'): 'ct_dual_cosine_w0_lam0p75', ('training', 'cross_task_lambda'): 0.75, ('training', 'cross_task_type'): 'cosine', ('training', 'cross_task_warmup_iters'): 0}
Dispatch job 20_tag=cityscapes_pad_ct_dual_cosine_w0_lam0p75_D372_S42
Start 2026-03-23_17-47-1120_tag=cityscapes_pad_ct_dual_cosine_w0_lam0p75_D372_S42
RUNDIR: /user/work/ig23200/sde_seg/logs//cityscapes_joint_220/2026-03-23_17-47-1120_tag=cityscapes_pad_ct_dual_cosine_w0_lam0p75_D372_S42
Restrict subset from 2975 to 372 images ...
Use image subset [0, 30, 32, 44, 45, 51, 52, 56, 63, 67, 70, 73, 80, 88, 93, 102, 108, 120, 124, 141, 144, 162, 174, 175, 177, 178, 184, 192, 194, 196, 203, 211, 233, 239, 246, 251, 256, 289, 296, 298, 309, 313, 318, 321, 322, 324, 331, 332, 354, 368, 387, 393, 402, 410, 411, 414, 420, 432, 439, 457, 463, 471, 478, 479, 485, 486, 495, 506, 507, 527, 528, 532, 533, 535, 543, 555, 557, 567, 572, 594, 599, 601, 602, 612, 637, 642, 644, 651, 676, 680, 685, 691, 693, 700, 705, 718, 727, 729, 741, 744, 748, 755, 759, 772, 783, 790, 798, 809, 811, 834, 857, 859, 862, 869, 879, 889, 912, 926, 929, 930, 942, 944, 952, 962, 965, 969, 999, 1001, 1005, 1018, 1023, 1025, 1027, 1047, 1048, 1055, 1071, 1089, 1090, 1091, 1097, 1106, 1149, 1151, 1159, 1173, 1177, 1188, 1196, 1208, 1210, 1222, 1225, 1229, 1230, 1235, 1255, 1263, 1264, 1268, 1269, 1270, 1272, 1286, 1313, 1321, 1322, 1326, 1330, 1337, 1340, 1343, 1370, 1376, 1385, 1399, 1402, 1407, 1410, 1421, 1422, 1426, 1427, 1431, 1432, 1436, 1453, 1461, 1474, 1487, 1488, 1494, 1505, 1507, 1509, 1517, 1518, 1538, 1544, 1554, 1562, 1567, 1575, 1586, 1590, 1596, 1598, 1608, 1610, 1613, 1618, 1620, 1624, 1641, 1655, 1656, 1662, 1690, 1691, 1697, 1702, 1706, 1711, 1716, 1718, 1727, 1731, 1747, 1760, 1762, 1767, 1771, 1775, 1777, 1788, 1795, 1797, 1805, 1807, 1814, 1840, 1850, 1869, 1872, 1877, 1880, 1882, 1891, 1896, 1916, 1922, 1936, 1940, 1941, 1949, 1956, 1957, 1963, 1966, 1979, 1983, 1993, 1999, 2001, 2003, 2013, 2015, 2023, 2033, 2046, 2051, 2064, 2073, 2092, 2113, 2114, 2119, 2124, 2131, 2144, 2149, 2154, 2159, 2185, 2186, 2204, 2215, 2227, 2233, 2241, 2247, 2257, 2261, 2263, 2270, 2287, 2315, 2321, 2332, 2335, 2349, 2356, 2383, 2392, 2395, 2397, 2401, 2403, 2404, 2420, 2424, 2436, 2459, 2462, 2466, 2469, 2478, 2480, 2482, 2496, 2501, 2517, 2519, 2528, 2534, 2539, 2546, 2573, 2578, 2586, 2595, 2608, 2622, 2626, 2632, 2636, 2644, 2645, 2646, 2654, 2655, 2658, 2683, 2686, 2733, 2753, 2754, 2756, 2766, 2769, 2787, 2792, 2798, 2810, 2811, 2815, 2822, 2823, 2838, 2848, 2864, 2865, 2872, 2897, 2898, 2910, 2931, 2932, 2936, 2947, 2956, 2958] with class frequencies:
Keep 372 images
Found 372 train images
Restrict subset from 2975 to 372 images ...
Use image subset [0, 30, 32, 44, 45, 51, 52, 56, 63, 67, 70, 73, 80, 88, 93, 102, 108, 120, 124, 141, 144, 162, 174, 175, 177, 178, 184, 192, 194, 196, 203, 211, 233, 239, 246, 251, 256, 289, 296, 298, 309, 313, 318, 321, 322, 324, 331, 332, 354, 368, 387, 393, 402, 410, 411, 414, 420, 432, 439, 457, 463, 471, 478, 479, 485, 486, 495, 506, 507, 527, 528, 532, 533, 535, 543, 555, 557, 567, 572, 594, 599, 601, 602, 612, 637, 642, 644, 651, 676, 680, 685, 691, 693, 700, 705, 718, 727, 729, 741, 744, 748, 755, 759, 772, 783, 790, 798, 809, 811, 834, 857, 859, 862, 869, 879, 889, 912, 926, 929, 930, 942, 944, 952, 962, 965, 969, 999, 1001, 1005, 1018, 1023, 1025, 1027, 1047, 1048, 1055, 1071, 1089, 1090, 1091, 1097, 1106, 1149, 1151, 1159, 1173, 1177, 1188, 1196, 1208, 1210, 1222, 1225, 1229, 1230, 1235, 1255, 1263, 1264, 1268, 1269, 1270, 1272, 1286, 1313, 1321, 1322, 1326, 1330, 1337, 1340, 1343, 1370, 1376, 1385, 1399, 1402, 1407, 1410, 1421, 1422, 1426, 1427, 1431, 1432, 1436, 1453, 1461, 1474, 1487, 1488, 1494, 1505, 1507, 1509, 1517, 1518, 1538, 1544, 1554, 1562, 1567, 1575, 1586, 1590, 1596, 1598, 1608, 1610, 1613, 1618, 1620, 1624, 1641, 1655, 1656, 1662, 1690, 1691, 1697, 1702, 1706, 1711, 1716, 1718, 1727, 1731, 1747, 1760, 1762, 1767, 1771, 1775, 1777, 1788, 1795, 1797, 1805, 1807, 1814, 1840, 1850, 1869, 1872, 1877, 1880, 1882, 1891, 1896, 1916, 1922, 1936, 1940, 1941, 1949, 1956, 1957, 1963, 1966, 1979, 1983, 1993, 1999, 2001, 2003, 2013, 2015, 2023, 2033, 2046, 2051, 2064, 2073, 2092, 2113, 2114, 2119, 2124, 2131, 2144, 2149, 2154, 2159, 2185, 2186, 2204, 2215, 2227, 2233, 2241, 2247, 2257, 2261, 2263, 2270, 2287, 2315, 2321, 2332, 2335, 2349, 2356, 2383, 2392, 2395, 2397, 2401, 2403, 2404, 2420, 2424, 2436, 2459, 2462, 2466, 2469, 2478, 2480, 2482, 2496, 2501, 2517, 2519, 2528, 2534, 2539, 2546, 2573, 2578, 2586, 2595, 2608, 2622, 2626, 2632, 2636, 2644, 2645, 2646, 2654, 2655, 2658, 2683, 2686, 2733, 2753, 2754, 2756, 2766, 2769, 2787, 2792, 2798, 2810, 2811, 2815, 2822, 2823, 2838, 2848, 2864, 2865, 2872, 2897, 2898, 2910, 2931, 2932, 2936, 2947, 2956, 2958] with class frequencies:
Keep 2975 images
Found 2975 train images
Found 500 val images
Load mono_cityscapes_1024x512_r101dil_aspp_dec6_lr5_fd2_crop512x512bs4 weights
Load mono_cityscapes_1024x512_r101dil_aspp_dec6_lr5_fd2_crop512x512bs4depth weights
Load mono_cityscapes_1024x512_r101dil_aspp_dec6_lr5_fd2_crop512x512bs4depth weights
Create segmentation ema model.
Load mono_cityscapes_1024x512_r101dil_aspp_dec6_lr5_fd2_crop512x512bs4 weights
Load mono_cityscapes_1024x512_r101dil_aspp_dec6_lr5_fd2_crop512x512bs4depth weights
Load mono_cityscapes_1024x512_r101dil_aspp_dec6_lr5_fd2_crop512x512bs4depth weights
WARN get_lr: optimizer has more than one param group
Overall Acc: 	 0.7996540199746859
Mean Acc : 	 0.24342421421341673
FreqW Acc : 	 0.66503122615327
Mean IoU : 	 0.20090577828305117
WARN get_lr: optimizer has more than one param group
WARN get_lr: optimizer has more than one param group
WARN get_lr: optimizer has more than one param group
WARN get_lr: optimizer has more than one param group
WARN get_lr: optimizer has more than one param group
WARN get_lr: optimizer has more than one param group
WARN get_lr: optimizer has more than one param group
WARN get_lr: optimizer has more than one param group
WARN get_lr: optimizer has more than one param group
WARN get_lr: optimizer has more than one param group
WARN get_lr: optimizer has more than one param group
WARN get_lr: optimizer has more than one param group
WARN get_lr: optimizer has more than one param group
WARN get_lr: optimizer has more than one param group
WARN get_lr: optimizer has more than one param group
WARN get_lr: optimizer has more than one param group
WARN get_lr: optimizer has more than one param group
WARN get_lr: optimizer has more than one param group
WARN get_lr: optimizer has more than one param group
WARN get_lr: optimizer has more than one param group
WARN get_lr: optimizer has more than one param group
WARN get_lr: optimizer has more than one param group
WARN get_lr: optimizer has more than one param group
WARN get_lr: optimizer has more than one param group
Overall Acc: 	 0.916511684959463
Mean Acc : 	 0.5590488689038411
FreqW Acc : 	 0.8558499102443329
Mean IoU : 	 0.4672137437031643
WARN get_lr: optimizer has more than one param group
WARN get_lr: optimizer has more than one param group
WARN get_lr: optimizer has more than one param group
WARN get_lr: optimizer has more than one param group
WARN get_lr: optimizer has more than one param group
WARN get_lr: optimizer has more than one param group
WARN get_lr: optimizer has more than one param group
WARN get_lr: optimizer has more than one param group
WARN get_lr: optimizer has more than one param group
WARN get_lr: optimizer has more than one param group
WARN get_lr: optimizer has more than one param group
WARN get_lr: optimizer has more than one param group
WARN get_lr: optimizer has more than one param group
WARN get_lr: optimizer has more than one param group
WARN get_lr: optimizer has more than one param group
WARN get_lr: optimizer has more than one param group
WARN get_lr: optimizer has more than one param group
WARN get_lr: optimizer has more than one param group
WARN get_lr: optimizer has more than one param group
WARN get_lr: optimizer has more than one param group
WARN get_lr: optimizer has more than one param group
WARN get_lr: optimizer has more than one param group
WARN get_lr: optimizer has more than one param group
WARN get_lr: optimizer has more than one param group
WARN get_lr: optimizer has more than one param group
Overall Acc: 	 0.926234490398095
Mean Acc : 	 0.6480502395755469
FreqW Acc : 	 0.8703852539692749
Mean IoU : 	 0.5436951292551401
WARN get_lr: optimizer has more than one param group
WARN get_lr: optimizer has more than one param group
WARN get_lr: optimizer has more than one param group
WARN get_lr: optimizer has more than one param group
WARN get_lr: optimizer has more than one param group
WARN get_lr: optimizer has more than one param group
WARN get_lr: optimizer has more than one param group
WARN get_lr: optimizer has more than one param group
WARN get_lr: optimizer has more than one param group
WARN get_lr: optimizer has more than one param group
WARN get_lr: optimizer has more than one param group
WARN get_lr: optimizer has more than one param group
WARN get_lr: optimizer has more than one param group
WARN get_lr: optimizer has more than one param group
WARN get_lr: optimizer has more than one param group
WARN get_lr: optimizer has more than one param group
WARN get_lr: optimizer has more than one param group
WARN get_lr: optimizer has more than one param group
WARN get_lr: optimizer has more than one param group
WARN get_lr: optimizer has more than one param group
WARN get_lr: optimizer has more than one param group
WARN get_lr: optimizer has more than one param group
WARN get_lr: optimizer has more than one param group
WARN get_lr: optimizer has more than one param group
WARN get_lr: optimizer has more than one param group
Overall Acc: 	 0.9276901118914523
Mean Acc : 	 0.6660408183090124
FreqW Acc : 	 0.8740773655411029
Mean IoU : 	 0.554450223696827
WARN get_lr: optimizer has more than one param group
WARN get_lr: optimizer has more than one param group
WARN get_lr: optimizer has more than one param group
WARN get_lr: optimizer has more than one param group
WARN get_lr: optimizer has more than one param group
WARN get_lr: optimizer has more than one param group
WARN get_lr: optimizer has more than one param group
WARN get_lr: optimizer has more than one param group
WARN get_lr: optimizer has more than one param group
WARN get_lr: optimizer has more than one param group
WARN get_lr: optimizer has more than one param group
WARN get_lr: optimizer has more than one param group
WARN get_lr: optimizer has more than one param group
WARN get_lr: optimizer has more than one param group
WARN get_lr: optimizer has more than one param group
WARN get_lr: optimizer has more than one param group
WARN get_lr: optimizer has more than one param group
WARN get_lr: optimizer has more than one param group
WARN get_lr: optimizer has more than one param group
WARN get_lr: optimizer has more than one param group
WARN get_lr: optimizer has more than one param group
WARN get_lr: optimizer has more than one param group
WARN get_lr: optimizer has more than one param group
WARN get_lr: optimizer has more than one param group
WARN get_lr: optimizer has more than one param group
Overall Acc: 	 0.93247988476127
Mean Acc : 	 0.6939206100500909
FreqW Acc : 	 0.8817013523640511
Mean IoU : 	 0.5855521639957642
WARN get_lr: optimizer has more than one param group
WARN get_lr: optimizer has more than one param group
WARN get_lr: optimizer has more than one param group
WARN get_lr: optimizer has more than one param group
WARN get_lr: optimizer has more than one param group
WARN get_lr: optimizer has more than one param group
WARN get_lr: optimizer has more than one param group
WARN get_lr: optimizer has more than one param group
WARN get_lr: optimizer has more than one param group
WARN get_lr: optimizer has more than one param group
WARN get_lr: optimizer has more than one param group
WARN get_lr: optimizer has more than one param group
WARN get_lr: optimizer has more than one param group
WARN get_lr: optimizer has more than one param group
WARN get_lr: optimizer has more than one param group
WARN get_lr: optimizer has more than one param group
WARN get_lr: optimizer has more than one param group
WARN get_lr: optimizer has more than one param group
WARN get_lr: optimizer has more than one param group
WARN get_lr: optimizer has more than one param group
WARN get_lr: optimizer has more than one param group
WARN get_lr: optimizer has more than one param group
WARN get_lr: optimizer has more than one param group
WARN get_lr: optimizer has more than one param group
WARN get_lr: optimizer has more than one param group
Overall Acc: 	 0.9332051697050948
Mean Acc : 	 0.7009291627793367
FreqW Acc : 	 0.881470506772077
Mean IoU : 	 0.5955629813860677
WARN get_lr: optimizer has more than one param group
WARN get_lr: optimizer has more than one param group
WARN get_lr: optimizer has more than one param group
WARN get_lr: optimizer has more than one param group
WARN get_lr: optimizer has more than one param group
WARN get_lr: optimizer has more than one param group
WARN get_lr: optimizer has more than one param group
WARN get_lr: optimizer has more than one param group
WARN get_lr: optimizer has more than one param group
WARN get_lr: optimizer has more than one param group
WARN get_lr: optimizer has more than one param group
WARN get_lr: optimizer has more than one param group
WARN get_lr: optimizer has more than one param group
WARN get_lr: optimizer has more than one param group
WARN get_lr: optimizer has more than one param group
WARN get_lr: optimizer has more than one param group
WARN get_lr: optimizer has more than one param group
WARN get_lr: optimizer has more than one param group
WARN get_lr: optimizer has more than one param group
WARN get_lr: optimizer has more than one param group
WARN get_lr: optimizer has more than one param group
WARN get_lr: optimizer has more than one param group
WARN get_lr: optimizer has more than one param group
WARN get_lr: optimizer has more than one param group
WARN get_lr: optimizer has more than one param group
Overall Acc: 	 0.9348379245747543
Mean Acc : 	 0.6968859838718519
FreqW Acc : 	 0.8840683117888862
Mean IoU : 	 0.6000178956311483
WARN get_lr: optimizer has more than one param group
WARN get_lr: optimizer has more than one param group
WARN get_lr: optimizer has more than one param group
WARN get_lr: optimizer has more than one param group
WARN get_lr: optimizer has more than one param group
WARN get_lr: optimizer has more than one param group
WARN get_lr: optimizer has more than one param group
WARN get_lr: optimizer has more than one param group
WARN get_lr: optimizer has more than one param group
WARN get_lr: optimizer has more than one param group
WARN get_lr: optimizer has more than one param group
WARN get_lr: optimizer has more than one param group
WARN get_lr: optimizer has more than one param group
WARN get_lr: optimizer has more than one param group
WARN get_lr: optimizer has more than one param group
WARN get_lr: optimizer has more than one param group
WARN get_lr: optimizer has more than one param group
WARN get_lr: optimizer has more than one param group
WARN get_lr: optimizer has more than one param group
WARN get_lr: optimizer has more than one param group
WARN get_lr: optimizer has more than one param group
WARN get_lr: optimizer has more than one param group
WARN get_lr: optimizer has more than one param group
WARN get_lr: optimizer has more than one param group
WARN get_lr: optimizer has more than one param group
Overall Acc: 	 0.9365709786831269
Mean Acc : 	 0.7178719525488397
FreqW Acc : 	 0.8871695960874955
Mean IoU : 	 0.6153419315845232
WARN get_lr: optimizer has more than one param group
WARN get_lr: optimizer has more than one param group
WARN get_lr: optimizer has more than one param group
WARN get_lr: optimizer has more than one param group
WARN get_lr: optimizer has more than one param group
WARN get_lr: optimizer has more than one param group
WARN get_lr: optimizer has more than one param group
WARN get_lr: optimizer has more than one param group
WARN get_lr: optimizer has more than one param group
WARN get_lr: optimizer has more than one param group
WARN get_lr: optimizer has more than one param group
WARN get_lr: optimizer has more than one param group
WARN get_lr: optimizer has more than one param group
WARN get_lr: optimizer has more than one param group
WARN get_lr: optimizer has more than one param group
WARN get_lr: optimizer has more than one param group
WARN get_lr: optimizer has more than one param group
WARN get_lr: optimizer has more than one param group
WARN get_lr: optimizer has more than one param group
WARN get_lr: optimizer has more than one param group
WARN get_lr: optimizer has more than one param group
WARN get_lr: optimizer has more than one param group
WARN get_lr: optimizer has more than one param group
WARN get_lr: optimizer has more than one param group
WARN get_lr: optimizer has more than one param group
Overall Acc: 	 0.9362940695505685
Mean Acc : 	 0.7144009222049835
FreqW Acc : 	 0.8864862789458867
Mean IoU : 	 0.6076245135197137
WARN get_lr: optimizer has more than one param group
WARN get_lr: optimizer has more than one param group
WARN get_lr: optimizer has more than one param group
WARN get_lr: optimizer has more than one param group
WARN get_lr: optimizer has more than one param group
WARN get_lr: optimizer has more than one param group
WARN get_lr: optimizer has more than one param group
WARN get_lr: optimizer has more than one param group
WARN get_lr: optimizer has more than one param group
WARN get_lr: optimizer has more than one param group
WARN get_lr: optimizer has more than one param group
WARN get_lr: optimizer has more than one param group
WARN get_lr: optimizer has more than one param group
WARN get_lr: optimizer has more than one param group
WARN get_lr: optimizer has more than one param group
WARN get_lr: optimizer has more than one param group
WARN get_lr: optimizer has more than one param group
WARN get_lr: optimizer has more than one param group
WARN get_lr: optimizer has more than one param group
WARN get_lr: optimizer has more than one param group
WARN get_lr: optimizer has more than one param group
WARN get_lr: optimizer has more than one param group
WARN get_lr: optimizer has more than one param group
WARN get_lr: optimizer has more than one param group
WARN get_lr: optimizer has more than one param group
Overall Acc: 	 0.933352045795397
Mean Acc : 	 0.7189299222671295
FreqW Acc : 	 0.8820316601577283
Mean IoU : 	 0.6142914581562544
WARN get_lr: optimizer has more than one param group
WARN get_lr: optimizer has more than one param group
WARN get_lr: optimizer has more than one param group
WARN get_lr: optimizer has more than one param group
WARN get_lr: optimizer has more than one param group
WARN get_lr: optimizer has more than one param group
WARN get_lr: optimizer has more than one param group
WARN get_lr: optimizer has more than one param group
WARN get_lr: optimizer has more than one param group
WARN get_lr: optimizer has more than one param group
WARN get_lr: optimizer has more than one param group
WARN get_lr: optimizer has more than one param group
WARN get_lr: optimizer has more than one param group
WARN get_lr: optimizer has more than one param group
WARN get_lr: optimizer has more than one param group
WARN get_lr: optimizer has more than one param group
WARN get_lr: optimizer has more than one param group
WARN get_lr: optimizer has more than one param group
WARN get_lr: optimizer has more than one param group
WARN get_lr: optimizer has more than one param group
WARN get_lr: optimizer has more than one param group
WARN get_lr: optimizer has more than one param group
WARN get_lr: optimizer has more than one param group
WARN get_lr: optimizer has more than one param group
WARN get_lr: optimizer has more than one param group
Overall Acc: 	 0.9362211964302353
Mean Acc : 	 0.7088745567928517
FreqW Acc : 	 0.8854596777777548
Mean IoU : 	 0.6139649523353572
WARN get_lr: optimizer has more than one param group
WARN get_lr: optimizer has more than one param group
WARN get_lr: optimizer has more than one param group
WARN get_lr: optimizer has more than one param group
WARN get_lr: optimizer has more than one param group
WARN get_lr: optimizer has more than one param group
WARN get_lr: optimizer has more than one param group
WARN get_lr: optimizer has more than one param group
WARN get_lr: optimizer has more than one param group
WARN get_lr: optimizer has more than one param group
WARN get_lr: optimizer has more than one param group
WARN get_lr: optimizer has more than one param group
WARN get_lr: optimizer has more than one param group
WARN get_lr: optimizer has more than one param group
WARN get_lr: optimizer has more than one param group
WARN get_lr: optimizer has more than one param group
WARN get_lr: optimizer has more than one param group
WARN get_lr: optimizer has more than one param group
WARN get_lr: optimizer has more than one param group
WARN get_lr: optimizer has more than one param group
WARN get_lr: optimizer has more than one param group
WARN get_lr: optimizer has more than one param group
WARN get_lr: optimizer has more than one param group
WARN get_lr: optimizer has more than one param group
WARN get_lr: optimizer has more than one param group
Overall Acc: 	 0.9378460685265669
Mean Acc : 	 0.7244399777821641
FreqW Acc : 	 0.8889647128088928
Mean IoU : 	 0.6273155990737526
WARN get_lr: optimizer has more than one param group
WARN get_lr: optimizer has more than one param group
WARN get_lr: optimizer has more than one param group
WARN get_lr: optimizer has more than one param group
WARN get_lr: optimizer has more than one param group
WARN get_lr: optimizer has more than one param group
WARN get_lr: optimizer has more than one param group
WARN get_lr: optimizer has more than one param group
WARN get_lr: optimizer has more than one param group
WARN get_lr: optimizer has more than one param group
WARN get_lr: optimizer has more than one param group
WARN get_lr: optimizer has more than one param group
WARN get_lr: optimizer has more than one param group
WARN get_lr: optimizer has more than one param group
WARN get_lr: optimizer has more than one param group
WARN get_lr: optimizer has more than one param group
WARN get_lr: optimizer has more than one param group
WARN get_lr: optimizer has more than one param group
WARN get_lr: optimizer has more than one param group
WARN get_lr: optimizer has more than one param group
WARN get_lr: optimizer has more than one param group
WARN get_lr: optimizer has more than one param group
WARN get_lr: optimizer has more than one param group
WARN get_lr: optimizer has more than one param group
WARN get_lr: optimizer has more than one param group
Overall Acc: 	 0.935557315978587
Mean Acc : 	 0.7087679397088703
FreqW Acc : 	 0.8844270733149435
Mean IoU : 	 0.6031038729292801
WARN get_lr: optimizer has more than one param group
WARN get_lr: optimizer has more than one param group
WARN get_lr: optimizer has more than one param group
WARN get_lr: optimizer has more than one param group
WARN get_lr: optimizer has more than one param group
Overall Acc: 	 0.9377037292842233
Mean Acc : 	 0.7239256658149705
FreqW Acc : 	 0.8891427438404135
Mean IoU : 	 0.6138267522113996
WARN get_lr: optimizer has more than one param group
WARN get_lr: optimizer has more than one param group
WARN get_lr: optimizer has more than one param group
WARN get_lr: optimizer has more than one param group
WARN get_lr: optimizer has more than one param group
Overall Acc: 	 0.9382119871261879
Mean Acc : 	 0.7236339469931293
FreqW Acc : 	 0.8899723393009376
Mean IoU : 	 0.613830555678088
WARN get_lr: optimizer has more than one param group
WARN get_lr: optimizer has more than one param group
WARN get_lr: optimizer has more than one param group
WARN get_lr: optimizer has more than one param group
WARN get_lr: optimizer has more than one param group
Overall Acc: 	 0.9379024912106968
Mean Acc : 	 0.7257004242222906
FreqW Acc : 	 0.8897449299066807
Mean IoU : 	 0.6148774893718488
WARN get_lr: optimizer has more than one param group
WARN get_lr: optimizer has more than one param group
WARN get_lr: optimizer has more than one param group
WARN get_lr: optimizer has more than one param group
WARN get_lr: optimizer has more than one param group
Overall Acc: 	 0.938558292583096
Mean Acc : 	 0.7271262613737558
FreqW Acc : 	 0.8905204650958427
Mean IoU : 	 0.6213863521250241
WARN get_lr: optimizer has more than one param group
WARN get_lr: optimizer has more than one param group
WARN get_lr: optimizer has more than one param group
WARN get_lr: optimizer has more than one param group
WARN get_lr: optimizer has more than one param group
Overall Acc: 	 0.9384573782524963
Mean Acc : 	 0.7221152746856407
FreqW Acc : 	 0.8901372604414005
Mean IoU : 	 0.6188787555534457
WARN get_lr: optimizer has more than one param group
WARN get_lr: optimizer has more than one param group
WARN get_lr: optimizer has more than one param group
WARN get_lr: optimizer has more than one param group
WARN get_lr: optimizer has more than one param group
Overall Acc: 	 0.9385947051503166
Mean Acc : 	 0.7321230931707249
FreqW Acc : 	 0.8907127245412174
Mean IoU : 	 0.6219373566622186
WARN get_lr: optimizer has more than one param group
WARN get_lr: optimizer has more than one param group
WARN get_lr: optimizer has more than one param group
WARN get_lr: optimizer has more than one param group
WARN get_lr: optimizer has more than one param group
Overall Acc: 	 0.9387986233789891
Mean Acc : 	 0.7229128910718821
FreqW Acc : 	 0.8907878262985316
Mean IoU : 	 0.6217804687390117
WARN get_lr: optimizer has more than one param group
WARN get_lr: optimizer has more than one param group
WARN get_lr: optimizer has more than one param group
WARN get_lr: optimizer has more than one param group
WARN get_lr: optimizer has more than one param group
Overall Acc: 	 0.9386350787347933
Mean Acc : 	 0.7195950602042501
FreqW Acc : 	 0.8902310665239171
Mean IoU : 	 0.620033436696993
WARN get_lr: optimizer has more than one param group
WARN get_lr: optimizer has more than one param group
WARN get_lr: optimizer has more than one param group
WARN get_lr: optimizer has more than one param group
WARN get_lr: optimizer has more than one param group
Overall Acc: 	 0.9389257990795024
Mean Acc : 	 0.726687046479781
FreqW Acc : 	 0.8910118663476294
Mean IoU : 	 0.624278738371479
WARN get_lr: optimizer has more than one param group
WARN get_lr: optimizer has more than one param group
WARN get_lr: optimizer has more than one param group
WARN get_lr: optimizer has more than one param group
WARN get_lr: optimizer has more than one param group
Overall Acc: 	 0.9385914202979005
Mean Acc : 	 0.7293673618992583
FreqW Acc : 	 0.8905278751064493
Mean IoU : 	 0.6212277452746084
WARN get_lr: optimizer has more than one param group
WARN get_lr: optimizer has more than one param group
WARN get_lr: optimizer has more than one param group
WARN get_lr: optimizer has more than one param group
WARN get_lr: optimizer has more than one param group
Overall Acc: 	 0.938559147604442
Mean Acc : 	 0.7316507805318972
FreqW Acc : 	 0.8908132795658054
Mean IoU : 	 0.6241566687163079
WARN get_lr: optimizer has more than one param group
WARN get_lr: optimizer has more than one param group
WARN get_lr: optimizer has more than one param group
WARN get_lr: optimizer has more than one param group
WARN get_lr: optimizer has more than one param group
Overall Acc: 	 0.9383450171055091
Mean Acc : 	 0.7273046690512314
FreqW Acc : 	 0.8903854154660716
Mean IoU : 	 0.6176999539053228
WARN get_lr: optimizer has more than one param group
WARN get_lr: optimizer has more than one param group
WARN get_lr: optimizer has more than one param group
WARN get_lr: optimizer has more than one param group
WARN get_lr: optimizer has more than one param group
Overall Acc: 	 0.9386574968710035
Mean Acc : 	 0.7267717949122869
FreqW Acc : 	 0.8904486074721525
Mean IoU : 	 0.6217867683531388
WARN get_lr: optimizer has more than one param group
WARN get_lr: optimizer has more than one param group
WARN get_lr: optimizer has more than one param group
WARN get_lr: optimizer has more than one param group
WARN get_lr: optimizer has more than one param group
Overall Acc: 	 0.9388544440582938
Mean Acc : 	 0.7245989947246795
FreqW Acc : 	 0.8907135821600073
Mean IoU : 	 0.6219120949215352
WARN get_lr: optimizer has more than one param group
WARN get_lr: optimizer has more than one param group
WARN get_lr: optimizer has more than one param group
WARN get_lr: optimizer has more than one param group
WARN get_lr: optimizer has more than one param group
Overall Acc: 	 0.9385445991544982
Mean Acc : 	 0.7173144195631058
FreqW Acc : 	 0.8902019754824937
Mean IoU : 	 0.6182707855982982
WARN get_lr: optimizer has more than one param group
WARN get_lr: optimizer has more than one param group
WARN get_lr: optimizer has more than one param group
WARN get_lr: optimizer has more than one param group
WARN get_lr: optimizer has more than one param group
Overall Acc: 	 0.9384240498694166
Mean Acc : 	 0.7268838485988539
FreqW Acc : 	 0.8901339002552471
Mean IoU : 	 0.6240384587923264
WARN get_lr: optimizer has more than one param group
WARN get_lr: optimizer has more than one param group
WARN get_lr: optimizer has more than one param group
WARN get_lr: optimizer has more than one param group
WARN get_lr: optimizer has more than one param group
Overall Acc: 	 0.9381925048540892
Mean Acc : 	 0.729303251584456
FreqW Acc : 	 0.889927992368882
Mean IoU : 	 0.6206887823004997
WARN get_lr: optimizer has more than one param group
WARN get_lr: optimizer has more than one param group
WARN get_lr: optimizer has more than one param group
WARN get_lr: optimizer has more than one param group
WARN get_lr: optimizer has more than one param group
Overall Acc: 	 0.9383530002129745
Mean Acc : 	 0.7257829264639435
FreqW Acc : 	 0.890200117880846
Mean IoU : 	 0.620801204198955
WARN get_lr: optimizer has more than one param group
WARN get_lr: optimizer has more than one param group
WARN get_lr: optimizer has more than one param group
WARN get_lr: optimizer has more than one param group
WARN get_lr: optimizer has more than one param group
Overall Acc: 	 0.938757268264906
Mean Acc : 	 0.7280153120050081
FreqW Acc : 	 0.8908400659329518
Mean IoU : 	 0.623305794676947
WARN get_lr: optimizer has more than one param group
WARN get_lr: optimizer has more than one param group
WARN get_lr: optimizer has more than one param group
WARN get_lr: optimizer has more than one param group
WARN get_lr: optimizer has more than one param group
Overall Acc: 	 0.9384361248647524
Mean Acc : 	 0.7222383438000546
FreqW Acc : 	 0.890244165149767
Mean IoU : 	 0.6193183372804306
Resolved base cfg vars {'seed': 7, ('model', 'segmentation_args', 'projection_mode'): 'dual', ('model', 'variant'): 'ct_dual_cosine_w0_lam1p00', ('training', 'cross_task_lambda'): 1.0, ('training', 'cross_task_type'): 'cosine', ('training', 'cross_task_warmup_iters'): 0}
Resolved vars {('config', 'general', 'tag'): 'cityscapes_pad_ct_dual_cosine_w0_lam1p00_D372_S7', 'seed': 7, ('model', 'segmentation_args', 'projection_mode'): 'dual', ('model', 'variant'): 'ct_dual_cosine_w0_lam1p00', ('training', 'cross_task_lambda'): 1.0, ('training', 'cross_task_type'): 'cosine', ('training', 'cross_task_warmup_iters'): 0}
Resolved base cfg vars {'seed': 25, ('model', 'segmentation_args', 'projection_mode'): 'dual', ('model', 'variant'): 'ct_dual_cosine_w0_lam1p00', ('training', 'cross_task_lambda'): 1.0, ('training', 'cross_task_type'): 'cosine', ('training', 'cross_task_warmup_iters'): 0}
Resolved vars {('config', 'general', 'tag'): 'cityscapes_pad_ct_dual_cosine_w0_lam1p00_D372_S25', 'seed': 25, ('model', 'segmentation_args', 'projection_mode'): 'dual', ('model', 'variant'): 'ct_dual_cosine_w0_lam1p00', ('training', 'cross_task_lambda'): 1.0, ('training', 'cross_task_type'): 'cosine', ('training', 'cross_task_warmup_iters'): 0}
Resolved base cfg vars {'seed': 42, ('model', 'segmentation_args', 'projection_mode'): 'dual', ('model', 'variant'): 'ct_dual_cosine_w0_lam1p00', ('training', 'cross_task_lambda'): 1.0, ('training', 'cross_task_type'): 'cosine', ('training', 'cross_task_warmup_iters'): 0}
Resolved vars {('config', 'general', 'tag'): 'cityscapes_pad_ct_dual_cosine_w0_lam1p00_D372_S42', 'seed': 42, ('model', 'segmentation_args', 'projection_mode'): 'dual', ('model', 'variant'): 'ct_dual_cosine_w0_lam1p00', ('training', 'cross_task_lambda'): 1.0, ('training', 'cross_task_type'): 'cosine', ('training', 'cross_task_warmup_iters'): 0}
Resolved base cfg vars {'seed': 7, ('model', 'segmentation_args', 'projection_mode'): 'dual', ('model', 'variant'): 'ct_dual_cosine_w0_lam1p25', ('training', 'cross_task_lambda'): 1.25, ('training', 'cross_task_type'): 'cosine', ('training', 'cross_task_warmup_iters'): 0}
Resolved vars {('config', 'general', 'tag'): 'cityscapes_pad_ct_dual_cosine_w0_lam1p25_D372_S7', 'seed': 7, ('model', 'segmentation_args', 'projection_mode'): 'dual', ('model', 'variant'): 'ct_dual_cosine_w0_lam1p25', ('training', 'cross_task_lambda'): 1.25, ('training', 'cross_task_type'): 'cosine', ('training', 'cross_task_warmup_iters'): 0}
Resolved base cfg vars {'seed': 25, ('model', 'segmentation_args', 'projection_mode'): 'dual', ('model', 'variant'): 'ct_dual_cosine_w0_lam1p25', ('training', 'cross_task_lambda'): 1.25, ('training', 'cross_task_type'): 'cosine', ('training', 'cross_task_warmup_iters'): 0}
Resolved vars {('config', 'general', 'tag'): 'cityscapes_pad_ct_dual_cosine_w0_lam1p25_D372_S25', 'seed': 25, ('model', 'segmentation_args', 'projection_mode'): 'dual', ('model', 'variant'): 'ct_dual_cosine_w0_lam1p25', ('training', 'cross_task_lambda'): 1.25, ('training', 'cross_task_type'): 'cosine', ('training', 'cross_task_warmup_iters'): 0}
Resolved base cfg vars {'seed': 42, ('model', 'segmentation_args', 'projection_mode'): 'dual', ('model', 'variant'): 'ct_dual_cosine_w0_lam1p25', ('training', 'cross_task_lambda'): 1.25, ('training', 'cross_task_type'): 'cosine', ('training', 'cross_task_warmup_iters'): 0}
Resolved vars {('config', 'general', 'tag'): 'cityscapes_pad_ct_dual_cosine_w0_lam1p25_D372_S42', 'seed': 42, ('model', 'segmentation_args', 'projection_mode'): 'dual', ('model', 'variant'): 'ct_dual_cosine_w0_lam1p25', ('training', 'cross_task_lambda'): 1.25, ('training', 'cross_task_type'): 'cosine', ('training', 'cross_task_warmup_iters'): 0}
Resolved base cfg vars {'seed': 7, ('model', 'segmentation_args', 'projection_mode'): 'dual', ('model', 'variant'): 'ct_dual_cosine_w5k_lam0p50', ('training', 'cross_task_lambda'): 0.5, ('training', 'cross_task_type'): 'cosine', ('training', 'cross_task_warmup_iters'): 5000}
Resolved vars {('config', 'general', 'tag'): 'cityscapes_pad_ct_dual_cosine_w5k_lam0p50_D372_S7', 'seed': 7, ('model', 'segmentation_args', 'projection_mode'): 'dual', ('model', 'variant'): 'ct_dual_cosine_w5k_lam0p50', ('training', 'cross_task_lambda'): 0.5, ('training', 'cross_task_type'): 'cosine', ('training', 'cross_task_warmup_iters'): 5000}
Resolved base cfg vars {'seed': 25, ('model', 'segmentation_args', 'projection_mode'): 'dual', ('model', 'variant'): 'ct_dual_cosine_w5k_lam0p50', ('training', 'cross_task_lambda'): 0.5, ('training', 'cross_task_type'): 'cosine', ('training', 'cross_task_warmup_iters'): 5000}
Resolved vars {('config', 'general', 'tag'): 'cityscapes_pad_ct_dual_cosine_w5k_lam0p50_D372_S25', 'seed': 25, ('model', 'segmentation_args', 'projection_mode'): 'dual', ('model', 'variant'): 'ct_dual_cosine_w5k_lam0p50', ('training', 'cross_task_lambda'): 0.5, ('training', 'cross_task_type'): 'cosine', ('training', 'cross_task_warmup_iters'): 5000}
Resolved base cfg vars {'seed': 42, ('model', 'segmentation_args', 'projection_mode'): 'dual', ('model', 'variant'): 'ct_dual_cosine_w5k_lam0p50', ('training', 'cross_task_lambda'): 0.5, ('training', 'cross_task_type'): 'cosine', ('training', 'cross_task_warmup_iters'): 5000}
Resolved vars {('config', 'general', 'tag'): 'cityscapes_pad_ct_dual_cosine_w5k_lam0p50_D372_S42', 'seed': 42, ('model', 'segmentation_args', 'projection_mode'): 'dual', ('model', 'variant'): 'ct_dual_cosine_w5k_lam0p50', ('training', 'cross_task_lambda'): 0.5, ('training', 'cross_task_type'): 'cosine', ('training', 'cross_task_warmup_iters'): 5000}
Resolved base cfg vars {'seed': 7, ('model', 'segmentation_args', 'projection_mode'): 'dual', ('model', 'variant'): 'ct_dual_cosine_w5k_lam0p75', ('training', 'cross_task_lambda'): 0.75, ('training', 'cross_task_type'): 'cosine', ('training', 'cross_task_warmup_iters'): 5000}
Resolved vars {('config', 'general', 'tag'): 'cityscapes_pad_ct_dual_cosine_w5k_lam0p75_D372_S7', 'seed': 7, ('model', 'segmentation_args', 'projection_mode'): 'dual', ('model', 'variant'): 'ct_dual_cosine_w5k_lam0p75', ('training', 'cross_task_lambda'): 0.75, ('training', 'cross_task_type'): 'cosine', ('training', 'cross_task_warmup_iters'): 5000}
Resolved base cfg vars {'seed': 25, ('model', 'segmentation_args', 'projection_mode'): 'dual', ('model', 'variant'): 'ct_dual_cosine_w5k_lam0p75', ('training', 'cross_task_lambda'): 0.75, ('training', 'cross_task_type'): 'cosine', ('training', 'cross_task_warmup_iters'): 5000}
Resolved vars {('config', 'general', 'tag'): 'cityscapes_pad_ct_dual_cosine_w5k_lam0p75_D372_S25', 'seed': 25, ('model', 'segmentation_args', 'projection_mode'): 'dual', ('model', 'variant'): 'ct_dual_cosine_w5k_lam0p75', ('training', 'cross_task_lambda'): 0.75, ('training', 'cross_task_type'): 'cosine', ('training', 'cross_task_warmup_iters'): 5000}
Resolved base cfg vars {'seed': 42, ('model', 'segmentation_args', 'projection_mode'): 'dual', ('model', 'variant'): 'ct_dual_cosine_w5k_lam0p75', ('training', 'cross_task_lambda'): 0.75, ('training', 'cross_task_type'): 'cosine', ('training', 'cross_task_warmup_iters'): 5000}
Resolved vars {('config', 'general', 'tag'): 'cityscapes_pad_ct_dual_cosine_w5k_lam0p75_D372_S42', 'seed': 42, ('model', 'segmentation_args', 'projection_mode'): 'dual', ('model', 'variant'): 'ct_dual_cosine_w5k_lam0p75', ('training', 'cross_task_lambda'): 0.75, ('training', 'cross_task_type'): 'cosine', ('training', 'cross_task_warmup_iters'): 5000}
Resolved base cfg vars {'seed': 7, ('model', 'segmentation_args', 'projection_mode'): 'dual', ('model', 'variant'): 'ct_dual_cosine_w5k_lam1p00', ('training', 'cross_task_lambda'): 1.0, ('training', 'cross_task_type'): 'cosine', ('training', 'cross_task_warmup_iters'): 5000}
Resolved vars {('config', 'general', 'tag'): 'cityscapes_pad_ct_dual_cosine_w5k_lam1p00_D372_S7', 'seed': 7, ('model', 'segmentation_args', 'projection_mode'): 'dual', ('model', 'variant'): 'ct_dual_cosine_w5k_lam1p00', ('training', 'cross_task_lambda'): 1.0, ('training', 'cross_task_type'): 'cosine', ('training', 'cross_task_warmup_iters'): 5000}
Resolved base cfg vars {'seed': 25, ('model', 'segmentation_args', 'projection_mode'): 'dual', ('model', 'variant'): 'ct_dual_cosine_w5k_lam1p00', ('training', 'cross_task_lambda'): 1.0, ('training', 'cross_task_type'): 'cosine', ('training', 'cross_task_warmup_iters'): 5000}
Resolved vars {('config', 'general', 'tag'): 'cityscapes_pad_ct_dual_cosine_w5k_lam1p00_D372_S25', 'seed': 25, ('model', 'segmentation_args', 'projection_mode'): 'dual', ('model', 'variant'): 'ct_dual_cosine_w5k_lam1p00', ('training', 'cross_task_lambda'): 1.0, ('training', 'cross_task_type'): 'cosine', ('training', 'cross_task_warmup_iters'): 5000}
Resolved base cfg vars {'seed': 42, ('model', 'segmentation_args', 'projection_mode'): 'dual', ('model', 'variant'): 'ct_dual_cosine_w5k_lam1p00', ('training', 'cross_task_lambda'): 1.0, ('training', 'cross_task_type'): 'cosine', ('training', 'cross_task_warmup_iters'): 5000}
Resolved vars {('config', 'general', 'tag'): 'cityscapes_pad_ct_dual_cosine_w5k_lam1p00_D372_S42', 'seed': 42, ('model', 'segmentation_args', 'projection_mode'): 'dual', ('model', 'variant'): 'ct_dual_cosine_w5k_lam1p00', ('training', 'cross_task_lambda'): 1.0, ('training', 'cross_task_type'): 'cosine', ('training', 'cross_task_warmup_iters'): 5000}
Resolved base cfg vars {'seed': 7, ('model', 'segmentation_args', 'projection_mode'): 'dual', ('model', 'variant'): 'ct_dual_cosine_w5k_lam1p25', ('training', 'cross_task_lambda'): 1.25, ('training', 'cross_task_type'): 'cosine', ('training', 'cross_task_warmup_iters'): 5000}
Resolved vars {('config', 'general', 'tag'): 'cityscapes_pad_ct_dual_cosine_w5k_lam1p25_D372_S7', 'seed': 7, ('model', 'segmentation_args', 'projection_mode'): 'dual', ('model', 'variant'): 'ct_dual_cosine_w5k_lam1p25', ('training', 'cross_task_lambda'): 1.25, ('training', 'cross_task_type'): 'cosine', ('training', 'cross_task_warmup_iters'): 5000}
Resolved base cfg vars {'seed': 25, ('model', 'segmentation_args', 'projection_mode'): 'dual', ('model', 'variant'): 'ct_dual_cosine_w5k_lam1p25', ('training', 'cross_task_lambda'): 1.25, ('training', 'cross_task_type'): 'cosine', ('training', 'cross_task_warmup_iters'): 5000}
Resolved vars {('config', 'general', 'tag'): 'cityscapes_pad_ct_dual_cosine_w5k_lam1p25_D372_S25', 'seed': 25, ('model', 'segmentation_args', 'projection_mode'): 'dual', ('model', 'variant'): 'ct_dual_cosine_w5k_lam1p25', ('training', 'cross_task_lambda'): 1.25, ('training', 'cross_task_type'): 'cosine', ('training', 'cross_task_warmup_iters'): 5000}
Resolved base cfg vars {'seed': 42, ('model', 'segmentation_args', 'projection_mode'): 'dual', ('model', 'variant'): 'ct_dual_cosine_w5k_lam1p25', ('training', 'cross_task_lambda'): 1.25, ('training', 'cross_task_type'): 'cosine', ('training', 'cross_task_warmup_iters'): 5000}
Resolved vars {('config', 'general', 'tag'): 'cityscapes_pad_ct_dual_cosine_w5k_lam1p25_D372_S42', 'seed': 42, ('model', 'segmentation_args', 'projection_mode'): 'dual', ('model', 'variant'): 'ct_dual_cosine_w5k_lam1p25', ('training', 'cross_task_lambda'): 1.25, ('training', 'cross_task_type'): 'cosine', ('training', 'cross_task_warmup_iters'): 5000}
