exp 220 run 18,19,20: dual_cosine_w0_lam0p75 (3 seeds, 40h)
Start experiment cityscapes_joint_220
Run ID: cityscapes_joint_220_2026-03-28_05-07-21
Resolved base cfg vars {'seed': 7, ('model', 'segmentation_args', 'projection_mode'): 'single', ('model', 'variant'): 'ct_single_cosine_w0_lam0p75', ('training', 'cross_task_lambda'): 0.75, ('training', 'cross_task_type'): 'cosine', ('training', 'cross_task_warmup_iters'): 0}
Resolved vars {('config', 'general', 'tag'): 'cityscapes_pad_ct_single_cosine_w0_lam0p75_D372_S7', 'seed': 7, ('model', 'segmentation_args', 'projection_mode'): 'single', ('model', 'variant'): 'ct_single_cosine_w0_lam0p75', ('training', 'cross_task_lambda'): 0.75, ('training', 'cross_task_type'): 'cosine', ('training', 'cross_task_warmup_iters'): 0}
Resolved base cfg vars {'seed': 25, ('model', 'segmentation_args', 'projection_mode'): 'single', ('model', 'variant'): 'ct_single_cosine_w0_lam0p75', ('training', 'cross_task_lambda'): 0.75, ('training', 'cross_task_type'): 'cosine', ('training', 'cross_task_warmup_iters'): 0}
Resolved vars {('config', 'general', 'tag'): 'cityscapes_pad_ct_single_cosine_w0_lam0p75_D372_S25', 'seed': 25, ('model', 'segmentation_args', 'projection_mode'): 'single', ('model', 'variant'): 'ct_single_cosine_w0_lam0p75', ('training', 'cross_task_lambda'): 0.75, ('training', 'cross_task_type'): 'cosine', ('training', 'cross_task_warmup_iters'): 0}
Resolved base cfg vars {'seed': 42, ('model', 'segmentation_args', 'projection_mode'): 'single', ('model', 'variant'): 'ct_single_cosine_w0_lam0p75', ('training', 'cross_task_lambda'): 0.75, ('training', 'cross_task_type'): 'cosine', ('training', 'cross_task_warmup_iters'): 0}
Resolved vars {('config', 'general', 'tag'): 'cityscapes_pad_ct_single_cosine_w0_lam0p75_D372_S42', 'seed': 42, ('model', 'segmentation_args', 'projection_mode'): 'single', ('model', 'variant'): 'ct_single_cosine_w0_lam0p75', ('training', 'cross_task_lambda'): 0.75, ('training', 'cross_task_type'): 'cosine', ('training', 'cross_task_warmup_iters'): 0}
Resolved base cfg vars {'seed': 7, ('model', 'segmentation_args', 'projection_mode'): 'single', ('model', 'variant'): 'ct_single_cosine_w0_lam1p00', ('training', 'cross_task_lambda'): 1.0, ('training', 'cross_task_type'): 'cosine', ('training', 'cross_task_warmup_iters'): 0}
Resolved vars {('config', 'general', 'tag'): 'cityscapes_pad_ct_single_cosine_w0_lam1p00_D372_S7', 'seed': 7, ('model', 'segmentation_args', 'projection_mode'): 'single', ('model', 'variant'): 'ct_single_cosine_w0_lam1p00', ('training', 'cross_task_lambda'): 1.0, ('training', 'cross_task_type'): 'cosine', ('training', 'cross_task_warmup_iters'): 0}
Resolved base cfg vars {'seed': 25, ('model', 'segmentation_args', 'projection_mode'): 'single', ('model', 'variant'): 'ct_single_cosine_w0_lam1p00', ('training', 'cross_task_lambda'): 1.0, ('training', 'cross_task_type'): 'cosine', ('training', 'cross_task_warmup_iters'): 0}
Resolved vars {('config', 'general', 'tag'): 'cityscapes_pad_ct_single_cosine_w0_lam1p00_D372_S25', 'seed': 25, ('model', 'segmentation_args', 'projection_mode'): 'single', ('model', 'variant'): 'ct_single_cosine_w0_lam1p00', ('training', 'cross_task_lambda'): 1.0, ('training', 'cross_task_type'): 'cosine', ('training', 'cross_task_warmup_iters'): 0}
Resolved base cfg vars {'seed': 42, ('model', 'segmentation_args', 'projection_mode'): 'single', ('model', 'variant'): 'ct_single_cosine_w0_lam1p00', ('training', 'cross_task_lambda'): 1.0, ('training', 'cross_task_type'): 'cosine', ('training', 'cross_task_warmup_iters'): 0}
Resolved vars {('config', 'general', 'tag'): 'cityscapes_pad_ct_single_cosine_w0_lam1p00_D372_S42', 'seed': 42, ('model', 'segmentation_args', 'projection_mode'): 'single', ('model', 'variant'): 'ct_single_cosine_w0_lam1p00', ('training', 'cross_task_lambda'): 1.0, ('training', 'cross_task_type'): 'cosine', ('training', 'cross_task_warmup_iters'): 0}
Resolved base cfg vars {'seed': 7, ('model', 'segmentation_args', 'projection_mode'): 'single', ('model', 'variant'): 'ct_single_cosine_w0_lam1p25', ('training', 'cross_task_lambda'): 1.25, ('training', 'cross_task_type'): 'cosine', ('training', 'cross_task_warmup_iters'): 0}
Resolved vars {('config', 'general', 'tag'): 'cityscapes_pad_ct_single_cosine_w0_lam1p25_D372_S7', 'seed': 7, ('model', 'segmentation_args', 'projection_mode'): 'single', ('model', 'variant'): 'ct_single_cosine_w0_lam1p25', ('training', 'cross_task_lambda'): 1.25, ('training', 'cross_task_type'): 'cosine', ('training', 'cross_task_warmup_iters'): 0}
Resolved base cfg vars {'seed': 25, ('model', 'segmentation_args', 'projection_mode'): 'single', ('model', 'variant'): 'ct_single_cosine_w0_lam1p25', ('training', 'cross_task_lambda'): 1.25, ('training', 'cross_task_type'): 'cosine', ('training', 'cross_task_warmup_iters'): 0}
Resolved vars {('config', 'general', 'tag'): 'cityscapes_pad_ct_single_cosine_w0_lam1p25_D372_S25', 'seed': 25, ('model', 'segmentation_args', 'projection_mode'): 'single', ('model', 'variant'): 'ct_single_cosine_w0_lam1p25', ('training', 'cross_task_lambda'): 1.25, ('training', 'cross_task_type'): 'cosine', ('training', 'cross_task_warmup_iters'): 0}
Resolved base cfg vars {'seed': 42, ('model', 'segmentation_args', 'projection_mode'): 'single', ('model', 'variant'): 'ct_single_cosine_w0_lam1p25', ('training', 'cross_task_lambda'): 1.25, ('training', 'cross_task_type'): 'cosine', ('training', 'cross_task_warmup_iters'): 0}
Resolved vars {('config', 'general', 'tag'): 'cityscapes_pad_ct_single_cosine_w0_lam1p25_D372_S42', 'seed': 42, ('model', 'segmentation_args', 'projection_mode'): 'single', ('model', 'variant'): 'ct_single_cosine_w0_lam1p25', ('training', 'cross_task_lambda'): 1.25, ('training', 'cross_task_type'): 'cosine', ('training', 'cross_task_warmup_iters'): 0}
Resolved base cfg vars {'seed': 7, ('model', 'segmentation_args', 'projection_mode'): 'single', ('model', 'variant'): 'ct_single_mse_w5k_lam1p00', ('training', 'cross_task_lambda'): 1.0, ('training', 'cross_task_type'): 'mse', ('training', 'cross_task_warmup_iters'): 5000}
Resolved vars {('config', 'general', 'tag'): 'cityscapes_pad_ct_single_mse_w5k_lam1p00_D372_S7', 'seed': 7, ('model', 'segmentation_args', 'projection_mode'): 'single', ('model', 'variant'): 'ct_single_mse_w5k_lam1p00', ('training', 'cross_task_lambda'): 1.0, ('training', 'cross_task_type'): 'mse', ('training', 'cross_task_warmup_iters'): 5000}
Resolved base cfg vars {'seed': 25, ('model', 'segmentation_args', 'projection_mode'): 'single', ('model', 'variant'): 'ct_single_mse_w5k_lam1p00', ('training', 'cross_task_lambda'): 1.0, ('training', 'cross_task_type'): 'mse', ('training', 'cross_task_warmup_iters'): 5000}
Resolved vars {('config', 'general', 'tag'): 'cityscapes_pad_ct_single_mse_w5k_lam1p00_D372_S25', 'seed': 25, ('model', 'segmentation_args', 'projection_mode'): 'single', ('model', 'variant'): 'ct_single_mse_w5k_lam1p00', ('training', 'cross_task_lambda'): 1.0, ('training', 'cross_task_type'): 'mse', ('training', 'cross_task_warmup_iters'): 5000}
Resolved base cfg vars {'seed': 42, ('model', 'segmentation_args', 'projection_mode'): 'single', ('model', 'variant'): 'ct_single_mse_w5k_lam1p00', ('training', 'cross_task_lambda'): 1.0, ('training', 'cross_task_type'): 'mse', ('training', 'cross_task_warmup_iters'): 5000}
Resolved vars {('config', 'general', 'tag'): 'cityscapes_pad_ct_single_mse_w5k_lam1p00_D372_S42', 'seed': 42, ('model', 'segmentation_args', 'projection_mode'): 'single', ('model', 'variant'): 'ct_single_mse_w5k_lam1p00', ('training', 'cross_task_lambda'): 1.0, ('training', 'cross_task_type'): 'mse', ('training', 'cross_task_warmup_iters'): 5000}
Resolved base cfg vars {'seed': 7, ('model', 'segmentation_args', 'projection_mode'): 'single', ('model', 'variant'): 'ct_single_mse_w0_lam1p00', ('training', 'cross_task_lambda'): 1.0, ('training', 'cross_task_type'): 'mse', ('training', 'cross_task_warmup_iters'): 0}
Resolved vars {('config', 'general', 'tag'): 'cityscapes_pad_ct_single_mse_w0_lam1p00_D372_S7', 'seed': 7, ('model', 'segmentation_args', 'projection_mode'): 'single', ('model', 'variant'): 'ct_single_mse_w0_lam1p00', ('training', 'cross_task_lambda'): 1.0, ('training', 'cross_task_type'): 'mse', ('training', 'cross_task_warmup_iters'): 0}
Resolved base cfg vars {'seed': 25, ('model', 'segmentation_args', 'projection_mode'): 'single', ('model', 'variant'): 'ct_single_mse_w0_lam1p00', ('training', 'cross_task_lambda'): 1.0, ('training', 'cross_task_type'): 'mse', ('training', 'cross_task_warmup_iters'): 0}
Resolved vars {('config', 'general', 'tag'): 'cityscapes_pad_ct_single_mse_w0_lam1p00_D372_S25', 'seed': 25, ('model', 'segmentation_args', 'projection_mode'): 'single', ('model', 'variant'): 'ct_single_mse_w0_lam1p00', ('training', 'cross_task_lambda'): 1.0, ('training', 'cross_task_type'): 'mse', ('training', 'cross_task_warmup_iters'): 0}
Resolved base cfg vars {'seed': 42, ('model', 'segmentation_args', 'projection_mode'): 'single', ('model', 'variant'): 'ct_single_mse_w0_lam1p00', ('training', 'cross_task_lambda'): 1.0, ('training', 'cross_task_type'): 'mse', ('training', 'cross_task_warmup_iters'): 0}
Resolved vars {('config', 'general', 'tag'): 'cityscapes_pad_ct_single_mse_w0_lam1p00_D372_S42', 'seed': 42, ('model', 'segmentation_args', 'projection_mode'): 'single', ('model', 'variant'): 'ct_single_mse_w0_lam1p00', ('training', 'cross_task_lambda'): 1.0, ('training', 'cross_task_type'): 'mse', ('training', 'cross_task_warmup_iters'): 0}
Resolved base cfg vars {'seed': 7, ('model', 'segmentation_args', 'projection_mode'): 'dual', ('model', 'variant'): 'ct_dual_cosine_w0_lam0p50', ('training', 'cross_task_lambda'): 0.5, ('training', 'cross_task_type'): 'cosine', ('training', 'cross_task_warmup_iters'): 0}
Resolved vars {('config', 'general', 'tag'): 'cityscapes_pad_ct_dual_cosine_w0_lam0p50_D372_S7', 'seed': 7, ('model', 'segmentation_args', 'projection_mode'): 'dual', ('model', 'variant'): 'ct_dual_cosine_w0_lam0p50', ('training', 'cross_task_lambda'): 0.5, ('training', 'cross_task_type'): 'cosine', ('training', 'cross_task_warmup_iters'): 0}
Resolved base cfg vars {'seed': 25, ('model', 'segmentation_args', 'projection_mode'): 'dual', ('model', 'variant'): 'ct_dual_cosine_w0_lam0p50', ('training', 'cross_task_lambda'): 0.5, ('training', 'cross_task_type'): 'cosine', ('training', 'cross_task_warmup_iters'): 0}
Resolved vars {('config', 'general', 'tag'): 'cityscapes_pad_ct_dual_cosine_w0_lam0p50_D372_S25', 'seed': 25, ('model', 'segmentation_args', 'projection_mode'): 'dual', ('model', 'variant'): 'ct_dual_cosine_w0_lam0p50', ('training', 'cross_task_lambda'): 0.5, ('training', 'cross_task_type'): 'cosine', ('training', 'cross_task_warmup_iters'): 0}
Resolved base cfg vars {'seed': 42, ('model', 'segmentation_args', 'projection_mode'): 'dual', ('model', 'variant'): 'ct_dual_cosine_w0_lam0p50', ('training', 'cross_task_lambda'): 0.5, ('training', 'cross_task_type'): 'cosine', ('training', 'cross_task_warmup_iters'): 0}
Resolved vars {('config', 'general', 'tag'): 'cityscapes_pad_ct_dual_cosine_w0_lam0p50_D372_S42', 'seed': 42, ('model', 'segmentation_args', 'projection_mode'): 'dual', ('model', 'variant'): 'ct_dual_cosine_w0_lam0p50', ('training', 'cross_task_lambda'): 0.5, ('training', 'cross_task_type'): 'cosine', ('training', 'cross_task_warmup_iters'): 0}
Resolved base cfg vars {'seed': 7, ('model', 'segmentation_args', 'projection_mode'): 'dual', ('model', 'variant'): 'ct_dual_cosine_w0_lam0p75', ('training', 'cross_task_lambda'): 0.75, ('training', 'cross_task_type'): 'cosine', ('training', 'cross_task_warmup_iters'): 0}
Resolved vars {('config', 'general', 'tag'): 'cityscapes_pad_ct_dual_cosine_w0_lam0p75_D372_S7', 'seed': 7, ('model', 'segmentation_args', 'projection_mode'): 'dual', ('model', 'variant'): 'ct_dual_cosine_w0_lam0p75', ('training', 'cross_task_lambda'): 0.75, ('training', 'cross_task_type'): 'cosine', ('training', 'cross_task_warmup_iters'): 0}
Dispatch job 18_tag=cityscapes_pad_ct_dual_cosine_w0_lam0p75_D372_S7
Start 2026-03-28_05-07-2118_tag=cityscapes_pad_ct_dual_cosine_w0_lam0p75_D372_S7
RUNDIR: /user/work/ig23200/sde_seg/logs//cityscapes_joint_220/2026-03-28_05-07-2118_tag=cityscapes_pad_ct_dual_cosine_w0_lam0p75_D372_S7
Restrict subset from 2975 to 372 images ...
Use image subset [0, 2, 24, 26, 34, 36, 60, 70, 71, 87, 99, 118, 121, 125, 131, 142, 151, 172, 180, 186, 190, 194, 203, 206, 224, 226, 241, 259, 278, 280, 296, 305, 314, 318, 325, 340, 356, 361, 372, 375, 377, 386, 400, 412, 414, 415, 419, 420, 423, 426, 427, 429, 430, 433, 450, 454, 468, 474, 502, 513, 514, 523, 526, 536, 539, 547, 561, 562, 580, 582, 584, 587, 592, 603, 619, 632, 637, 643, 658, 661, 664, 666, 672, 674, 690, 699, 701, 704, 705, 707, 716, 717, 718, 727, 729, 732, 735, 746, 752, 757, 760, 795, 802, 803, 832, 836, 840, 842, 845, 847, 858, 863, 864, 879, 890, 895, 921, 928, 939, 945, 961, 964, 977, 979, 983, 992, 997, 1002, 1039, 1054, 1057, 1061, 1070, 1084, 1104, 1109, 1123, 1135, 1140, 1141, 1144, 1151, 1153, 1165, 1167, 1171, 1181, 1209, 1210, 1222, 1224, 1227, 1228, 1235, 1251, 1263, 1267, 1281, 1283, 1292, 1294, 1303, 1308, 1313, 1324, 1332, 1338, 1351, 1354, 1363, 1364, 1365, 1381, 1396, 1420, 1421, 1428, 1434, 1443, 1448, 1455, 1458, 1470, 1476, 1477, 1483, 1487, 1490, 1495, 1496, 1512, 1524, 1533, 1538, 1545, 1559, 1578, 1584, 1587, 1611, 1617, 1647, 1670, 1675, 1678, 1681, 1682, 1695, 1697, 1703, 1705, 1714, 1715, 1730, 1731, 1751, 1755, 1761, 1766, 1769, 1777, 1782, 1792, 1795, 1805, 1813, 1830, 1853, 1854, 1863, 1875, 1876, 1879, 1898, 1914, 1915, 1939, 1958, 1979, 1982, 1992, 2008, 2014, 2043, 2047, 2052, 2081, 2085, 2087, 2092, 2099, 2106, 2112, 2114, 2116, 2130, 2132, 2134, 2146, 2159, 2160, 2165, 2194, 2196, 2202, 2203, 2205, 2208, 2211, 2212, 2218, 2224, 2234, 2237, 2240, 2248, 2253, 2263, 2271, 2282, 2284, 2285, 2288, 2293, 2335, 2350, 2360, 2361, 2369, 2385, 2402, 2417, 2426, 2430, 2437, 2443, 2444, 2455, 2461, 2465, 2489, 2503, 2510, 2522, 2535, 2547, 2548, 2555, 2556, 2559, 2561, 2568, 2582, 2591, 2592, 2599, 2607, 2611, 2620, 2623, 2625, 2628, 2629, 2643, 2645, 2653, 2665, 2671, 2679, 2690, 2698, 2700, 2701, 2703, 2706, 2724, 2729, 2734, 2741, 2742, 2744, 2747, 2755, 2762, 2768, 2781, 2787, 2790, 2795, 2798, 2802, 2809, 2817, 2825, 2830, 2835, 2841, 2843, 2844, 2868, 2885, 2887, 2890, 2925, 2928, 2936, 2949, 2961, 2970, 2971, 2972, 2973] with class frequencies:
Keep 372 images
Found 372 train images
Restrict subset from 2975 to 372 images ...
Use image subset [0, 2, 24, 26, 34, 36, 60, 70, 71, 87, 99, 118, 121, 125, 131, 142, 151, 172, 180, 186, 190, 194, 203, 206, 224, 226, 241, 259, 278, 280, 296, 305, 314, 318, 325, 340, 356, 361, 372, 375, 377, 386, 400, 412, 414, 415, 419, 420, 423, 426, 427, 429, 430, 433, 450, 454, 468, 474, 502, 513, 514, 523, 526, 536, 539, 547, 561, 562, 580, 582, 584, 587, 592, 603, 619, 632, 637, 643, 658, 661, 664, 666, 672, 674, 690, 699, 701, 704, 705, 707, 716, 717, 718, 727, 729, 732, 735, 746, 752, 757, 760, 795, 802, 803, 832, 836, 840, 842, 845, 847, 858, 863, 864, 879, 890, 895, 921, 928, 939, 945, 961, 964, 977, 979, 983, 992, 997, 1002, 1039, 1054, 1057, 1061, 1070, 1084, 1104, 1109, 1123, 1135, 1140, 1141, 1144, 1151, 1153, 1165, 1167, 1171, 1181, 1209, 1210, 1222, 1224, 1227, 1228, 1235, 1251, 1263, 1267, 1281, 1283, 1292, 1294, 1303, 1308, 1313, 1324, 1332, 1338, 1351, 1354, 1363, 1364, 1365, 1381, 1396, 1420, 1421, 1428, 1434, 1443, 1448, 1455, 1458, 1470, 1476, 1477, 1483, 1487, 1490, 1495, 1496, 1512, 1524, 1533, 1538, 1545, 1559, 1578, 1584, 1587, 1611, 1617, 1647, 1670, 1675, 1678, 1681, 1682, 1695, 1697, 1703, 1705, 1714, 1715, 1730, 1731, 1751, 1755, 1761, 1766, 1769, 1777, 1782, 1792, 1795, 1805, 1813, 1830, 1853, 1854, 1863, 1875, 1876, 1879, 1898, 1914, 1915, 1939, 1958, 1979, 1982, 1992, 2008, 2014, 2043, 2047, 2052, 2081, 2085, 2087, 2092, 2099, 2106, 2112, 2114, 2116, 2130, 2132, 2134, 2146, 2159, 2160, 2165, 2194, 2196, 2202, 2203, 2205, 2208, 2211, 2212, 2218, 2224, 2234, 2237, 2240, 2248, 2253, 2263, 2271, 2282, 2284, 2285, 2288, 2293, 2335, 2350, 2360, 2361, 2369, 2385, 2402, 2417, 2426, 2430, 2437, 2443, 2444, 2455, 2461, 2465, 2489, 2503, 2510, 2522, 2535, 2547, 2548, 2555, 2556, 2559, 2561, 2568, 2582, 2591, 2592, 2599, 2607, 2611, 2620, 2623, 2625, 2628, 2629, 2643, 2645, 2653, 2665, 2671, 2679, 2690, 2698, 2700, 2701, 2703, 2706, 2724, 2729, 2734, 2741, 2742, 2744, 2747, 2755, 2762, 2768, 2781, 2787, 2790, 2795, 2798, 2802, 2809, 2817, 2825, 2830, 2835, 2841, 2843, 2844, 2868, 2885, 2887, 2890, 2925, 2928, 2936, 2949, 2961, 2970, 2971, 2972, 2973] with class frequencies:
Keep 2975 images
Found 2975 train images
Found 500 val images
Load mono_cityscapes_1024x512_r101dil_aspp_dec6_lr5_fd2_crop512x512bs4 weights
Load mono_cityscapes_1024x512_r101dil_aspp_dec6_lr5_fd2_crop512x512bs4depth weights
Load mono_cityscapes_1024x512_r101dil_aspp_dec6_lr5_fd2_crop512x512bs4depth weights
Create segmentation ema model.
Load mono_cityscapes_1024x512_r101dil_aspp_dec6_lr5_fd2_crop512x512bs4 weights
Load mono_cityscapes_1024x512_r101dil_aspp_dec6_lr5_fd2_crop512x512bs4depth weights
Load mono_cityscapes_1024x512_r101dil_aspp_dec6_lr5_fd2_crop512x512bs4depth weights
PAD run first half of decoder ([4, 3, 2]).
bottleneck shape torch.Size([2, 2048, 32, 32])
upconv4-0 shape: torch.Size([2, 256, 32, 32])
concatenated features shape: torch.Size([2, 1280, 32, 32])
upconv4-1 shape: torch.Size([2, 256, 32, 32])
upconv3-0 shape: torch.Size([2, 256, 32, 32])
concatenated features shape: torch.Size([2, 768, 64, 64])
upconv3-1 shape: torch.Size([2, 256, 64, 64])
disp3 shape: torch.Size([2, 1, 64, 64]), expected [64 64]
upconv2-0 shape: torch.Size([2, 128, 64, 64])
concatenated features shape: torch.Size([2, 384, 128, 128])
upconv2-1 shape: torch.Size([2, 128, 128, 128])
disp2 shape: torch.Size([2, 1, 128, 128]), expected [128 128]
bottleneck shape torch.Size([2, 2048, 32, 32])
upconv4-0 shape: torch.Size([2, 256, 32, 32])
concatenated features shape: torch.Size([2, 1280, 32, 32])
upconv4-1 shape: torch.Size([2, 256, 32, 32])
upconv3-0 shape: torch.Size([2, 256, 32, 32])
concatenated features shape: torch.Size([2, 768, 64, 64])
upconv3-1 shape: torch.Size([2, 256, 64, 64])
upconv2-0 shape: torch.Size([2, 128, 64, 64])
concatenated features shape: torch.Size([2, 384, 128, 128])
upconv2-1 shape: torch.Size([2, 128, 128, 128])
PAD self attention for ('upconv', 2) with shape torch.Size([2, 128, 128, 128]).
PAD run second half of decoder ([1, 0]).
bottleneck shape torch.Size([2, 128, 128, 128])
upconv1-0 shape: torch.Size([2, 128, 128, 128])
concatenated features shape: torch.Size([2, 192, 256, 256])
upconv1-1 shape: torch.Size([2, 128, 256, 256])
disp1 shape: torch.Size([2, 1, 256, 256]), expected [256 256]
upconv0-0 shape: torch.Size([2, 64, 256, 256])
concatenated features shape: torch.Size([2, 64, 512, 512])
upconv0-1 shape: torch.Size([2, 64, 512, 512])
disp0 shape: torch.Size([2, 1, 512, 512]), expected [512 512]
WARN get_lr: optimizer has more than one param group
Overall Acc: 	 0.7942719048932885
Mean Acc : 	 0.2565257929093782
FreqW Acc : 	 0.6881401263642124
Mean IoU : 	 0.19945450790699254
WARN get_lr: optimizer has more than one param group
WARN get_lr: optimizer has more than one param group
WARN get_lr: optimizer has more than one param group
WARN get_lr: optimizer has more than one param group
WARN get_lr: optimizer has more than one param group
WARN get_lr: optimizer has more than one param group
WARN get_lr: optimizer has more than one param group
WARN get_lr: optimizer has more than one param group
WARN get_lr: optimizer has more than one param group
WARN get_lr: optimizer has more than one param group
WARN get_lr: optimizer has more than one param group
WARN get_lr: optimizer has more than one param group
WARN get_lr: optimizer has more than one param group
WARN get_lr: optimizer has more than one param group
WARN get_lr: optimizer has more than one param group
WARN get_lr: optimizer has more than one param group
WARN get_lr: optimizer has more than one param group
WARN get_lr: optimizer has more than one param group
WARN get_lr: optimizer has more than one param group
WARN get_lr: optimizer has more than one param group
WARN get_lr: optimizer has more than one param group
WARN get_lr: optimizer has more than one param group
WARN get_lr: optimizer has more than one param group
WARN get_lr: optimizer has more than one param group
Overall Acc: 	 0.9153561366973753
Mean Acc : 	 0.5493419178868257
FreqW Acc : 	 0.8520468156946178
Mean IoU : 	 0.4606601854586108
WARN get_lr: optimizer has more than one param group
WARN get_lr: optimizer has more than one param group
WARN get_lr: optimizer has more than one param group
WARN get_lr: optimizer has more than one param group
WARN get_lr: optimizer has more than one param group
WARN get_lr: optimizer has more than one param group
WARN get_lr: optimizer has more than one param group
WARN get_lr: optimizer has more than one param group
WARN get_lr: optimizer has more than one param group
WARN get_lr: optimizer has more than one param group
WARN get_lr: optimizer has more than one param group
WARN get_lr: optimizer has more than one param group
WARN get_lr: optimizer has more than one param group
WARN get_lr: optimizer has more than one param group
WARN get_lr: optimizer has more than one param group
WARN get_lr: optimizer has more than one param group
WARN get_lr: optimizer has more than one param group
WARN get_lr: optimizer has more than one param group
WARN get_lr: optimizer has more than one param group
WARN get_lr: optimizer has more than one param group
WARN get_lr: optimizer has more than one param group
WARN get_lr: optimizer has more than one param group
WARN get_lr: optimizer has more than one param group
WARN get_lr: optimizer has more than one param group
WARN get_lr: optimizer has more than one param group
Overall Acc: 	 0.925527828342669
Mean Acc : 	 0.6344850558975457
FreqW Acc : 	 0.8705294184480612
Mean IoU : 	 0.5243551241818419
WARN get_lr: optimizer has more than one param group
WARN get_lr: optimizer has more than one param group
WARN get_lr: optimizer has more than one param group
WARN get_lr: optimizer has more than one param group
WARN get_lr: optimizer has more than one param group
WARN get_lr: optimizer has more than one param group
WARN get_lr: optimizer has more than one param group
WARN get_lr: optimizer has more than one param group
WARN get_lr: optimizer has more than one param group
WARN get_lr: optimizer has more than one param group
WARN get_lr: optimizer has more than one param group
WARN get_lr: optimizer has more than one param group
WARN get_lr: optimizer has more than one param group
WARN get_lr: optimizer has more than one param group
WARN get_lr: optimizer has more than one param group
WARN get_lr: optimizer has more than one param group
WARN get_lr: optimizer has more than one param group
WARN get_lr: optimizer has more than one param group
WARN get_lr: optimizer has more than one param group
WARN get_lr: optimizer has more than one param group
WARN get_lr: optimizer has more than one param group
WARN get_lr: optimizer has more than one param group
WARN get_lr: optimizer has more than one param group
WARN get_lr: optimizer has more than one param group
WARN get_lr: optimizer has more than one param group
Overall Acc: 	 0.9303359798090722
Mean Acc : 	 0.6428699556928251
FreqW Acc : 	 0.8762192988868998
Mean IoU : 	 0.5529299617995741
WARN get_lr: optimizer has more than one param group
WARN get_lr: optimizer has more than one param group
WARN get_lr: optimizer has more than one param group
WARN get_lr: optimizer has more than one param group
WARN get_lr: optimizer has more than one param group
WARN get_lr: optimizer has more than one param group
WARN get_lr: optimizer has more than one param group
WARN get_lr: optimizer has more than one param group
WARN get_lr: optimizer has more than one param group
WARN get_lr: optimizer has more than one param group
WARN get_lr: optimizer has more than one param group
WARN get_lr: optimizer has more than one param group
WARN get_lr: optimizer has more than one param group
WARN get_lr: optimizer has more than one param group
WARN get_lr: optimizer has more than one param group
WARN get_lr: optimizer has more than one param group
WARN get_lr: optimizer has more than one param group
WARN get_lr: optimizer has more than one param group
WARN get_lr: optimizer has more than one param group
WARN get_lr: optimizer has more than one param group
WARN get_lr: optimizer has more than one param group
WARN get_lr: optimizer has more than one param group
WARN get_lr: optimizer has more than one param group
WARN get_lr: optimizer has more than one param group
WARN get_lr: optimizer has more than one param group
Overall Acc: 	 0.9310188495868391
Mean Acc : 	 0.6455711005704069
FreqW Acc : 	 0.8771666265732002
Mean IoU : 	 0.5585908891260546
WARN get_lr: optimizer has more than one param group
WARN get_lr: optimizer has more than one param group
WARN get_lr: optimizer has more than one param group
WARN get_lr: optimizer has more than one param group
WARN get_lr: optimizer has more than one param group
WARN get_lr: optimizer has more than one param group
WARN get_lr: optimizer has more than one param group
WARN get_lr: optimizer has more than one param group
WARN get_lr: optimizer has more than one param group
WARN get_lr: optimizer has more than one param group
WARN get_lr: optimizer has more than one param group
WARN get_lr: optimizer has more than one param group
WARN get_lr: optimizer has more than one param group
WARN get_lr: optimizer has more than one param group
WARN get_lr: optimizer has more than one param group
WARN get_lr: optimizer has more than one param group
WARN get_lr: optimizer has more than one param group
WARN get_lr: optimizer has more than one param group
WARN get_lr: optimizer has more than one param group
WARN get_lr: optimizer has more than one param group
WARN get_lr: optimizer has more than one param group
WARN get_lr: optimizer has more than one param group
WARN get_lr: optimizer has more than one param group
WARN get_lr: optimizer has more than one param group
WARN get_lr: optimizer has more than one param group
Overall Acc: 	 0.9332661074254142
Mean Acc : 	 0.6571439031977111
FreqW Acc : 	 0.8805589533361632
Mean IoU : 	 0.5674791778471663
WARN get_lr: optimizer has more than one param group
WARN get_lr: optimizer has more than one param group
WARN get_lr: optimizer has more than one param group
WARN get_lr: optimizer has more than one param group
WARN get_lr: optimizer has more than one param group
WARN get_lr: optimizer has more than one param group
WARN get_lr: optimizer has more than one param group
WARN get_lr: optimizer has more than one param group
WARN get_lr: optimizer has more than one param group
WARN get_lr: optimizer has more than one param group
WARN get_lr: optimizer has more than one param group
WARN get_lr: optimizer has more than one param group
WARN get_lr: optimizer has more than one param group
WARN get_lr: optimizer has more than one param group
WARN get_lr: optimizer has more than one param group
WARN get_lr: optimizer has more than one param group
WARN get_lr: optimizer has more than one param group
WARN get_lr: optimizer has more than one param group
WARN get_lr: optimizer has more than one param group
WARN get_lr: optimizer has more than one param group
WARN get_lr: optimizer has more than one param group
WARN get_lr: optimizer has more than one param group
WARN get_lr: optimizer has more than one param group
WARN get_lr: optimizer has more than one param group
WARN get_lr: optimizer has more than one param group
Overall Acc: 	 0.9336639322807738
Mean Acc : 	 0.6754063965171196
FreqW Acc : 	 0.8817960500548891
Mean IoU : 	 0.5825637305029858
WARN get_lr: optimizer has more than one param group
WARN get_lr: optimizer has more than one param group
WARN get_lr: optimizer has more than one param group
WARN get_lr: optimizer has more than one param group
WARN get_lr: optimizer has more than one param group
WARN get_lr: optimizer has more than one param group
WARN get_lr: optimizer has more than one param group
WARN get_lr: optimizer has more than one param group
WARN get_lr: optimizer has more than one param group
WARN get_lr: optimizer has more than one param group
WARN get_lr: optimizer has more than one param group
WARN get_lr: optimizer has more than one param group
WARN get_lr: optimizer has more than one param group
WARN get_lr: optimizer has more than one param group
WARN get_lr: optimizer has more than one param group
WARN get_lr: optimizer has more than one param group
WARN get_lr: optimizer has more than one param group
WARN get_lr: optimizer has more than one param group
WARN get_lr: optimizer has more than one param group
WARN get_lr: optimizer has more than one param group
WARN get_lr: optimizer has more than one param group
WARN get_lr: optimizer has more than one param group
WARN get_lr: optimizer has more than one param group
WARN get_lr: optimizer has more than one param group
WARN get_lr: optimizer has more than one param group
Overall Acc: 	 0.9339534617028937
Mean Acc : 	 0.6834744428315894
FreqW Acc : 	 0.8826963708104385
Mean IoU : 	 0.5894509432888366
WARN get_lr: optimizer has more than one param group
WARN get_lr: optimizer has more than one param group
WARN get_lr: optimizer has more than one param group
WARN get_lr: optimizer has more than one param group
WARN get_lr: optimizer has more than one param group
WARN get_lr: optimizer has more than one param group
WARN get_lr: optimizer has more than one param group
WARN get_lr: optimizer has more than one param group
WARN get_lr: optimizer has more than one param group
WARN get_lr: optimizer has more than one param group
WARN get_lr: optimizer has more than one param group
WARN get_lr: optimizer has more than one param group
WARN get_lr: optimizer has more than one param group
WARN get_lr: optimizer has more than one param group
WARN get_lr: optimizer has more than one param group
WARN get_lr: optimizer has more than one param group
WARN get_lr: optimizer has more than one param group
WARN get_lr: optimizer has more than one param group
WARN get_lr: optimizer has more than one param group
WARN get_lr: optimizer has more than one param group
WARN get_lr: optimizer has more than one param group
WARN get_lr: optimizer has more than one param group
WARN get_lr: optimizer has more than one param group
WARN get_lr: optimizer has more than one param group
WARN get_lr: optimizer has more than one param group
Overall Acc: 	 0.9338930910885692
Mean Acc : 	 0.6730879041239145
FreqW Acc : 	 0.8810413959804292
Mean IoU : 	 0.5855110529022981
WARN get_lr: optimizer has more than one param group
WARN get_lr: optimizer has more than one param group
WARN get_lr: optimizer has more than one param group
WARN get_lr: optimizer has more than one param group
WARN get_lr: optimizer has more than one param group
WARN get_lr: optimizer has more than one param group
WARN get_lr: optimizer has more than one param group
WARN get_lr: optimizer has more than one param group
WARN get_lr: optimizer has more than one param group
WARN get_lr: optimizer has more than one param group
WARN get_lr: optimizer has more than one param group
WARN get_lr: optimizer has more than one param group
WARN get_lr: optimizer has more than one param group
WARN get_lr: optimizer has more than one param group
WARN get_lr: optimizer has more than one param group
WARN get_lr: optimizer has more than one param group
WARN get_lr: optimizer has more than one param group
WARN get_lr: optimizer has more than one param group
WARN get_lr: optimizer has more than one param group
WARN get_lr: optimizer has more than one param group
WARN get_lr: optimizer has more than one param group
WARN get_lr: optimizer has more than one param group
WARN get_lr: optimizer has more than one param group
WARN get_lr: optimizer has more than one param group
WARN get_lr: optimizer has more than one param group
Overall Acc: 	 0.9272304244967664
Mean Acc : 	 0.6817970355482338
FreqW Acc : 	 0.8746262356537522
Mean IoU : 	 0.5775665952499947
WARN get_lr: optimizer has more than one param group
WARN get_lr: optimizer has more than one param group
WARN get_lr: optimizer has more than one param group
WARN get_lr: optimizer has more than one param group
WARN get_lr: optimizer has more than one param group
WARN get_lr: optimizer has more than one param group
WARN get_lr: optimizer has more than one param group
WARN get_lr: optimizer has more than one param group
WARN get_lr: optimizer has more than one param group
WARN get_lr: optimizer has more than one param group
WARN get_lr: optimizer has more than one param group
WARN get_lr: optimizer has more than one param group
WARN get_lr: optimizer has more than one param group
WARN get_lr: optimizer has more than one param group
WARN get_lr: optimizer has more than one param group
WARN get_lr: optimizer has more than one param group
WARN get_lr: optimizer has more than one param group
WARN get_lr: optimizer has more than one param group
WARN get_lr: optimizer has more than one param group
WARN get_lr: optimizer has more than one param group
WARN get_lr: optimizer has more than one param group
WARN get_lr: optimizer has more than one param group
WARN get_lr: optimizer has more than one param group
WARN get_lr: optimizer has more than one param group
WARN get_lr: optimizer has more than one param group
Overall Acc: 	 0.9360458559813474
Mean Acc : 	 0.699102247710503
FreqW Acc : 	 0.8851080722184796
Mean IoU : 	 0.6047187268710641
WARN get_lr: optimizer has more than one param group
WARN get_lr: optimizer has more than one param group
WARN get_lr: optimizer has more than one param group
WARN get_lr: optimizer has more than one param group
WARN get_lr: optimizer has more than one param group
WARN get_lr: optimizer has more than one param group
WARN get_lr: optimizer has more than one param group
WARN get_lr: optimizer has more than one param group
WARN get_lr: optimizer has more than one param group
WARN get_lr: optimizer has more than one param group
WARN get_lr: optimizer has more than one param group
WARN get_lr: optimizer has more than one param group
WARN get_lr: optimizer has more than one param group
WARN get_lr: optimizer has more than one param group
WARN get_lr: optimizer has more than one param group
WARN get_lr: optimizer has more than one param group
WARN get_lr: optimizer has more than one param group
WARN get_lr: optimizer has more than one param group
WARN get_lr: optimizer has more than one param group
WARN get_lr: optimizer has more than one param group
WARN get_lr: optimizer has more than one param group
WARN get_lr: optimizer has more than one param group
WARN get_lr: optimizer has more than one param group
WARN get_lr: optimizer has more than one param group
WARN get_lr: optimizer has more than one param group
Overall Acc: 	 0.9346041198601553
Mean Acc : 	 0.6745802084549272
FreqW Acc : 	 0.8831496795254105
Mean IoU : 	 0.5858472920660756
WARN get_lr: optimizer has more than one param group
WARN get_lr: optimizer has more than one param group
WARN get_lr: optimizer has more than one param group
WARN get_lr: optimizer has more than one param group
WARN get_lr: optimizer has more than one param group
WARN get_lr: optimizer has more than one param group
WARN get_lr: optimizer has more than one param group
WARN get_lr: optimizer has more than one param group
WARN get_lr: optimizer has more than one param group
WARN get_lr: optimizer has more than one param group
WARN get_lr: optimizer has more than one param group
WARN get_lr: optimizer has more than one param group
WARN get_lr: optimizer has more than one param group
WARN get_lr: optimizer has more than one param group
WARN get_lr: optimizer has more than one param group
WARN get_lr: optimizer has more than one param group
WARN get_lr: optimizer has more than one param group
WARN get_lr: optimizer has more than one param group
WARN get_lr: optimizer has more than one param group
WARN get_lr: optimizer has more than one param group
WARN get_lr: optimizer has more than one param group
WARN get_lr: optimizer has more than one param group
WARN get_lr: optimizer has more than one param group
WARN get_lr: optimizer has more than one param group
WARN get_lr: optimizer has more than one param group
Overall Acc: 	 0.9374672242726182
Mean Acc : 	 0.7072644886992397
FreqW Acc : 	 0.8884661191568739
Mean IoU : 	 0.6102980412132585
WARN get_lr: optimizer has more than one param group
WARN get_lr: optimizer has more than one param group
WARN get_lr: optimizer has more than one param group
WARN get_lr: optimizer has more than one param group
WARN get_lr: optimizer has more than one param group
Overall Acc: 	 0.9382918574620263
Mean Acc : 	 0.7074087462413261
FreqW Acc : 	 0.8893304247491186
Mean IoU : 	 0.6175926306770441
WARN get_lr: optimizer has more than one param group
WARN get_lr: optimizer has more than one param group
WARN get_lr: optimizer has more than one param group
WARN get_lr: optimizer has more than one param group
WARN get_lr: optimizer has more than one param group
Overall Acc: 	 0.9383480402166968
Mean Acc : 	 0.7073516488177392
FreqW Acc : 	 0.889226014908999
Mean IoU : 	 0.6187679139581632
WARN get_lr: optimizer has more than one param group
WARN get_lr: optimizer has more than one param group
WARN get_lr: optimizer has more than one param group
WARN get_lr: optimizer has more than one param group
WARN get_lr: optimizer has more than one param group
Overall Acc: 	 0.9387834554748048
Mean Acc : 	 0.7173178402014978
FreqW Acc : 	 0.8901431270274152
Mean IoU : 	 0.6247561793358426
WARN get_lr: optimizer has more than one param group
WARN get_lr: optimizer has more than one param group
WARN get_lr: optimizer has more than one param group
WARN get_lr: optimizer has more than one param group
WARN get_lr: optimizer has more than one param group
Overall Acc: 	 0.9384523222844349
Mean Acc : 	 0.7127009111001615
FreqW Acc : 	 0.8896575486892612
Mean IoU : 	 0.621704635908318
WARN get_lr: optimizer has more than one param group
WARN get_lr: optimizer has more than one param group
WARN get_lr: optimizer has more than one param group
WARN get_lr: optimizer has more than one param group
WARN get_lr: optimizer has more than one param group
Overall Acc: 	 0.9385671961472145
Mean Acc : 	 0.7060050020314247
FreqW Acc : 	 0.8897074641107638
Mean IoU : 	 0.6155957342154001
WARN get_lr: optimizer has more than one param group
WARN get_lr: optimizer has more than one param group
WARN get_lr: optimizer has more than one param group
WARN get_lr: optimizer has more than one param group
WARN get_lr: optimizer has more than one param group
Overall Acc: 	 0.9385382432050025
Mean Acc : 	 0.7027808356888333
FreqW Acc : 	 0.8896902779772863
Mean IoU : 	 0.615192212218384
WARN get_lr: optimizer has more than one param group
WARN get_lr: optimizer has more than one param group
WARN get_lr: optimizer has more than one param group
WARN get_lr: optimizer has more than one param group
WARN get_lr: optimizer has more than one param group
Overall Acc: 	 0.9381717531370329
Mean Acc : 	 0.7133149877692445
FreqW Acc : 	 0.8891765883662707
Mean IoU : 	 0.618823823510609
WARN get_lr: optimizer has more than one param group
WARN get_lr: optimizer has more than one param group
WARN get_lr: optimizer has more than one param group
WARN get_lr: optimizer has more than one param group
WARN get_lr: optimizer has more than one param group
Overall Acc: 	 0.9387960016043516
Mean Acc : 	 0.7137044398957572
FreqW Acc : 	 0.8901511475903983
Mean IoU : 	 0.6212586121224576
WARN get_lr: optimizer has more than one param group
WARN get_lr: optimizer has more than one param group
WARN get_lr: optimizer has more than one param group
WARN get_lr: optimizer has more than one param group
WARN get_lr: optimizer has more than one param group
Overall Acc: 	 0.9382369921382052
Mean Acc : 	 0.708837803494129
FreqW Acc : 	 0.8891644568260674
Mean IoU : 	 0.6170895785712225
WARN get_lr: optimizer has more than one param group
WARN get_lr: optimizer has more than one param group
WARN get_lr: optimizer has more than one param group
WARN get_lr: optimizer has more than one param group
WARN get_lr: optimizer has more than one param group
Overall Acc: 	 0.9387780854172694
Mean Acc : 	 0.7220217073083405
FreqW Acc : 	 0.890469336115962
Mean IoU : 	 0.6271242913150901
WARN get_lr: optimizer has more than one param group
WARN get_lr: optimizer has more than one param group
WARN get_lr: optimizer has more than one param group
WARN get_lr: optimizer has more than one param group
WARN get_lr: optimizer has more than one param group
Overall Acc: 	 0.938406975616619
Mean Acc : 	 0.7111997187025154
FreqW Acc : 	 0.8895086124763615
Mean IoU : 	 0.6195092364640832
WARN get_lr: optimizer has more than one param group
WARN get_lr: optimizer has more than one param group
WARN get_lr: optimizer has more than one param group
WARN get_lr: optimizer has more than one param group
WARN get_lr: optimizer has more than one param group
Overall Acc: 	 0.9385570580369688
Mean Acc : 	 0.7129996383674492
FreqW Acc : 	 0.8895910208587139
Mean IoU : 	 0.6222010045372681
WARN get_lr: optimizer has more than one param group
WARN get_lr: optimizer has more than one param group
WARN get_lr: optimizer has more than one param group
WARN get_lr: optimizer has more than one param group
WARN get_lr: optimizer has more than one param group
Overall Acc: 	 0.9384792423697732
Mean Acc : 	 0.7068080605658963
FreqW Acc : 	 0.8895209113595883
Mean IoU : 	 0.6181064564253319
WARN get_lr: optimizer has more than one param group
WARN get_lr: optimizer has more than one param group
WARN get_lr: optimizer has more than one param group
WARN get_lr: optimizer has more than one param group
WARN get_lr: optimizer has more than one param group
Overall Acc: 	 0.9391058595952085
Mean Acc : 	 0.7156815748030946
FreqW Acc : 	 0.8906666916861481
Mean IoU : 	 0.62318122721146
WARN get_lr: optimizer has more than one param group
WARN get_lr: optimizer has more than one param group
WARN get_lr: optimizer has more than one param group
WARN get_lr: optimizer has more than one param group
WARN get_lr: optimizer has more than one param group
Overall Acc: 	 0.9382257372653852
Mean Acc : 	 0.7063832614753242
FreqW Acc : 	 0.8890971576170249
Mean IoU : 	 0.6169657031375633
WARN get_lr: optimizer has more than one param group
WARN get_lr: optimizer has more than one param group
WARN get_lr: optimizer has more than one param group
WARN get_lr: optimizer has more than one param group
WARN get_lr: optimizer has more than one param group
Overall Acc: 	 0.9384077826520731
Mean Acc : 	 0.7113096341602588
FreqW Acc : 	 0.889884431762117
Mean IoU : 	 0.6180586602627299
WARN get_lr: optimizer has more than one param group
WARN get_lr: optimizer has more than one param group
WARN get_lr: optimizer has more than one param group
WARN get_lr: optimizer has more than one param group
WARN get_lr: optimizer has more than one param group
Overall Acc: 	 0.9390742587042362
Mean Acc : 	 0.7201080924051911
FreqW Acc : 	 0.8908533187969367
Mean IoU : 	 0.6248441142519446
WARN get_lr: optimizer has more than one param group
WARN get_lr: optimizer has more than one param group
WARN get_lr: optimizer has more than one param group
WARN get_lr: optimizer has more than one param group
WARN get_lr: optimizer has more than one param group
Overall Acc: 	 0.9385128455811426
Mean Acc : 	 0.7150416706477362
FreqW Acc : 	 0.8896547355841896
Mean IoU : 	 0.6218217897748943
WARN get_lr: optimizer has more than one param group
WARN get_lr: optimizer has more than one param group
WARN get_lr: optimizer has more than one param group
WARN get_lr: optimizer has more than one param group
WARN get_lr: optimizer has more than one param group
Overall Acc: 	 0.9387523431674588
Mean Acc : 	 0.7161939436245203
FreqW Acc : 	 0.8901839791848555
Mean IoU : 	 0.6234675193412489
WARN get_lr: optimizer has more than one param group
WARN get_lr: optimizer has more than one param group
WARN get_lr: optimizer has more than one param group
WARN get_lr: optimizer has more than one param group
WARN get_lr: optimizer has more than one param group
Overall Acc: 	 0.9386495966482605
Mean Acc : 	 0.713127808161704
FreqW Acc : 	 0.8899170280104679
Mean IoU : 	 0.6218130827833865
Resolved base cfg vars {'seed': 25, ('model', 'segmentation_args', 'projection_mode'): 'dual', ('model', 'variant'): 'ct_dual_cosine_w0_lam0p75', ('training', 'cross_task_lambda'): 0.75, ('training', 'cross_task_type'): 'cosine', ('training', 'cross_task_warmup_iters'): 0}
Resolved vars {('config', 'general', 'tag'): 'cityscapes_pad_ct_dual_cosine_w0_lam0p75_D372_S25', 'seed': 25, ('model', 'segmentation_args', 'projection_mode'): 'dual', ('model', 'variant'): 'ct_dual_cosine_w0_lam0p75', ('training', 'cross_task_lambda'): 0.75, ('training', 'cross_task_type'): 'cosine', ('training', 'cross_task_warmup_iters'): 0}
Dispatch job 19_tag=cityscapes_pad_ct_dual_cosine_w0_lam0p75_D372_S25
Start 2026-03-28_11-54-1019_tag=cityscapes_pad_ct_dual_cosine_w0_lam0p75_D372_S25
RUNDIR: /user/work/ig23200/sde_seg/logs//cityscapes_joint_220/2026-03-28_11-54-1019_tag=cityscapes_pad_ct_dual_cosine_w0_lam0p75_D372_S25
Restrict subset from 2975 to 372 images ...
Use image subset [7, 27, 35, 45, 48, 51, 55, 64, 81, 85, 103, 109, 111, 118, 123, 134, 135, 137, 166, 172, 176, 181, 182, 199, 201, 208, 241, 252, 256, 263, 273, 281, 289, 298, 302, 311, 314, 328, 329, 330, 335, 345, 346, 347, 349, 363, 365, 373, 387, 395, 399, 406, 408, 414, 431, 443, 444, 448, 450, 455, 462, 465, 477, 478, 484, 508, 510, 514, 522, 541, 556, 559, 568, 577, 586, 615, 617, 618, 629, 636, 638, 642, 646, 653, 670, 675, 682, 691, 698, 699, 700, 718, 725, 730, 731, 732, 746, 760, 769, 791, 800, 806, 819, 827, 831, 839, 844, 863, 867, 868, 875, 887, 899, 906, 919, 924, 939, 942, 946, 949, 967, 973, 975, 987, 993, 999, 1000, 1006, 1017, 1020, 1024, 1035, 1038, 1044, 1054, 1058, 1064, 1070, 1076, 1082, 1090, 1094, 1104, 1110, 1115, 1117, 1118, 1147, 1152, 1162, 1166, 1169, 1172, 1180, 1190, 1194, 1204, 1207, 1217, 1219, 1226, 1235, 1261, 1275, 1280, 1293, 1296, 1299, 1303, 1305, 1338, 1340, 1371, 1380, 1384, 1396, 1404, 1413, 1433, 1449, 1452, 1463, 1474, 1488, 1492, 1510, 1520, 1531, 1532, 1533, 1557, 1560, 1566, 1577, 1595, 1597, 1602, 1608, 1624, 1627, 1629, 1640, 1644, 1648, 1657, 1686, 1705, 1711, 1713, 1720, 1724, 1730, 1760, 1766, 1769, 1770, 1779, 1794, 1797, 1803, 1810, 1818, 1827, 1831, 1832, 1837, 1844, 1845, 1849, 1851, 1860, 1876, 1883, 1890, 1901, 1905, 1907, 1908, 1911, 1918, 1926, 1946, 1947, 1950, 1953, 1959, 1971, 1976, 1980, 1981, 1986, 1989, 1999, 2015, 2021, 2022, 2029, 2042, 2043, 2055, 2057, 2080, 2100, 2107, 2109, 2116, 2117, 2124, 2136, 2139, 2151, 2153, 2156, 2160, 2171, 2187, 2188, 2207, 2218, 2223, 2230, 2239, 2245, 2247, 2257, 2267, 2272, 2280, 2284, 2287, 2290, 2291, 2293, 2301, 2302, 2306, 2314, 2326, 2338, 2342, 2355, 2362, 2365, 2373, 2385, 2402, 2404, 2405, 2438, 2444, 2452, 2462, 2468, 2507, 2508, 2510, 2527, 2528, 2546, 2553, 2554, 2558, 2570, 2571, 2580, 2606, 2618, 2625, 2629, 2636, 2649, 2655, 2663, 2679, 2680, 2683, 2695, 2700, 2704, 2711, 2715, 2720, 2722, 2728, 2734, 2738, 2752, 2758, 2759, 2775, 2777, 2782, 2791, 2799, 2809, 2830, 2839, 2843, 2852, 2854, 2856, 2859, 2871, 2890, 2892, 2901, 2921, 2923, 2925, 2950, 2960, 2969] with class frequencies:
Keep 372 images
Found 372 train images
Restrict subset from 2975 to 372 images ...
Use image subset [7, 27, 35, 45, 48, 51, 55, 64, 81, 85, 103, 109, 111, 118, 123, 134, 135, 137, 166, 172, 176, 181, 182, 199, 201, 208, 241, 252, 256, 263, 273, 281, 289, 298, 302, 311, 314, 328, 329, 330, 335, 345, 346, 347, 349, 363, 365, 373, 387, 395, 399, 406, 408, 414, 431, 443, 444, 448, 450, 455, 462, 465, 477, 478, 484, 508, 510, 514, 522, 541, 556, 559, 568, 577, 586, 615, 617, 618, 629, 636, 638, 642, 646, 653, 670, 675, 682, 691, 698, 699, 700, 718, 725, 730, 731, 732, 746, 760, 769, 791, 800, 806, 819, 827, 831, 839, 844, 863, 867, 868, 875, 887, 899, 906, 919, 924, 939, 942, 946, 949, 967, 973, 975, 987, 993, 999, 1000, 1006, 1017, 1020, 1024, 1035, 1038, 1044, 1054, 1058, 1064, 1070, 1076, 1082, 1090, 1094, 1104, 1110, 1115, 1117, 1118, 1147, 1152, 1162, 1166, 1169, 1172, 1180, 1190, 1194, 1204, 1207, 1217, 1219, 1226, 1235, 1261, 1275, 1280, 1293, 1296, 1299, 1303, 1305, 1338, 1340, 1371, 1380, 1384, 1396, 1404, 1413, 1433, 1449, 1452, 1463, 1474, 1488, 1492, 1510, 1520, 1531, 1532, 1533, 1557, 1560, 1566, 1577, 1595, 1597, 1602, 1608, 1624, 1627, 1629, 1640, 1644, 1648, 1657, 1686, 1705, 1711, 1713, 1720, 1724, 1730, 1760, 1766, 1769, 1770, 1779, 1794, 1797, 1803, 1810, 1818, 1827, 1831, 1832, 1837, 1844, 1845, 1849, 1851, 1860, 1876, 1883, 1890, 1901, 1905, 1907, 1908, 1911, 1918, 1926, 1946, 1947, 1950, 1953, 1959, 1971, 1976, 1980, 1981, 1986, 1989, 1999, 2015, 2021, 2022, 2029, 2042, 2043, 2055, 2057, 2080, 2100, 2107, 2109, 2116, 2117, 2124, 2136, 2139, 2151, 2153, 2156, 2160, 2171, 2187, 2188, 2207, 2218, 2223, 2230, 2239, 2245, 2247, 2257, 2267, 2272, 2280, 2284, 2287, 2290, 2291, 2293, 2301, 2302, 2306, 2314, 2326, 2338, 2342, 2355, 2362, 2365, 2373, 2385, 2402, 2404, 2405, 2438, 2444, 2452, 2462, 2468, 2507, 2508, 2510, 2527, 2528, 2546, 2553, 2554, 2558, 2570, 2571, 2580, 2606, 2618, 2625, 2629, 2636, 2649, 2655, 2663, 2679, 2680, 2683, 2695, 2700, 2704, 2711, 2715, 2720, 2722, 2728, 2734, 2738, 2752, 2758, 2759, 2775, 2777, 2782, 2791, 2799, 2809, 2830, 2839, 2843, 2852, 2854, 2856, 2859, 2871, 2890, 2892, 2901, 2921, 2923, 2925, 2950, 2960, 2969] with class frequencies:
Keep 2975 images
Found 2975 train images
Found 500 val images
Load mono_cityscapes_1024x512_r101dil_aspp_dec6_lr5_fd2_crop512x512bs4 weights
Load mono_cityscapes_1024x512_r101dil_aspp_dec6_lr5_fd2_crop512x512bs4depth weights
Load mono_cityscapes_1024x512_r101dil_aspp_dec6_lr5_fd2_crop512x512bs4depth weights
Create segmentation ema model.
Load mono_cityscapes_1024x512_r101dil_aspp_dec6_lr5_fd2_crop512x512bs4 weights
Load mono_cityscapes_1024x512_r101dil_aspp_dec6_lr5_fd2_crop512x512bs4depth weights
Load mono_cityscapes_1024x512_r101dil_aspp_dec6_lr5_fd2_crop512x512bs4depth weights
WARN get_lr: optimizer has more than one param group
Overall Acc: 	 0.811662716257201
Mean Acc : 	 0.238654036276773
FreqW Acc : 	 0.6735855864721214
Mean IoU : 	 0.19856927417232695
WARN get_lr: optimizer has more than one param group
WARN get_lr: optimizer has more than one param group
WARN get_lr: optimizer has more than one param group
WARN get_lr: optimizer has more than one param group
WARN get_lr: optimizer has more than one param group
WARN get_lr: optimizer has more than one param group
WARN get_lr: optimizer has more than one param group
WARN get_lr: optimizer has more than one param group
WARN get_lr: optimizer has more than one param group
WARN get_lr: optimizer has more than one param group
WARN get_lr: optimizer has more than one param group
WARN get_lr: optimizer has more than one param group
WARN get_lr: optimizer has more than one param group
WARN get_lr: optimizer has more than one param group
WARN get_lr: optimizer has more than one param group
WARN get_lr: optimizer has more than one param group
WARN get_lr: optimizer has more than one param group
WARN get_lr: optimizer has more than one param group
WARN get_lr: optimizer has more than one param group
WARN get_lr: optimizer has more than one param group
WARN get_lr: optimizer has more than one param group
WARN get_lr: optimizer has more than one param group
WARN get_lr: optimizer has more than one param group
WARN get_lr: optimizer has more than one param group
Overall Acc: 	 0.9149575876912837
Mean Acc : 	 0.5152596591910708
FreqW Acc : 	 0.8525046607324944
Mean IoU : 	 0.4286147699301546
WARN get_lr: optimizer has more than one param group
WARN get_lr: optimizer has more than one param group
WARN get_lr: optimizer has more than one param group
WARN get_lr: optimizer has more than one param group
WARN get_lr: optimizer has more than one param group
WARN get_lr: optimizer has more than one param group
WARN get_lr: optimizer has more than one param group
WARN get_lr: optimizer has more than one param group
WARN get_lr: optimizer has more than one param group
WARN get_lr: optimizer has more than one param group
WARN get_lr: optimizer has more than one param group
WARN get_lr: optimizer has more than one param group
WARN get_lr: optimizer has more than one param group
WARN get_lr: optimizer has more than one param group
WARN get_lr: optimizer has more than one param group
WARN get_lr: optimizer has more than one param group
WARN get_lr: optimizer has more than one param group
WARN get_lr: optimizer has more than one param group
WARN get_lr: optimizer has more than one param group
WARN get_lr: optimizer has more than one param group
WARN get_lr: optimizer has more than one param group
WARN get_lr: optimizer has more than one param group
WARN get_lr: optimizer has more than one param group
WARN get_lr: optimizer has more than one param group
WARN get_lr: optimizer has more than one param group
Overall Acc: 	 0.921984541362384
Mean Acc : 	 0.5698887442085262
FreqW Acc : 	 0.8660815163588191
Mean IoU : 	 0.4696362977141199
WARN get_lr: optimizer has more than one param group
WARN get_lr: optimizer has more than one param group
WARN get_lr: optimizer has more than one param group
WARN get_lr: optimizer has more than one param group
WARN get_lr: optimizer has more than one param group
WARN get_lr: optimizer has more than one param group
WARN get_lr: optimizer has more than one param group
WARN get_lr: optimizer has more than one param group
WARN get_lr: optimizer has more than one param group
WARN get_lr: optimizer has more than one param group
WARN get_lr: optimizer has more than one param group
WARN get_lr: optimizer has more than one param group
WARN get_lr: optimizer has more than one param group
WARN get_lr: optimizer has more than one param group
WARN get_lr: optimizer has more than one param group
WARN get_lr: optimizer has more than one param group
WARN get_lr: optimizer has more than one param group
WARN get_lr: optimizer has more than one param group
WARN get_lr: optimizer has more than one param group
WARN get_lr: optimizer has more than one param group
WARN get_lr: optimizer has more than one param group
WARN get_lr: optimizer has more than one param group
WARN get_lr: optimizer has more than one param group
WARN get_lr: optimizer has more than one param group
WARN get_lr: optimizer has more than one param group
Overall Acc: 	 0.9286663892238728
Mean Acc : 	 0.6302496270405036
FreqW Acc : 	 0.873461187810561
Mean IoU : 	 0.5444674850853507
WARN get_lr: optimizer has more than one param group
WARN get_lr: optimizer has more than one param group
WARN get_lr: optimizer has more than one param group
WARN get_lr: optimizer has more than one param group
WARN get_lr: optimizer has more than one param group
WARN get_lr: optimizer has more than one param group
WARN get_lr: optimizer has more than one param group
WARN get_lr: optimizer has more than one param group
WARN get_lr: optimizer has more than one param group
WARN get_lr: optimizer has more than one param group
WARN get_lr: optimizer has more than one param group
WARN get_lr: optimizer has more than one param group
WARN get_lr: optimizer has more than one param group
WARN get_lr: optimizer has more than one param group
WARN get_lr: optimizer has more than one param group
WARN get_lr: optimizer has more than one param group
WARN get_lr: optimizer has more than one param group
WARN get_lr: optimizer has more than one param group
WARN get_lr: optimizer has more than one param group
WARN get_lr: optimizer has more than one param group
WARN get_lr: optimizer has more than one param group
WARN get_lr: optimizer has more than one param group
WARN get_lr: optimizer has more than one param group
WARN get_lr: optimizer has more than one param group
WARN get_lr: optimizer has more than one param group
Overall Acc: 	 0.9320074113075779
Mean Acc : 	 0.6541292621908094
FreqW Acc : 	 0.8793913579367003
Mean IoU : 	 0.5603404441858955
WARN get_lr: optimizer has more than one param group
WARN get_lr: optimizer has more than one param group
WARN get_lr: optimizer has more than one param group
WARN get_lr: optimizer has more than one param group
WARN get_lr: optimizer has more than one param group
WARN get_lr: optimizer has more than one param group
WARN get_lr: optimizer has more than one param group
WARN get_lr: optimizer has more than one param group
WARN get_lr: optimizer has more than one param group
WARN get_lr: optimizer has more than one param group
WARN get_lr: optimizer has more than one param group
WARN get_lr: optimizer has more than one param group
WARN get_lr: optimizer has more than one param group
WARN get_lr: optimizer has more than one param group
WARN get_lr: optimizer has more than one param group
WARN get_lr: optimizer has more than one param group
WARN get_lr: optimizer has more than one param group
WARN get_lr: optimizer has more than one param group
WARN get_lr: optimizer has more than one param group
WARN get_lr: optimizer has more than one param group
WARN get_lr: optimizer has more than one param group
WARN get_lr: optimizer has more than one param group
WARN get_lr: optimizer has more than one param group
WARN get_lr: optimizer has more than one param group
WARN get_lr: optimizer has more than one param group
Overall Acc: 	 0.9319471192156219
Mean Acc : 	 0.6557554209801285
FreqW Acc : 	 0.8792295094784033
Mean IoU : 	 0.5638993136540431
WARN get_lr: optimizer has more than one param group
WARN get_lr: optimizer has more than one param group
WARN get_lr: optimizer has more than one param group
WARN get_lr: optimizer has more than one param group
WARN get_lr: optimizer has more than one param group
WARN get_lr: optimizer has more than one param group
WARN get_lr: optimizer has more than one param group
WARN get_lr: optimizer has more than one param group
WARN get_lr: optimizer has more than one param group
WARN get_lr: optimizer has more than one param group
WARN get_lr: optimizer has more than one param group
WARN get_lr: optimizer has more than one param group
WARN get_lr: optimizer has more than one param group
WARN get_lr: optimizer has more than one param group
WARN get_lr: optimizer has more than one param group
WARN get_lr: optimizer has more than one param group
WARN get_lr: optimizer has more than one param group
WARN get_lr: optimizer has more than one param group
WARN get_lr: optimizer has more than one param group
WARN get_lr: optimizer has more than one param group
WARN get_lr: optimizer has more than one param group
WARN get_lr: optimizer has more than one param group
WARN get_lr: optimizer has more than one param group
WARN get_lr: optimizer has more than one param group
WARN get_lr: optimizer has more than one param group
Overall Acc: 	 0.933252422721524
Mean Acc : 	 0.6930606433124766
FreqW Acc : 	 0.8823065527542733
Mean IoU : 	 0.5825557277272619
WARN get_lr: optimizer has more than one param group
WARN get_lr: optimizer has more than one param group
WARN get_lr: optimizer has more than one param group
WARN get_lr: optimizer has more than one param group
WARN get_lr: optimizer has more than one param group
WARN get_lr: optimizer has more than one param group
WARN get_lr: optimizer has more than one param group
WARN get_lr: optimizer has more than one param group
WARN get_lr: optimizer has more than one param group
WARN get_lr: optimizer has more than one param group
WARN get_lr: optimizer has more than one param group
WARN get_lr: optimizer has more than one param group
WARN get_lr: optimizer has more than one param group
WARN get_lr: optimizer has more than one param group
WARN get_lr: optimizer has more than one param group
WARN get_lr: optimizer has more than one param group
WARN get_lr: optimizer has more than one param group
WARN get_lr: optimizer has more than one param group
WARN get_lr: optimizer has more than one param group
WARN get_lr: optimizer has more than one param group
WARN get_lr: optimizer has more than one param group
WARN get_lr: optimizer has more than one param group
WARN get_lr: optimizer has more than one param group
WARN get_lr: optimizer has more than one param group
WARN get_lr: optimizer has more than one param group
Overall Acc: 	 0.9351411954113639
Mean Acc : 	 0.6919263894089074
FreqW Acc : 	 0.8855080131896849
Mean IoU : 	 0.5924399416702698
WARN get_lr: optimizer has more than one param group
WARN get_lr: optimizer has more than one param group
WARN get_lr: optimizer has more than one param group
WARN get_lr: optimizer has more than one param group
WARN get_lr: optimizer has more than one param group
WARN get_lr: optimizer has more than one param group
WARN get_lr: optimizer has more than one param group
WARN get_lr: optimizer has more than one param group
WARN get_lr: optimizer has more than one param group
WARN get_lr: optimizer has more than one param group
WARN get_lr: optimizer has more than one param group
WARN get_lr: optimizer has more than one param group
WARN get_lr: optimizer has more than one param group
WARN get_lr: optimizer has more than one param group
WARN get_lr: optimizer has more than one param group
WARN get_lr: optimizer has more than one param group
WARN get_lr: optimizer has more than one param group
WARN get_lr: optimizer has more than one param group
WARN get_lr: optimizer has more than one param group
WARN get_lr: optimizer has more than one param group
WARN get_lr: optimizer has more than one param group
WARN get_lr: optimizer has more than one param group
WARN get_lr: optimizer has more than one param group
WARN get_lr: optimizer has more than one param group
WARN get_lr: optimizer has more than one param group
Overall Acc: 	 0.9332464637462247
Mean Acc : 	 0.6678658418601334
FreqW Acc : 	 0.8808822197290317
Mean IoU : 	 0.5764377870168593
WARN get_lr: optimizer has more than one param group
WARN get_lr: optimizer has more than one param group
WARN get_lr: optimizer has more than one param group
WARN get_lr: optimizer has more than one param group
WARN get_lr: optimizer has more than one param group
WARN get_lr: optimizer has more than one param group
WARN get_lr: optimizer has more than one param group
WARN get_lr: optimizer has more than one param group
WARN get_lr: optimizer has more than one param group
WARN get_lr: optimizer has more than one param group
WARN get_lr: optimizer has more than one param group
WARN get_lr: optimizer has more than one param group
WARN get_lr: optimizer has more than one param group
WARN get_lr: optimizer has more than one param group
WARN get_lr: optimizer has more than one param group
WARN get_lr: optimizer has more than one param group
WARN get_lr: optimizer has more than one param group
WARN get_lr: optimizer has more than one param group
WARN get_lr: optimizer has more than one param group
WARN get_lr: optimizer has more than one param group
WARN get_lr: optimizer has more than one param group
WARN get_lr: optimizer has more than one param group
WARN get_lr: optimizer has more than one param group
WARN get_lr: optimizer has more than one param group
WARN get_lr: optimizer has more than one param group
Overall Acc: 	 0.934880169609014
Mean Acc : 	 0.6929564494051568
FreqW Acc : 	 0.88417854177926
Mean IoU : 	 0.5993478995247228
WARN get_lr: optimizer has more than one param group
WARN get_lr: optimizer has more than one param group
WARN get_lr: optimizer has more than one param group
WARN get_lr: optimizer has more than one param group
WARN get_lr: optimizer has more than one param group
WARN get_lr: optimizer has more than one param group
WARN get_lr: optimizer has more than one param group
WARN get_lr: optimizer has more than one param group
WARN get_lr: optimizer has more than one param group
WARN get_lr: optimizer has more than one param group
WARN get_lr: optimizer has more than one param group
WARN get_lr: optimizer has more than one param group
WARN get_lr: optimizer has more than one param group
WARN get_lr: optimizer has more than one param group
WARN get_lr: optimizer has more than one param group
WARN get_lr: optimizer has more than one param group
WARN get_lr: optimizer has more than one param group
WARN get_lr: optimizer has more than one param group
WARN get_lr: optimizer has more than one param group
WARN get_lr: optimizer has more than one param group
WARN get_lr: optimizer has more than one param group
WARN get_lr: optimizer has more than one param group
WARN get_lr: optimizer has more than one param group
WARN get_lr: optimizer has more than one param group
WARN get_lr: optimizer has more than one param group
Overall Acc: 	 0.9338395257461825
Mean Acc : 	 0.6991282231367244
FreqW Acc : 	 0.8815161335338177
Mean IoU : 	 0.606598564009853
WARN get_lr: optimizer has more than one param group
WARN get_lr: optimizer has more than one param group
WARN get_lr: optimizer has more than one param group
WARN get_lr: optimizer has more than one param group
WARN get_lr: optimizer has more than one param group
WARN get_lr: optimizer has more than one param group
WARN get_lr: optimizer has more than one param group
WARN get_lr: optimizer has more than one param group
WARN get_lr: optimizer has more than one param group
WARN get_lr: optimizer has more than one param group
WARN get_lr: optimizer has more than one param group
WARN get_lr: optimizer has more than one param group
WARN get_lr: optimizer has more than one param group
WARN get_lr: optimizer has more than one param group
WARN get_lr: optimizer has more than one param group
WARN get_lr: optimizer has more than one param group
WARN get_lr: optimizer has more than one param group
WARN get_lr: optimizer has more than one param group
WARN get_lr: optimizer has more than one param group
WARN get_lr: optimizer has more than one param group
WARN get_lr: optimizer has more than one param group
WARN get_lr: optimizer has more than one param group
WARN get_lr: optimizer has more than one param group
WARN get_lr: optimizer has more than one param group
WARN get_lr: optimizer has more than one param group
Overall Acc: 	 0.9361702005142404
Mean Acc : 	 0.7095746888974633
FreqW Acc : 	 0.886433040490822
Mean IoU : 	 0.6117022533657374
WARN get_lr: optimizer has more than one param group
WARN get_lr: optimizer has more than one param group
WARN get_lr: optimizer has more than one param group
WARN get_lr: optimizer has more than one param group
WARN get_lr: optimizer has more than one param group
WARN get_lr: optimizer has more than one param group
WARN get_lr: optimizer has more than one param group
WARN get_lr: optimizer has more than one param group
WARN get_lr: optimizer has more than one param group
WARN get_lr: optimizer has more than one param group
WARN get_lr: optimizer has more than one param group
WARN get_lr: optimizer has more than one param group
WARN get_lr: optimizer has more than one param group
WARN get_lr: optimizer has more than one param group
WARN get_lr: optimizer has more than one param group
WARN get_lr: optimizer has more than one param group
WARN get_lr: optimizer has more than one param group
WARN get_lr: optimizer has more than one param group
WARN get_lr: optimizer has more than one param group
WARN get_lr: optimizer has more than one param group
WARN get_lr: optimizer has more than one param group
WARN get_lr: optimizer has more than one param group
WARN get_lr: optimizer has more than one param group
WARN get_lr: optimizer has more than one param group
WARN get_lr: optimizer has more than one param group
Overall Acc: 	 0.9364034773840288
Mean Acc : 	 0.6842242237019067
FreqW Acc : 	 0.8857489839076229
Mean IoU : 	 0.6033487022056309
WARN get_lr: optimizer has more than one param group
WARN get_lr: optimizer has more than one param group
WARN get_lr: optimizer has more than one param group
WARN get_lr: optimizer has more than one param group
WARN get_lr: optimizer has more than one param group
Overall Acc: 	 0.9376265112594991
Mean Acc : 	 0.7093981083527722
FreqW Acc : 	 0.8885728321514873
Mean IoU : 	 0.6195185296892278
WARN get_lr: optimizer has more than one param group
WARN get_lr: optimizer has more than one param group
WARN get_lr: optimizer has more than one param group
WARN get_lr: optimizer has more than one param group
WARN get_lr: optimizer has more than one param group
Overall Acc: 	 0.9376934428539482
Mean Acc : 	 0.7128050245298868
FreqW Acc : 	 0.8887253583068048
Mean IoU : 	 0.6202705663575813
WARN get_lr: optimizer has more than one param group
WARN get_lr: optimizer has more than one param group
WARN get_lr: optimizer has more than one param group
WARN get_lr: optimizer has more than one param group
WARN get_lr: optimizer has more than one param group
Overall Acc: 	 0.9384028270181493
Mean Acc : 	 0.7049225995835865
FreqW Acc : 	 0.8897333149180162
Mean IoU : 	 0.6164401849332783
WARN get_lr: optimizer has more than one param group
WARN get_lr: optimizer has more than one param group
WARN get_lr: optimizer has more than one param group
WARN get_lr: optimizer has more than one param group
WARN get_lr: optimizer has more than one param group
Overall Acc: 	 0.9379400423522609
Mean Acc : 	 0.7121303837105031
FreqW Acc : 	 0.8891003586702344
Mean IoU : 	 0.6223560884942362
WARN get_lr: optimizer has more than one param group
WARN get_lr: optimizer has more than one param group
WARN get_lr: optimizer has more than one param group
WARN get_lr: optimizer has more than one param group
WARN get_lr: optimizer has more than one param group
Overall Acc: 	 0.9380696915073823
Mean Acc : 	 0.7083284479488562
FreqW Acc : 	 0.8894952501880351
Mean IoU : 	 0.6186319667623783
WARN get_lr: optimizer has more than one param group
WARN get_lr: optimizer has more than one param group
WARN get_lr: optimizer has more than one param group
WARN get_lr: optimizer has more than one param group
WARN get_lr: optimizer has more than one param group
Overall Acc: 	 0.937613952042891
Mean Acc : 	 0.7122466149166191
FreqW Acc : 	 0.8887678315966621
Mean IoU : 	 0.6187950940326497
WARN get_lr: optimizer has more than one param group
WARN get_lr: optimizer has more than one param group
WARN get_lr: optimizer has more than one param group
WARN get_lr: optimizer has more than one param group
WARN get_lr: optimizer has more than one param group
Overall Acc: 	 0.9382810475492944
Mean Acc : 	 0.7119443448468071
FreqW Acc : 	 0.8897612053245931
Mean IoU : 	 0.619863272178069
WARN get_lr: optimizer has more than one param group
WARN get_lr: optimizer has more than one param group
WARN get_lr: optimizer has more than one param group
WARN get_lr: optimizer has more than one param group
WARN get_lr: optimizer has more than one param group
Overall Acc: 	 0.9380690546037266
Mean Acc : 	 0.7157382696468466
FreqW Acc : 	 0.8894733348288122
Mean IoU : 	 0.6231739829860555
WARN get_lr: optimizer has more than one param group
WARN get_lr: optimizer has more than one param group
WARN get_lr: optimizer has more than one param group
WARN get_lr: optimizer has more than one param group
WARN get_lr: optimizer has more than one param group
Overall Acc: 	 0.9380411878876123
Mean Acc : 	 0.714699361847744
FreqW Acc : 	 0.8895161585771124
Mean IoU : 	 0.6215330837293344
WARN get_lr: optimizer has more than one param group
WARN get_lr: optimizer has more than one param group
WARN get_lr: optimizer has more than one param group
WARN get_lr: optimizer has more than one param group
WARN get_lr: optimizer has more than one param group
Overall Acc: 	 0.9382574341281412
Mean Acc : 	 0.7140596991312363
FreqW Acc : 	 0.8898386070960927
Mean IoU : 	 0.6210402240687702
WARN get_lr: optimizer has more than one param group
WARN get_lr: optimizer has more than one param group
WARN get_lr: optimizer has more than one param group
WARN get_lr: optimizer has more than one param group
WARN get_lr: optimizer has more than one param group
Overall Acc: 	 0.9376826198541549
Mean Acc : 	 0.7149902880732852
FreqW Acc : 	 0.8888203527740187
Mean IoU : 	 0.6208988316955698
WARN get_lr: optimizer has more than one param group
WARN get_lr: optimizer has more than one param group
WARN get_lr: optimizer has more than one param group
WARN get_lr: optimizer has more than one param group
WARN get_lr: optimizer has more than one param group
Overall Acc: 	 0.9385237863644886
Mean Acc : 	 0.7149059924528228
FreqW Acc : 	 0.8901005619524474
Mean IoU : 	 0.6229832189443351
WARN get_lr: optimizer has more than one param group
WARN get_lr: optimizer has more than one param group
WARN get_lr: optimizer has more than one param group
WARN get_lr: optimizer has more than one param group
WARN get_lr: optimizer has more than one param group
Overall Acc: 	 0.9386729352411238
Mean Acc : 	 0.7125128769662471
FreqW Acc : 	 0.8903465521342332
Mean IoU : 	 0.6231642578481429
WARN get_lr: optimizer has more than one param group
WARN get_lr: optimizer has more than one param group
WARN get_lr: optimizer has more than one param group
WARN get_lr: optimizer has more than one param group
WARN get_lr: optimizer has more than one param group
Overall Acc: 	 0.9390334139855484
Mean Acc : 	 0.7169355954686628
FreqW Acc : 	 0.8909885917853123
Mean IoU : 	 0.625218989749068
WARN get_lr: optimizer has more than one param group
WARN get_lr: optimizer has more than one param group
WARN get_lr: optimizer has more than one param group
WARN get_lr: optimizer has more than one param group
WARN get_lr: optimizer has more than one param group
Overall Acc: 	 0.938955524158338
Mean Acc : 	 0.7152659142265009
FreqW Acc : 	 0.8909381719656232
Mean IoU : 	 0.622709984217905
WARN get_lr: optimizer has more than one param group
WARN get_lr: optimizer has more than one param group
WARN get_lr: optimizer has more than one param group
WARN get_lr: optimizer has more than one param group
WARN get_lr: optimizer has more than one param group
Overall Acc: 	 0.9383735032758638
Mean Acc : 	 0.7130202242697196
FreqW Acc : 	 0.8903223266641456
Mean IoU : 	 0.6193254740985722
WARN get_lr: optimizer has more than one param group
WARN get_lr: optimizer has more than one param group
WARN get_lr: optimizer has more than one param group
WARN get_lr: optimizer has more than one param group
WARN get_lr: optimizer has more than one param group
Overall Acc: 	 0.9386111032382742
Mean Acc : 	 0.7218157167142443
FreqW Acc : 	 0.8903110671666303
Mean IoU : 	 0.6256092242238115
WARN get_lr: optimizer has more than one param group
WARN get_lr: optimizer has more than one param group
WARN get_lr: optimizer has more than one param group
WARN get_lr: optimizer has more than one param group
WARN get_lr: optimizer has more than one param group
Overall Acc: 	 0.9382480768792268
Mean Acc : 	 0.7107803534736972
FreqW Acc : 	 0.8897445150417238
Mean IoU : 	 0.6191315134024444
WARN get_lr: optimizer has more than one param group
WARN get_lr: optimizer has more than one param group
WARN get_lr: optimizer has more than one param group
WARN get_lr: optimizer has more than one param group
WARN get_lr: optimizer has more than one param group
Overall Acc: 	 0.9384178989505498
Mean Acc : 	 0.7195174816643446
FreqW Acc : 	 0.8905209207871779
Mean IoU : 	 0.6213552024302389
WARN get_lr: optimizer has more than one param group
WARN get_lr: optimizer has more than one param group
WARN get_lr: optimizer has more than one param group
WARN get_lr: optimizer has more than one param group
WARN get_lr: optimizer has more than one param group
Overall Acc: 	 0.9380750615649177
Mean Acc : 	 0.7197293348724032
FreqW Acc : 	 0.8896294290939349
Mean IoU : 	 0.6230120840097854
Resolved base cfg vars {'seed': 42, ('model', 'segmentation_args', 'projection_mode'): 'dual', ('model', 'variant'): 'ct_dual_cosine_w0_lam0p75', ('training', 'cross_task_lambda'): 0.75, ('training', 'cross_task_type'): 'cosine', ('training', 'cross_task_warmup_iters'): 0}
Resolved vars {('config', 'general', 'tag'): 'cityscapes_pad_ct_dual_cosine_w0_lam0p75_D372_S42', 'seed': 42, ('model', 'segmentation_args', 'projection_mode'): 'dual', ('model', 'variant'): 'ct_dual_cosine_w0_lam0p75', ('training', 'cross_task_lambda'): 0.75, ('training', 'cross_task_type'): 'cosine', ('training', 'cross_task_warmup_iters'): 0}
Dispatch job 20_tag=cityscapes_pad_ct_dual_cosine_w0_lam0p75_D372_S42
Start 2026-03-28_18-43-3320_tag=cityscapes_pad_ct_dual_cosine_w0_lam0p75_D372_S42
RUNDIR: /user/work/ig23200/sde_seg/logs//cityscapes_joint_220/2026-03-28_18-43-3320_tag=cityscapes_pad_ct_dual_cosine_w0_lam0p75_D372_S42
Restrict subset from 2975 to 372 images ...
Use image subset [0, 30, 32, 44, 45, 51, 52, 56, 63, 67, 70, 73, 80, 88, 93, 102, 108, 120, 124, 141, 144, 162, 174, 175, 177, 178, 184, 192, 194, 196, 203, 211, 233, 239, 246, 251, 256, 289, 296, 298, 309, 313, 318, 321, 322, 324, 331, 332, 354, 368, 387, 393, 402, 410, 411, 414, 420, 432, 439, 457, 463, 471, 478, 479, 485, 486, 495, 506, 507, 527, 528, 532, 533, 535, 543, 555, 557, 567, 572, 594, 599, 601, 602, 612, 637, 642, 644, 651, 676, 680, 685, 691, 693, 700, 705, 718, 727, 729, 741, 744, 748, 755, 759, 772, 783, 790, 798, 809, 811, 834, 857, 859, 862, 869, 879, 889, 912, 926, 929, 930, 942, 944, 952, 962, 965, 969, 999, 1001, 1005, 1018, 1023, 1025, 1027, 1047, 1048, 1055, 1071, 1089, 1090, 1091, 1097, 1106, 1149, 1151, 1159, 1173, 1177, 1188, 1196, 1208, 1210, 1222, 1225, 1229, 1230, 1235, 1255, 1263, 1264, 1268, 1269, 1270, 1272, 1286, 1313, 1321, 1322, 1326, 1330, 1337, 1340, 1343, 1370, 1376, 1385, 1399, 1402, 1407, 1410, 1421, 1422, 1426, 1427, 1431, 1432, 1436, 1453, 1461, 1474, 1487, 1488, 1494, 1505, 1507, 1509, 1517, 1518, 1538, 1544, 1554, 1562, 1567, 1575, 1586, 1590, 1596, 1598, 1608, 1610, 1613, 1618, 1620, 1624, 1641, 1655, 1656, 1662, 1690, 1691, 1697, 1702, 1706, 1711, 1716, 1718, 1727, 1731, 1747, 1760, 1762, 1767, 1771, 1775, 1777, 1788, 1795, 1797, 1805, 1807, 1814, 1840, 1850, 1869, 1872, 1877, 1880, 1882, 1891, 1896, 1916, 1922, 1936, 1940, 1941, 1949, 1956, 1957, 1963, 1966, 1979, 1983, 1993, 1999, 2001, 2003, 2013, 2015, 2023, 2033, 2046, 2051, 2064, 2073, 2092, 2113, 2114, 2119, 2124, 2131, 2144, 2149, 2154, 2159, 2185, 2186, 2204, 2215, 2227, 2233, 2241, 2247, 2257, 2261, 2263, 2270, 2287, 2315, 2321, 2332, 2335, 2349, 2356, 2383, 2392, 2395, 2397, 2401, 2403, 2404, 2420, 2424, 2436, 2459, 2462, 2466, 2469, 2478, 2480, 2482, 2496, 2501, 2517, 2519, 2528, 2534, 2539, 2546, 2573, 2578, 2586, 2595, 2608, 2622, 2626, 2632, 2636, 2644, 2645, 2646, 2654, 2655, 2658, 2683, 2686, 2733, 2753, 2754, 2756, 2766, 2769, 2787, 2792, 2798, 2810, 2811, 2815, 2822, 2823, 2838, 2848, 2864, 2865, 2872, 2897, 2898, 2910, 2931, 2932, 2936, 2947, 2956, 2958] with class frequencies:
Keep 372 images
Found 372 train images
Restrict subset from 2975 to 372 images ...
Use image subset [0, 30, 32, 44, 45, 51, 52, 56, 63, 67, 70, 73, 80, 88, 93, 102, 108, 120, 124, 141, 144, 162, 174, 175, 177, 178, 184, 192, 194, 196, 203, 211, 233, 239, 246, 251, 256, 289, 296, 298, 309, 313, 318, 321, 322, 324, 331, 332, 354, 368, 387, 393, 402, 410, 411, 414, 420, 432, 439, 457, 463, 471, 478, 479, 485, 486, 495, 506, 507, 527, 528, 532, 533, 535, 543, 555, 557, 567, 572, 594, 599, 601, 602, 612, 637, 642, 644, 651, 676, 680, 685, 691, 693, 700, 705, 718, 727, 729, 741, 744, 748, 755, 759, 772, 783, 790, 798, 809, 811, 834, 857, 859, 862, 869, 879, 889, 912, 926, 929, 930, 942, 944, 952, 962, 965, 969, 999, 1001, 1005, 1018, 1023, 1025, 1027, 1047, 1048, 1055, 1071, 1089, 1090, 1091, 1097, 1106, 1149, 1151, 1159, 1173, 1177, 1188, 1196, 1208, 1210, 1222, 1225, 1229, 1230, 1235, 1255, 1263, 1264, 1268, 1269, 1270, 1272, 1286, 1313, 1321, 1322, 1326, 1330, 1337, 1340, 1343, 1370, 1376, 1385, 1399, 1402, 1407, 1410, 1421, 1422, 1426, 1427, 1431, 1432, 1436, 1453, 1461, 1474, 1487, 1488, 1494, 1505, 1507, 1509, 1517, 1518, 1538, 1544, 1554, 1562, 1567, 1575, 1586, 1590, 1596, 1598, 1608, 1610, 1613, 1618, 1620, 1624, 1641, 1655, 1656, 1662, 1690, 1691, 1697, 1702, 1706, 1711, 1716, 1718, 1727, 1731, 1747, 1760, 1762, 1767, 1771, 1775, 1777, 1788, 1795, 1797, 1805, 1807, 1814, 1840, 1850, 1869, 1872, 1877, 1880, 1882, 1891, 1896, 1916, 1922, 1936, 1940, 1941, 1949, 1956, 1957, 1963, 1966, 1979, 1983, 1993, 1999, 2001, 2003, 2013, 2015, 2023, 2033, 2046, 2051, 2064, 2073, 2092, 2113, 2114, 2119, 2124, 2131, 2144, 2149, 2154, 2159, 2185, 2186, 2204, 2215, 2227, 2233, 2241, 2247, 2257, 2261, 2263, 2270, 2287, 2315, 2321, 2332, 2335, 2349, 2356, 2383, 2392, 2395, 2397, 2401, 2403, 2404, 2420, 2424, 2436, 2459, 2462, 2466, 2469, 2478, 2480, 2482, 2496, 2501, 2517, 2519, 2528, 2534, 2539, 2546, 2573, 2578, 2586, 2595, 2608, 2622, 2626, 2632, 2636, 2644, 2645, 2646, 2654, 2655, 2658, 2683, 2686, 2733, 2753, 2754, 2756, 2766, 2769, 2787, 2792, 2798, 2810, 2811, 2815, 2822, 2823, 2838, 2848, 2864, 2865, 2872, 2897, 2898, 2910, 2931, 2932, 2936, 2947, 2956, 2958] with class frequencies:
Keep 2975 images
Found 2975 train images
Found 500 val images
Load mono_cityscapes_1024x512_r101dil_aspp_dec6_lr5_fd2_crop512x512bs4 weights
Load mono_cityscapes_1024x512_r101dil_aspp_dec6_lr5_fd2_crop512x512bs4depth weights
Load mono_cityscapes_1024x512_r101dil_aspp_dec6_lr5_fd2_crop512x512bs4depth weights
Create segmentation ema model.
Load mono_cityscapes_1024x512_r101dil_aspp_dec6_lr5_fd2_crop512x512bs4 weights
Load mono_cityscapes_1024x512_r101dil_aspp_dec6_lr5_fd2_crop512x512bs4depth weights
Load mono_cityscapes_1024x512_r101dil_aspp_dec6_lr5_fd2_crop512x512bs4depth weights
WARN get_lr: optimizer has more than one param group
Overall Acc: 	 0.7807086489330907
Mean Acc : 	 0.2367764606777333
FreqW Acc : 	 0.6381435253148042
Mean IoU : 	 0.1925456254879534
WARN get_lr: optimizer has more than one param group
WARN get_lr: optimizer has more than one param group
WARN get_lr: optimizer has more than one param group
WARN get_lr: optimizer has more than one param group
WARN get_lr: optimizer has more than one param group
WARN get_lr: optimizer has more than one param group
WARN get_lr: optimizer has more than one param group
WARN get_lr: optimizer has more than one param group
WARN get_lr: optimizer has more than one param group
WARN get_lr: optimizer has more than one param group
WARN get_lr: optimizer has more than one param group
WARN get_lr: optimizer has more than one param group
WARN get_lr: optimizer has more than one param group
WARN get_lr: optimizer has more than one param group
WARN get_lr: optimizer has more than one param group
WARN get_lr: optimizer has more than one param group
WARN get_lr: optimizer has more than one param group
WARN get_lr: optimizer has more than one param group
WARN get_lr: optimizer has more than one param group
WARN get_lr: optimizer has more than one param group
WARN get_lr: optimizer has more than one param group
WARN get_lr: optimizer has more than one param group
WARN get_lr: optimizer has more than one param group
WARN get_lr: optimizer has more than one param group
Overall Acc: 	 0.9175303992697106
Mean Acc : 	 0.5518842042850851
FreqW Acc : 	 0.8555246326434491
Mean IoU : 	 0.4710770604203577
WARN get_lr: optimizer has more than one param group
WARN get_lr: optimizer has more than one param group
WARN get_lr: optimizer has more than one param group
WARN get_lr: optimizer has more than one param group
WARN get_lr: optimizer has more than one param group
WARN get_lr: optimizer has more than one param group
WARN get_lr: optimizer has more than one param group
WARN get_lr: optimizer has more than one param group
WARN get_lr: optimizer has more than one param group
WARN get_lr: optimizer has more than one param group
WARN get_lr: optimizer has more than one param group
WARN get_lr: optimizer has more than one param group
WARN get_lr: optimizer has more than one param group
WARN get_lr: optimizer has more than one param group
WARN get_lr: optimizer has more than one param group
WARN get_lr: optimizer has more than one param group
WARN get_lr: optimizer has more than one param group
WARN get_lr: optimizer has more than one param group
WARN get_lr: optimizer has more than one param group
WARN get_lr: optimizer has more than one param group
WARN get_lr: optimizer has more than one param group
WARN get_lr: optimizer has more than one param group
WARN get_lr: optimizer has more than one param group
WARN get_lr: optimizer has more than one param group
WARN get_lr: optimizer has more than one param group
Overall Acc: 	 0.9269291428934925
Mean Acc : 	 0.6411064233239534
FreqW Acc : 	 0.8718943440821808
Mean IoU : 	 0.540708859548372
WARN get_lr: optimizer has more than one param group
WARN get_lr: optimizer has more than one param group
WARN get_lr: optimizer has more than one param group
WARN get_lr: optimizer has more than one param group
WARN get_lr: optimizer has more than one param group
WARN get_lr: optimizer has more than one param group
WARN get_lr: optimizer has more than one param group
WARN get_lr: optimizer has more than one param group
WARN get_lr: optimizer has more than one param group
WARN get_lr: optimizer has more than one param group
WARN get_lr: optimizer has more than one param group
WARN get_lr: optimizer has more than one param group
WARN get_lr: optimizer has more than one param group
WARN get_lr: optimizer has more than one param group
WARN get_lr: optimizer has more than one param group
WARN get_lr: optimizer has more than one param group
WARN get_lr: optimizer has more than one param group
WARN get_lr: optimizer has more than one param group
WARN get_lr: optimizer has more than one param group
WARN get_lr: optimizer has more than one param group
WARN get_lr: optimizer has more than one param group
WARN get_lr: optimizer has more than one param group
WARN get_lr: optimizer has more than one param group
WARN get_lr: optimizer has more than one param group
WARN get_lr: optimizer has more than one param group
Overall Acc: 	 0.9290862832271383
Mean Acc : 	 0.6595965778671713
FreqW Acc : 	 0.8755421619261686
Mean IoU : 	 0.5518261917261356
WARN get_lr: optimizer has more than one param group
WARN get_lr: optimizer has more than one param group
WARN get_lr: optimizer has more than one param group
WARN get_lr: optimizer has more than one param group
WARN get_lr: optimizer has more than one param group
WARN get_lr: optimizer has more than one param group
WARN get_lr: optimizer has more than one param group
WARN get_lr: optimizer has more than one param group
WARN get_lr: optimizer has more than one param group
WARN get_lr: optimizer has more than one param group
WARN get_lr: optimizer has more than one param group
WARN get_lr: optimizer has more than one param group
WARN get_lr: optimizer has more than one param group
WARN get_lr: optimizer has more than one param group
WARN get_lr: optimizer has more than one param group
WARN get_lr: optimizer has more than one param group
WARN get_lr: optimizer has more than one param group
WARN get_lr: optimizer has more than one param group
WARN get_lr: optimizer has more than one param group
WARN get_lr: optimizer has more than one param group
WARN get_lr: optimizer has more than one param group
WARN get_lr: optimizer has more than one param group
WARN get_lr: optimizer has more than one param group
WARN get_lr: optimizer has more than one param group
WARN get_lr: optimizer has more than one param group
Overall Acc: 	 0.9321117282741465
Mean Acc : 	 0.6874813254832761
FreqW Acc : 	 0.8805010442912865
Mean IoU : 	 0.5877202216084597
WARN get_lr: optimizer has more than one param group
WARN get_lr: optimizer has more than one param group
WARN get_lr: optimizer has more than one param group
WARN get_lr: optimizer has more than one param group
WARN get_lr: optimizer has more than one param group
WARN get_lr: optimizer has more than one param group
WARN get_lr: optimizer has more than one param group
WARN get_lr: optimizer has more than one param group
WARN get_lr: optimizer has more than one param group
WARN get_lr: optimizer has more than one param group
WARN get_lr: optimizer has more than one param group
WARN get_lr: optimizer has more than one param group
WARN get_lr: optimizer has more than one param group
WARN get_lr: optimizer has more than one param group
WARN get_lr: optimizer has more than one param group
WARN get_lr: optimizer has more than one param group
WARN get_lr: optimizer has more than one param group
WARN get_lr: optimizer has more than one param group
WARN get_lr: optimizer has more than one param group
WARN get_lr: optimizer has more than one param group
WARN get_lr: optimizer has more than one param group
WARN get_lr: optimizer has more than one param group
WARN get_lr: optimizer has more than one param group
WARN get_lr: optimizer has more than one param group
WARN get_lr: optimizer has more than one param group
Overall Acc: 	 0.9338050020781599
Mean Acc : 	 0.7016921862263876
FreqW Acc : 	 0.8827714756218429
Mean IoU : 	 0.5925837124239487
WARN get_lr: optimizer has more than one param group
WARN get_lr: optimizer has more than one param group
WARN get_lr: optimizer has more than one param group
WARN get_lr: optimizer has more than one param group
WARN get_lr: optimizer has more than one param group
WARN get_lr: optimizer has more than one param group
WARN get_lr: optimizer has more than one param group
WARN get_lr: optimizer has more than one param group
WARN get_lr: optimizer has more than one param group
WARN get_lr: optimizer has more than one param group
WARN get_lr: optimizer has more than one param group
WARN get_lr: optimizer has more than one param group
WARN get_lr: optimizer has more than one param group
WARN get_lr: optimizer has more than one param group
WARN get_lr: optimizer has more than one param group
WARN get_lr: optimizer has more than one param group
WARN get_lr: optimizer has more than one param group
WARN get_lr: optimizer has more than one param group
WARN get_lr: optimizer has more than one param group
WARN get_lr: optimizer has more than one param group
WARN get_lr: optimizer has more than one param group
WARN get_lr: optimizer has more than one param group
WARN get_lr: optimizer has more than one param group
WARN get_lr: optimizer has more than one param group
WARN get_lr: optimizer has more than one param group
Overall Acc: 	 0.9347498530137602
Mean Acc : 	 0.7084432114708609
FreqW Acc : 	 0.8846663704721132
Mean IoU : 	 0.6017745998558123
WARN get_lr: optimizer has more than one param group
WARN get_lr: optimizer has more than one param group
WARN get_lr: optimizer has more than one param group
WARN get_lr: optimizer has more than one param group
WARN get_lr: optimizer has more than one param group
WARN get_lr: optimizer has more than one param group
WARN get_lr: optimizer has more than one param group
WARN get_lr: optimizer has more than one param group
WARN get_lr: optimizer has more than one param group
WARN get_lr: optimizer has more than one param group
WARN get_lr: optimizer has more than one param group
WARN get_lr: optimizer has more than one param group
WARN get_lr: optimizer has more than one param group
WARN get_lr: optimizer has more than one param group
WARN get_lr: optimizer has more than one param group
WARN get_lr: optimizer has more than one param group
WARN get_lr: optimizer has more than one param group
WARN get_lr: optimizer has more than one param group
WARN get_lr: optimizer has more than one param group
WARN get_lr: optimizer has more than one param group
WARN get_lr: optimizer has more than one param group
WARN get_lr: optimizer has more than one param group
WARN get_lr: optimizer has more than one param group
WARN get_lr: optimizer has more than one param group
WARN get_lr: optimizer has more than one param group
Overall Acc: 	 0.9355314952064079
Mean Acc : 	 0.6937132932544889
FreqW Acc : 	 0.8848852340191354
Mean IoU : 	 0.5956183558886207
WARN get_lr: optimizer has more than one param group
WARN get_lr: optimizer has more than one param group
WARN get_lr: optimizer has more than one param group
WARN get_lr: optimizer has more than one param group
WARN get_lr: optimizer has more than one param group
WARN get_lr: optimizer has more than one param group
WARN get_lr: optimizer has more than one param group
WARN get_lr: optimizer has more than one param group
WARN get_lr: optimizer has more than one param group
WARN get_lr: optimizer has more than one param group
WARN get_lr: optimizer has more than one param group
WARN get_lr: optimizer has more than one param group
WARN get_lr: optimizer has more than one param group
WARN get_lr: optimizer has more than one param group
WARN get_lr: optimizer has more than one param group
WARN get_lr: optimizer has more than one param group
WARN get_lr: optimizer has more than one param group
WARN get_lr: optimizer has more than one param group
WARN get_lr: optimizer has more than one param group
WARN get_lr: optimizer has more than one param group
WARN get_lr: optimizer has more than one param group
WARN get_lr: optimizer has more than one param group
WARN get_lr: optimizer has more than one param group
WARN get_lr: optimizer has more than one param group
WARN get_lr: optimizer has more than one param group
Overall Acc: 	 0.9328971395404827
Mean Acc : 	 0.6894127079379018
FreqW Acc : 	 0.8807713830948586
Mean IoU : 	 0.5788901308285039
WARN get_lr: optimizer has more than one param group
WARN get_lr: optimizer has more than one param group
WARN get_lr: optimizer has more than one param group
WARN get_lr: optimizer has more than one param group
WARN get_lr: optimizer has more than one param group
WARN get_lr: optimizer has more than one param group
WARN get_lr: optimizer has more than one param group
WARN get_lr: optimizer has more than one param group
WARN get_lr: optimizer has more than one param group
WARN get_lr: optimizer has more than one param group
WARN get_lr: optimizer has more than one param group
WARN get_lr: optimizer has more than one param group
WARN get_lr: optimizer has more than one param group
WARN get_lr: optimizer has more than one param group
WARN get_lr: optimizer has more than one param group
WARN get_lr: optimizer has more than one param group
WARN get_lr: optimizer has more than one param group
WARN get_lr: optimizer has more than one param group
WARN get_lr: optimizer has more than one param group
WARN get_lr: optimizer has more than one param group
WARN get_lr: optimizer has more than one param group
WARN get_lr: optimizer has more than one param group
WARN get_lr: optimizer has more than one param group
WARN get_lr: optimizer has more than one param group
WARN get_lr: optimizer has more than one param group
Overall Acc: 	 0.9302717615986906
Mean Acc : 	 0.6772546994590566
FreqW Acc : 	 0.8764968827379369
Mean IoU : 	 0.568339097190211
WARN get_lr: optimizer has more than one param group
WARN get_lr: optimizer has more than one param group
WARN get_lr: optimizer has more than one param group
WARN get_lr: optimizer has more than one param group
WARN get_lr: optimizer has more than one param group
WARN get_lr: optimizer has more than one param group
WARN get_lr: optimizer has more than one param group
WARN get_lr: optimizer has more than one param group
WARN get_lr: optimizer has more than one param group
WARN get_lr: optimizer has more than one param group
WARN get_lr: optimizer has more than one param group
WARN get_lr: optimizer has more than one param group
WARN get_lr: optimizer has more than one param group
WARN get_lr: optimizer has more than one param group
WARN get_lr: optimizer has more than one param group
WARN get_lr: optimizer has more than one param group
WARN get_lr: optimizer has more than one param group
WARN get_lr: optimizer has more than one param group
WARN get_lr: optimizer has more than one param group
WARN get_lr: optimizer has more than one param group
WARN get_lr: optimizer has more than one param group
WARN get_lr: optimizer has more than one param group
WARN get_lr: optimizer has more than one param group
WARN get_lr: optimizer has more than one param group
WARN get_lr: optimizer has more than one param group
Overall Acc: 	 0.9347581065871616
Mean Acc : 	 0.711363833588215
FreqW Acc : 	 0.8841146904619754
Mean IoU : 	 0.6031096058376247
WARN get_lr: optimizer has more than one param group
WARN get_lr: optimizer has more than one param group
WARN get_lr: optimizer has more than one param group
WARN get_lr: optimizer has more than one param group
WARN get_lr: optimizer has more than one param group
WARN get_lr: optimizer has more than one param group
WARN get_lr: optimizer has more than one param group
WARN get_lr: optimizer has more than one param group
WARN get_lr: optimizer has more than one param group
WARN get_lr: optimizer has more than one param group
WARN get_lr: optimizer has more than one param group
WARN get_lr: optimizer has more than one param group
WARN get_lr: optimizer has more than one param group
WARN get_lr: optimizer has more than one param group
WARN get_lr: optimizer has more than one param group
WARN get_lr: optimizer has more than one param group
WARN get_lr: optimizer has more than one param group
WARN get_lr: optimizer has more than one param group
WARN get_lr: optimizer has more than one param group
WARN get_lr: optimizer has more than one param group
WARN get_lr: optimizer has more than one param group
WARN get_lr: optimizer has more than one param group
WARN get_lr: optimizer has more than one param group
WARN get_lr: optimizer has more than one param group
WARN get_lr: optimizer has more than one param group
Overall Acc: 	 0.935429843638015
Mean Acc : 	 0.6967805864234874
FreqW Acc : 	 0.8858008402953228
Mean IoU : 	 0.5940227773550512
WARN get_lr: optimizer has more than one param group
WARN get_lr: optimizer has more than one param group
WARN get_lr: optimizer has more than one param group
WARN get_lr: optimizer has more than one param group
WARN get_lr: optimizer has more than one param group
WARN get_lr: optimizer has more than one param group
WARN get_lr: optimizer has more than one param group
WARN get_lr: optimizer has more than one param group
WARN get_lr: optimizer has more than one param group
WARN get_lr: optimizer has more than one param group
WARN get_lr: optimizer has more than one param group
WARN get_lr: optimizer has more than one param group
WARN get_lr: optimizer has more than one param group
WARN get_lr: optimizer has more than one param group
WARN get_lr: optimizer has more than one param group
WARN get_lr: optimizer has more than one param group
WARN get_lr: optimizer has more than one param group
WARN get_lr: optimizer has more than one param group
WARN get_lr: optimizer has more than one param group
WARN get_lr: optimizer has more than one param group
WARN get_lr: optimizer has more than one param group
WARN get_lr: optimizer has more than one param group
WARN get_lr: optimizer has more than one param group
WARN get_lr: optimizer has more than one param group
WARN get_lr: optimizer has more than one param group
Overall Acc: 	 0.9351979016484911
Mean Acc : 	 0.6951551501402896
FreqW Acc : 	 0.8851432265001685
Mean IoU : 	 0.5868329308948084
WARN get_lr: optimizer has more than one param group
WARN get_lr: optimizer has more than one param group
WARN get_lr: optimizer has more than one param group
WARN get_lr: optimizer has more than one param group
WARN get_lr: optimizer has more than one param group
Overall Acc: 	 0.9359643759369546
Mean Acc : 	 0.7052936294125408
FreqW Acc : 	 0.8868009398432898
Mean IoU : 	 0.5931598736356996
WARN get_lr: optimizer has more than one param group
WARN get_lr: optimizer has more than one param group
WARN get_lr: optimizer has more than one param group
WARN get_lr: optimizer has more than one param group
WARN get_lr: optimizer has more than one param group
Overall Acc: 	 0.936183671462794
Mean Acc : 	 0.7071723985732469
FreqW Acc : 	 0.8871283711368787
Mean IoU : 	 0.5941561019746953
WARN get_lr: optimizer has more than one param group
WARN get_lr: optimizer has more than one param group
WARN get_lr: optimizer has more than one param group
WARN get_lr: optimizer has more than one param group
WARN get_lr: optimizer has more than one param group
Overall Acc: 	 0.9355542666932765
Mean Acc : 	 0.7119864037009234
FreqW Acc : 	 0.8865932542993102
Mean IoU : 	 0.5960092658293186
WARN get_lr: optimizer has more than one param group
WARN get_lr: optimizer has more than one param group
WARN get_lr: optimizer has more than one param group
WARN get_lr: optimizer has more than one param group
WARN get_lr: optimizer has more than one param group
Overall Acc: 	 0.9368889942756016
Mean Acc : 	 0.7102171793710244
FreqW Acc : 	 0.8883003341588834
Mean IoU : 	 0.6004035084573548
WARN get_lr: optimizer has more than one param group
WARN get_lr: optimizer has more than one param group
WARN get_lr: optimizer has more than one param group
WARN get_lr: optimizer has more than one param group
WARN get_lr: optimizer has more than one param group
Overall Acc: 	 0.936658217034544
Mean Acc : 	 0.7048626876272194
FreqW Acc : 	 0.8875272308160534
Mean IoU : 	 0.5969707975072528
WARN get_lr: optimizer has more than one param group
WARN get_lr: optimizer has more than one param group
WARN get_lr: optimizer has more than one param group
WARN get_lr: optimizer has more than one param group
WARN get_lr: optimizer has more than one param group
Overall Acc: 	 0.9371486328494412
Mean Acc : 	 0.711268977204985
FreqW Acc : 	 0.8886228989088463
Mean IoU : 	 0.6001142108780243
WARN get_lr: optimizer has more than one param group
WARN get_lr: optimizer has more than one param group
WARN get_lr: optimizer has more than one param group
WARN get_lr: optimizer has more than one param group
WARN get_lr: optimizer has more than one param group
Overall Acc: 	 0.9374756436154642
Mean Acc : 	 0.7043034658561583
FreqW Acc : 	 0.8887226183437954
Mean IoU : 	 0.6007602886608319
WARN get_lr: optimizer has more than one param group
WARN get_lr: optimizer has more than one param group
WARN get_lr: optimizer has more than one param group
WARN get_lr: optimizer has more than one param group
WARN get_lr: optimizer has more than one param group
Overall Acc: 	 0.9371770274103659
Mean Acc : 	 0.7002813449915276
FreqW Acc : 	 0.8881748013522078
Mean IoU : 	 0.5973561677260193
WARN get_lr: optimizer has more than one param group
WARN get_lr: optimizer has more than one param group
WARN get_lr: optimizer has more than one param group
WARN get_lr: optimizer has more than one param group
WARN get_lr: optimizer has more than one param group
Overall Acc: 	 0.9373786597656439
Mean Acc : 	 0.7083466906115933
FreqW Acc : 	 0.8888909292101885
Mean IoU : 	 0.6012337152830135
WARN get_lr: optimizer has more than one param group
WARN get_lr: optimizer has more than one param group
WARN get_lr: optimizer has more than one param group
WARN get_lr: optimizer has more than one param group
WARN get_lr: optimizer has more than one param group
Overall Acc: 	 0.9369867328126302
Mean Acc : 	 0.7092515617463565
FreqW Acc : 	 0.888273003498559
Mean IoU : 	 0.5979332365869231
WARN get_lr: optimizer has more than one param group
WARN get_lr: optimizer has more than one param group
WARN get_lr: optimizer has more than one param group
WARN get_lr: optimizer has more than one param group
WARN get_lr: optimizer has more than one param group
Overall Acc: 	 0.9364587702185229
Mean Acc : 	 0.7114083051248793
FreqW Acc : 	 0.8877476864064435
Mean IoU : 	 0.5988497490795199
WARN get_lr: optimizer has more than one param group
WARN get_lr: optimizer has more than one param group
WARN get_lr: optimizer has more than one param group
WARN get_lr: optimizer has more than one param group
WARN get_lr: optimizer has more than one param group
Overall Acc: 	 0.9367627346693876
Mean Acc : 	 0.7078882622083096
FreqW Acc : 	 0.8880661458677465
Mean IoU : 	 0.59713237487172
WARN get_lr: optimizer has more than one param group
WARN get_lr: optimizer has more than one param group
WARN get_lr: optimizer has more than one param group
WARN get_lr: optimizer has more than one param group
WARN get_lr: optimizer has more than one param group
Overall Acc: 	 0.936708536785699
Mean Acc : 	 0.7099981444994659
FreqW Acc : 	 0.8881196839756299
Mean IoU : 	 0.5979089233566697
WARN get_lr: optimizer has more than one param group
WARN get_lr: optimizer has more than one param group
WARN get_lr: optimizer has more than one param group
WARN get_lr: optimizer has more than one param group
WARN get_lr: optimizer has more than one param group
Overall Acc: 	 0.9368038585787191
Mean Acc : 	 0.7071133163193826
FreqW Acc : 	 0.8880550643243692
Mean IoU : 	 0.5968582568370056
WARN get_lr: optimizer has more than one param group
WARN get_lr: optimizer has more than one param group
WARN get_lr: optimizer has more than one param group
WARN get_lr: optimizer has more than one param group
WARN get_lr: optimizer has more than one param group
Overall Acc: 	 0.9367993784413601
Mean Acc : 	 0.7019669623056732
FreqW Acc : 	 0.887685125670991
Mean IoU : 	 0.5965757326492372
WARN get_lr: optimizer has more than one param group
WARN get_lr: optimizer has more than one param group
WARN get_lr: optimizer has more than one param group
WARN get_lr: optimizer has more than one param group
WARN get_lr: optimizer has more than one param group
Overall Acc: 	 0.9364856074191389
Mean Acc : 	 0.7081679964710638
FreqW Acc : 	 0.887478139128126
Mean IoU : 	 0.5966260779210903
WARN get_lr: optimizer has more than one param group
WARN get_lr: optimizer has more than one param group
WARN get_lr: optimizer has more than one param group
WARN get_lr: optimizer has more than one param group
WARN get_lr: optimizer has more than one param group
Overall Acc: 	 0.9362701856634793
Mean Acc : 	 0.7097182356058628
FreqW Acc : 	 0.8873679100538485
Mean IoU : 	 0.5937021758962375
WARN get_lr: optimizer has more than one param group
WARN get_lr: optimizer has more than one param group
WARN get_lr: optimizer has more than one param group
WARN get_lr: optimizer has more than one param group
WARN get_lr: optimizer has more than one param group
Overall Acc: 	 0.9363898057672001
Mean Acc : 	 0.7067387691235368
FreqW Acc : 	 0.8873928687846834
Mean IoU : 	 0.5962111656395548
WARN get_lr: optimizer has more than one param group
WARN get_lr: optimizer has more than one param group
WARN get_lr: optimizer has more than one param group
WARN get_lr: optimizer has more than one param group
WARN get_lr: optimizer has more than one param group
Overall Acc: 	 0.9363759291197424
Mean Acc : 	 0.7085158172116348
FreqW Acc : 	 0.8875032608120295
Mean IoU : 	 0.5960780117476959
WARN get_lr: optimizer has more than one param group
WARN get_lr: optimizer has more than one param group
WARN get_lr: optimizer has more than one param group
WARN get_lr: optimizer has more than one param group
WARN get_lr: optimizer has more than one param group
Overall Acc: 	 0.9365399667099183
Mean Acc : 	 0.7051872732403996
FreqW Acc : 	 0.8874931227884004
Mean IoU : 	 0.597706868412834
Resolved base cfg vars {'seed': 7, ('model', 'segmentation_args', 'projection_mode'): 'dual', ('model', 'variant'): 'ct_dual_cosine_w0_lam1p00', ('training', 'cross_task_lambda'): 1.0, ('training', 'cross_task_type'): 'cosine', ('training', 'cross_task_warmup_iters'): 0}
Resolved vars {('config', 'general', 'tag'): 'cityscapes_pad_ct_dual_cosine_w0_lam1p00_D372_S7', 'seed': 7, ('model', 'segmentation_args', 'projection_mode'): 'dual', ('model', 'variant'): 'ct_dual_cosine_w0_lam1p00', ('training', 'cross_task_lambda'): 1.0, ('training', 'cross_task_type'): 'cosine', ('training', 'cross_task_warmup_iters'): 0}
Resolved base cfg vars {'seed': 25, ('model', 'segmentation_args', 'projection_mode'): 'dual', ('model', 'variant'): 'ct_dual_cosine_w0_lam1p00', ('training', 'cross_task_lambda'): 1.0, ('training', 'cross_task_type'): 'cosine', ('training', 'cross_task_warmup_iters'): 0}
Resolved vars {('config', 'general', 'tag'): 'cityscapes_pad_ct_dual_cosine_w0_lam1p00_D372_S25', 'seed': 25, ('model', 'segmentation_args', 'projection_mode'): 'dual', ('model', 'variant'): 'ct_dual_cosine_w0_lam1p00', ('training', 'cross_task_lambda'): 1.0, ('training', 'cross_task_type'): 'cosine', ('training', 'cross_task_warmup_iters'): 0}
Resolved base cfg vars {'seed': 42, ('model', 'segmentation_args', 'projection_mode'): 'dual', ('model', 'variant'): 'ct_dual_cosine_w0_lam1p00', ('training', 'cross_task_lambda'): 1.0, ('training', 'cross_task_type'): 'cosine', ('training', 'cross_task_warmup_iters'): 0}
Resolved vars {('config', 'general', 'tag'): 'cityscapes_pad_ct_dual_cosine_w0_lam1p00_D372_S42', 'seed': 42, ('model', 'segmentation_args', 'projection_mode'): 'dual', ('model', 'variant'): 'ct_dual_cosine_w0_lam1p00', ('training', 'cross_task_lambda'): 1.0, ('training', 'cross_task_type'): 'cosine', ('training', 'cross_task_warmup_iters'): 0}
Resolved base cfg vars {'seed': 7, ('model', 'segmentation_args', 'projection_mode'): 'dual', ('model', 'variant'): 'ct_dual_cosine_w0_lam1p25', ('training', 'cross_task_lambda'): 1.25, ('training', 'cross_task_type'): 'cosine', ('training', 'cross_task_warmup_iters'): 0}
Resolved vars {('config', 'general', 'tag'): 'cityscapes_pad_ct_dual_cosine_w0_lam1p25_D372_S7', 'seed': 7, ('model', 'segmentation_args', 'projection_mode'): 'dual', ('model', 'variant'): 'ct_dual_cosine_w0_lam1p25', ('training', 'cross_task_lambda'): 1.25, ('training', 'cross_task_type'): 'cosine', ('training', 'cross_task_warmup_iters'): 0}
Resolved base cfg vars {'seed': 25, ('model', 'segmentation_args', 'projection_mode'): 'dual', ('model', 'variant'): 'ct_dual_cosine_w0_lam1p25', ('training', 'cross_task_lambda'): 1.25, ('training', 'cross_task_type'): 'cosine', ('training', 'cross_task_warmup_iters'): 0}
Resolved vars {('config', 'general', 'tag'): 'cityscapes_pad_ct_dual_cosine_w0_lam1p25_D372_S25', 'seed': 25, ('model', 'segmentation_args', 'projection_mode'): 'dual', ('model', 'variant'): 'ct_dual_cosine_w0_lam1p25', ('training', 'cross_task_lambda'): 1.25, ('training', 'cross_task_type'): 'cosine', ('training', 'cross_task_warmup_iters'): 0}
Resolved base cfg vars {'seed': 42, ('model', 'segmentation_args', 'projection_mode'): 'dual', ('model', 'variant'): 'ct_dual_cosine_w0_lam1p25', ('training', 'cross_task_lambda'): 1.25, ('training', 'cross_task_type'): 'cosine', ('training', 'cross_task_warmup_iters'): 0}
Resolved vars {('config', 'general', 'tag'): 'cityscapes_pad_ct_dual_cosine_w0_lam1p25_D372_S42', 'seed': 42, ('model', 'segmentation_args', 'projection_mode'): 'dual', ('model', 'variant'): 'ct_dual_cosine_w0_lam1p25', ('training', 'cross_task_lambda'): 1.25, ('training', 'cross_task_type'): 'cosine', ('training', 'cross_task_warmup_iters'): 0}
Resolved base cfg vars {'seed': 7, ('model', 'segmentation_args', 'projection_mode'): 'dual', ('model', 'variant'): 'ct_dual_cosine_w5k_lam0p50', ('training', 'cross_task_lambda'): 0.5, ('training', 'cross_task_type'): 'cosine', ('training', 'cross_task_warmup_iters'): 5000}
Resolved vars {('config', 'general', 'tag'): 'cityscapes_pad_ct_dual_cosine_w5k_lam0p50_D372_S7', 'seed': 7, ('model', 'segmentation_args', 'projection_mode'): 'dual', ('model', 'variant'): 'ct_dual_cosine_w5k_lam0p50', ('training', 'cross_task_lambda'): 0.5, ('training', 'cross_task_type'): 'cosine', ('training', 'cross_task_warmup_iters'): 5000}
Resolved base cfg vars {'seed': 25, ('model', 'segmentation_args', 'projection_mode'): 'dual', ('model', 'variant'): 'ct_dual_cosine_w5k_lam0p50', ('training', 'cross_task_lambda'): 0.5, ('training', 'cross_task_type'): 'cosine', ('training', 'cross_task_warmup_iters'): 5000}
Resolved vars {('config', 'general', 'tag'): 'cityscapes_pad_ct_dual_cosine_w5k_lam0p50_D372_S25', 'seed': 25, ('model', 'segmentation_args', 'projection_mode'): 'dual', ('model', 'variant'): 'ct_dual_cosine_w5k_lam0p50', ('training', 'cross_task_lambda'): 0.5, ('training', 'cross_task_type'): 'cosine', ('training', 'cross_task_warmup_iters'): 5000}
Resolved base cfg vars {'seed': 42, ('model', 'segmentation_args', 'projection_mode'): 'dual', ('model', 'variant'): 'ct_dual_cosine_w5k_lam0p50', ('training', 'cross_task_lambda'): 0.5, ('training', 'cross_task_type'): 'cosine', ('training', 'cross_task_warmup_iters'): 5000}
Resolved vars {('config', 'general', 'tag'): 'cityscapes_pad_ct_dual_cosine_w5k_lam0p50_D372_S42', 'seed': 42, ('model', 'segmentation_args', 'projection_mode'): 'dual', ('model', 'variant'): 'ct_dual_cosine_w5k_lam0p50', ('training', 'cross_task_lambda'): 0.5, ('training', 'cross_task_type'): 'cosine', ('training', 'cross_task_warmup_iters'): 5000}
Resolved base cfg vars {'seed': 7, ('model', 'segmentation_args', 'projection_mode'): 'dual', ('model', 'variant'): 'ct_dual_cosine_w5k_lam0p75', ('training', 'cross_task_lambda'): 0.75, ('training', 'cross_task_type'): 'cosine', ('training', 'cross_task_warmup_iters'): 5000}
Resolved vars {('config', 'general', 'tag'): 'cityscapes_pad_ct_dual_cosine_w5k_lam0p75_D372_S7', 'seed': 7, ('model', 'segmentation_args', 'projection_mode'): 'dual', ('model', 'variant'): 'ct_dual_cosine_w5k_lam0p75', ('training', 'cross_task_lambda'): 0.75, ('training', 'cross_task_type'): 'cosine', ('training', 'cross_task_warmup_iters'): 5000}
Resolved base cfg vars {'seed': 25, ('model', 'segmentation_args', 'projection_mode'): 'dual', ('model', 'variant'): 'ct_dual_cosine_w5k_lam0p75', ('training', 'cross_task_lambda'): 0.75, ('training', 'cross_task_type'): 'cosine', ('training', 'cross_task_warmup_iters'): 5000}
Resolved vars {('config', 'general', 'tag'): 'cityscapes_pad_ct_dual_cosine_w5k_lam0p75_D372_S25', 'seed': 25, ('model', 'segmentation_args', 'projection_mode'): 'dual', ('model', 'variant'): 'ct_dual_cosine_w5k_lam0p75', ('training', 'cross_task_lambda'): 0.75, ('training', 'cross_task_type'): 'cosine', ('training', 'cross_task_warmup_iters'): 5000}
Resolved base cfg vars {'seed': 42, ('model', 'segmentation_args', 'projection_mode'): 'dual', ('model', 'variant'): 'ct_dual_cosine_w5k_lam0p75', ('training', 'cross_task_lambda'): 0.75, ('training', 'cross_task_type'): 'cosine', ('training', 'cross_task_warmup_iters'): 5000}
Resolved vars {('config', 'general', 'tag'): 'cityscapes_pad_ct_dual_cosine_w5k_lam0p75_D372_S42', 'seed': 42, ('model', 'segmentation_args', 'projection_mode'): 'dual', ('model', 'variant'): 'ct_dual_cosine_w5k_lam0p75', ('training', 'cross_task_lambda'): 0.75, ('training', 'cross_task_type'): 'cosine', ('training', 'cross_task_warmup_iters'): 5000}
Resolved base cfg vars {'seed': 7, ('model', 'segmentation_args', 'projection_mode'): 'dual', ('model', 'variant'): 'ct_dual_cosine_w5k_lam1p00', ('training', 'cross_task_lambda'): 1.0, ('training', 'cross_task_type'): 'cosine', ('training', 'cross_task_warmup_iters'): 5000}
Resolved vars {('config', 'general', 'tag'): 'cityscapes_pad_ct_dual_cosine_w5k_lam1p00_D372_S7', 'seed': 7, ('model', 'segmentation_args', 'projection_mode'): 'dual', ('model', 'variant'): 'ct_dual_cosine_w5k_lam1p00', ('training', 'cross_task_lambda'): 1.0, ('training', 'cross_task_type'): 'cosine', ('training', 'cross_task_warmup_iters'): 5000}
Resolved base cfg vars {'seed': 25, ('model', 'segmentation_args', 'projection_mode'): 'dual', ('model', 'variant'): 'ct_dual_cosine_w5k_lam1p00', ('training', 'cross_task_lambda'): 1.0, ('training', 'cross_task_type'): 'cosine', ('training', 'cross_task_warmup_iters'): 5000}
Resolved vars {('config', 'general', 'tag'): 'cityscapes_pad_ct_dual_cosine_w5k_lam1p00_D372_S25', 'seed': 25, ('model', 'segmentation_args', 'projection_mode'): 'dual', ('model', 'variant'): 'ct_dual_cosine_w5k_lam1p00', ('training', 'cross_task_lambda'): 1.0, ('training', 'cross_task_type'): 'cosine', ('training', 'cross_task_warmup_iters'): 5000}
Resolved base cfg vars {'seed': 42, ('model', 'segmentation_args', 'projection_mode'): 'dual', ('model', 'variant'): 'ct_dual_cosine_w5k_lam1p00', ('training', 'cross_task_lambda'): 1.0, ('training', 'cross_task_type'): 'cosine', ('training', 'cross_task_warmup_iters'): 5000}
Resolved vars {('config', 'general', 'tag'): 'cityscapes_pad_ct_dual_cosine_w5k_lam1p00_D372_S42', 'seed': 42, ('model', 'segmentation_args', 'projection_mode'): 'dual', ('model', 'variant'): 'ct_dual_cosine_w5k_lam1p00', ('training', 'cross_task_lambda'): 1.0, ('training', 'cross_task_type'): 'cosine', ('training', 'cross_task_warmup_iters'): 5000}
Resolved base cfg vars {'seed': 7, ('model', 'segmentation_args', 'projection_mode'): 'dual', ('model', 'variant'): 'ct_dual_cosine_w5k_lam1p25', ('training', 'cross_task_lambda'): 1.25, ('training', 'cross_task_type'): 'cosine', ('training', 'cross_task_warmup_iters'): 5000}
Resolved vars {('config', 'general', 'tag'): 'cityscapes_pad_ct_dual_cosine_w5k_lam1p25_D372_S7', 'seed': 7, ('model', 'segmentation_args', 'projection_mode'): 'dual', ('model', 'variant'): 'ct_dual_cosine_w5k_lam1p25', ('training', 'cross_task_lambda'): 1.25, ('training', 'cross_task_type'): 'cosine', ('training', 'cross_task_warmup_iters'): 5000}
Resolved base cfg vars {'seed': 25, ('model', 'segmentation_args', 'projection_mode'): 'dual', ('model', 'variant'): 'ct_dual_cosine_w5k_lam1p25', ('training', 'cross_task_lambda'): 1.25, ('training', 'cross_task_type'): 'cosine', ('training', 'cross_task_warmup_iters'): 5000}
Resolved vars {('config', 'general', 'tag'): 'cityscapes_pad_ct_dual_cosine_w5k_lam1p25_D372_S25', 'seed': 25, ('model', 'segmentation_args', 'projection_mode'): 'dual', ('model', 'variant'): 'ct_dual_cosine_w5k_lam1p25', ('training', 'cross_task_lambda'): 1.25, ('training', 'cross_task_type'): 'cosine', ('training', 'cross_task_warmup_iters'): 5000}
Resolved base cfg vars {'seed': 42, ('model', 'segmentation_args', 'projection_mode'): 'dual', ('model', 'variant'): 'ct_dual_cosine_w5k_lam1p25', ('training', 'cross_task_lambda'): 1.25, ('training', 'cross_task_type'): 'cosine', ('training', 'cross_task_warmup_iters'): 5000}
Resolved vars {('config', 'general', 'tag'): 'cityscapes_pad_ct_dual_cosine_w5k_lam1p25_D372_S42', 'seed': 42, ('model', 'segmentation_args', 'projection_mode'): 'dual', ('model', 'variant'): 'ct_dual_cosine_w5k_lam1p25', ('training', 'cross_task_lambda'): 1.25, ('training', 'cross_task_type'): 'cosine', ('training', 'cross_task_warmup_iters'): 5000}
