exp 220 run 0,1,2: single_cosine_w0_lam0p75 (3 seeds, 40h)
Start experiment cityscapes_joint_220
Run ID: cityscapes_joint_220_2026-03-23_07-19-38
Resolved base cfg vars {'seed': 7, ('model', 'segmentation_args', 'projection_mode'): 'single', ('model', 'variant'): 'ct_single_cosine_w0_lam0p75', ('training', 'cross_task_lambda'): 0.75, ('training', 'cross_task_type'): 'cosine', ('training', 'cross_task_warmup_iters'): 0}
Resolved vars {('config', 'general', 'tag'): 'cityscapes_pad_ct_single_cosine_w0_lam0p75_D372_S7', 'seed': 7, ('model', 'segmentation_args', 'projection_mode'): 'single', ('model', 'variant'): 'ct_single_cosine_w0_lam0p75', ('training', 'cross_task_lambda'): 0.75, ('training', 'cross_task_type'): 'cosine', ('training', 'cross_task_warmup_iters'): 0}
Dispatch job 0_tag=cityscapes_pad_ct_single_cosine_w0_lam0p75_D372_S7
Start 2026-03-23_07-19-390_tag=cityscapes_pad_ct_single_cosine_w0_lam0p75_D372_S7
RUNDIR: /user/work/ig23200/sde_seg/logs//cityscapes_joint_220/2026-03-23_07-19-390_tag=cityscapes_pad_ct_single_cosine_w0_lam0p75_D372_S7
Restrict subset from 2975 to 372 images ...
Use image subset [0, 2, 24, 26, 34, 36, 60, 70, 71, 87, 99, 118, 121, 125, 131, 142, 151, 172, 180, 186, 190, 194, 203, 206, 224, 226, 241, 259, 278, 280, 296, 305, 314, 318, 325, 340, 356, 361, 372, 375, 377, 386, 400, 412, 414, 415, 419, 420, 423, 426, 427, 429, 430, 433, 450, 454, 468, 474, 502, 513, 514, 523, 526, 536, 539, 547, 561, 562, 580, 582, 584, 587, 592, 603, 619, 632, 637, 643, 658, 661, 664, 666, 672, 674, 690, 699, 701, 704, 705, 707, 716, 717, 718, 727, 729, 732, 735, 746, 752, 757, 760, 795, 802, 803, 832, 836, 840, 842, 845, 847, 858, 863, 864, 879, 890, 895, 921, 928, 939, 945, 961, 964, 977, 979, 983, 992, 997, 1002, 1039, 1054, 1057, 1061, 1070, 1084, 1104, 1109, 1123, 1135, 1140, 1141, 1144, 1151, 1153, 1165, 1167, 1171, 1181, 1209, 1210, 1222, 1224, 1227, 1228, 1235, 1251, 1263, 1267, 1281, 1283, 1292, 1294, 1303, 1308, 1313, 1324, 1332, 1338, 1351, 1354, 1363, 1364, 1365, 1381, 1396, 1420, 1421, 1428, 1434, 1443, 1448, 1455, 1458, 1470, 1476, 1477, 1483, 1487, 1490, 1495, 1496, 1512, 1524, 1533, 1538, 1545, 1559, 1578, 1584, 1587, 1611, 1617, 1647, 1670, 1675, 1678, 1681, 1682, 1695, 1697, 1703, 1705, 1714, 1715, 1730, 1731, 1751, 1755, 1761, 1766, 1769, 1777, 1782, 1792, 1795, 1805, 1813, 1830, 1853, 1854, 1863, 1875, 1876, 1879, 1898, 1914, 1915, 1939, 1958, 1979, 1982, 1992, 2008, 2014, 2043, 2047, 2052, 2081, 2085, 2087, 2092, 2099, 2106, 2112, 2114, 2116, 2130, 2132, 2134, 2146, 2159, 2160, 2165, 2194, 2196, 2202, 2203, 2205, 2208, 2211, 2212, 2218, 2224, 2234, 2237, 2240, 2248, 2253, 2263, 2271, 2282, 2284, 2285, 2288, 2293, 2335, 2350, 2360, 2361, 2369, 2385, 2402, 2417, 2426, 2430, 2437, 2443, 2444, 2455, 2461, 2465, 2489, 2503, 2510, 2522, 2535, 2547, 2548, 2555, 2556, 2559, 2561, 2568, 2582, 2591, 2592, 2599, 2607, 2611, 2620, 2623, 2625, 2628, 2629, 2643, 2645, 2653, 2665, 2671, 2679, 2690, 2698, 2700, 2701, 2703, 2706, 2724, 2729, 2734, 2741, 2742, 2744, 2747, 2755, 2762, 2768, 2781, 2787, 2790, 2795, 2798, 2802, 2809, 2817, 2825, 2830, 2835, 2841, 2843, 2844, 2868, 2885, 2887, 2890, 2925, 2928, 2936, 2949, 2961, 2970, 2971, 2972, 2973] with class frequencies:
Keep 372 images
Found 372 train images
Restrict subset from 2975 to 372 images ...
Use image subset [0, 2, 24, 26, 34, 36, 60, 70, 71, 87, 99, 118, 121, 125, 131, 142, 151, 172, 180, 186, 190, 194, 203, 206, 224, 226, 241, 259, 278, 280, 296, 305, 314, 318, 325, 340, 356, 361, 372, 375, 377, 386, 400, 412, 414, 415, 419, 420, 423, 426, 427, 429, 430, 433, 450, 454, 468, 474, 502, 513, 514, 523, 526, 536, 539, 547, 561, 562, 580, 582, 584, 587, 592, 603, 619, 632, 637, 643, 658, 661, 664, 666, 672, 674, 690, 699, 701, 704, 705, 707, 716, 717, 718, 727, 729, 732, 735, 746, 752, 757, 760, 795, 802, 803, 832, 836, 840, 842, 845, 847, 858, 863, 864, 879, 890, 895, 921, 928, 939, 945, 961, 964, 977, 979, 983, 992, 997, 1002, 1039, 1054, 1057, 1061, 1070, 1084, 1104, 1109, 1123, 1135, 1140, 1141, 1144, 1151, 1153, 1165, 1167, 1171, 1181, 1209, 1210, 1222, 1224, 1227, 1228, 1235, 1251, 1263, 1267, 1281, 1283, 1292, 1294, 1303, 1308, 1313, 1324, 1332, 1338, 1351, 1354, 1363, 1364, 1365, 1381, 1396, 1420, 1421, 1428, 1434, 1443, 1448, 1455, 1458, 1470, 1476, 1477, 1483, 1487, 1490, 1495, 1496, 1512, 1524, 1533, 1538, 1545, 1559, 1578, 1584, 1587, 1611, 1617, 1647, 1670, 1675, 1678, 1681, 1682, 1695, 1697, 1703, 1705, 1714, 1715, 1730, 1731, 1751, 1755, 1761, 1766, 1769, 1777, 1782, 1792, 1795, 1805, 1813, 1830, 1853, 1854, 1863, 1875, 1876, 1879, 1898, 1914, 1915, 1939, 1958, 1979, 1982, 1992, 2008, 2014, 2043, 2047, 2052, 2081, 2085, 2087, 2092, 2099, 2106, 2112, 2114, 2116, 2130, 2132, 2134, 2146, 2159, 2160, 2165, 2194, 2196, 2202, 2203, 2205, 2208, 2211, 2212, 2218, 2224, 2234, 2237, 2240, 2248, 2253, 2263, 2271, 2282, 2284, 2285, 2288, 2293, 2335, 2350, 2360, 2361, 2369, 2385, 2402, 2417, 2426, 2430, 2437, 2443, 2444, 2455, 2461, 2465, 2489, 2503, 2510, 2522, 2535, 2547, 2548, 2555, 2556, 2559, 2561, 2568, 2582, 2591, 2592, 2599, 2607, 2611, 2620, 2623, 2625, 2628, 2629, 2643, 2645, 2653, 2665, 2671, 2679, 2690, 2698, 2700, 2701, 2703, 2706, 2724, 2729, 2734, 2741, 2742, 2744, 2747, 2755, 2762, 2768, 2781, 2787, 2790, 2795, 2798, 2802, 2809, 2817, 2825, 2830, 2835, 2841, 2843, 2844, 2868, 2885, 2887, 2890, 2925, 2928, 2936, 2949, 2961, 2970, 2971, 2972, 2973] with class frequencies:
Keep 2975 images
Found 2975 train images
Found 500 val images
Load mono_cityscapes_1024x512_r101dil_aspp_dec6_lr5_fd2_crop512x512bs4 weights
Load mono_cityscapes_1024x512_r101dil_aspp_dec6_lr5_fd2_crop512x512bs4depth weights
Load mono_cityscapes_1024x512_r101dil_aspp_dec6_lr5_fd2_crop512x512bs4depth weights
Create segmentation ema model.
Load mono_cityscapes_1024x512_r101dil_aspp_dec6_lr5_fd2_crop512x512bs4 weights
Load mono_cityscapes_1024x512_r101dil_aspp_dec6_lr5_fd2_crop512x512bs4depth weights
Load mono_cityscapes_1024x512_r101dil_aspp_dec6_lr5_fd2_crop512x512bs4depth weights
PAD run first half of decoder ([4, 3, 2]).
bottleneck shape torch.Size([2, 2048, 32, 32])
upconv4-0 shape: torch.Size([2, 256, 32, 32])
concatenated features shape: torch.Size([2, 1280, 32, 32])
upconv4-1 shape: torch.Size([2, 256, 32, 32])
upconv3-0 shape: torch.Size([2, 256, 32, 32])
concatenated features shape: torch.Size([2, 768, 64, 64])
upconv3-1 shape: torch.Size([2, 256, 64, 64])
disp3 shape: torch.Size([2, 1, 64, 64]), expected [64 64]
upconv2-0 shape: torch.Size([2, 128, 64, 64])
concatenated features shape: torch.Size([2, 384, 128, 128])
upconv2-1 shape: torch.Size([2, 128, 128, 128])
disp2 shape: torch.Size([2, 1, 128, 128]), expected [128 128]
bottleneck shape torch.Size([2, 2048, 32, 32])
upconv4-0 shape: torch.Size([2, 256, 32, 32])
concatenated features shape: torch.Size([2, 1280, 32, 32])
upconv4-1 shape: torch.Size([2, 256, 32, 32])
upconv3-0 shape: torch.Size([2, 256, 32, 32])
concatenated features shape: torch.Size([2, 768, 64, 64])
upconv3-1 shape: torch.Size([2, 256, 64, 64])
upconv2-0 shape: torch.Size([2, 128, 64, 64])
concatenated features shape: torch.Size([2, 384, 128, 128])
upconv2-1 shape: torch.Size([2, 128, 128, 128])
PAD self attention for ('upconv', 2) with shape torch.Size([2, 128, 128, 128]).
PAD run second half of decoder ([1, 0]).
bottleneck shape torch.Size([2, 128, 128, 128])
upconv1-0 shape: torch.Size([2, 128, 128, 128])
concatenated features shape: torch.Size([2, 192, 256, 256])
upconv1-1 shape: torch.Size([2, 128, 256, 256])
disp1 shape: torch.Size([2, 1, 256, 256]), expected [256 256]
upconv0-0 shape: torch.Size([2, 64, 256, 256])
concatenated features shape: torch.Size([2, 64, 512, 512])
upconv0-1 shape: torch.Size([2, 64, 512, 512])
disp0 shape: torch.Size([2, 1, 512, 512]), expected [512 512]
WARN get_lr: optimizer has more than one param group
Overall Acc: 	 0.8099791748645292
Mean Acc : 	 0.24884056041696395
FreqW Acc : 	 0.6765079051414964
Mean IoU : 	 0.2088563741304563
WARN get_lr: optimizer has more than one param group
WARN get_lr: optimizer has more than one param group
WARN get_lr: optimizer has more than one param group
WARN get_lr: optimizer has more than one param group
WARN get_lr: optimizer has more than one param group
WARN get_lr: optimizer has more than one param group
WARN get_lr: optimizer has more than one param group
WARN get_lr: optimizer has more than one param group
WARN get_lr: optimizer has more than one param group
WARN get_lr: optimizer has more than one param group
WARN get_lr: optimizer has more than one param group
WARN get_lr: optimizer has more than one param group
WARN get_lr: optimizer has more than one param group
WARN get_lr: optimizer has more than one param group
WARN get_lr: optimizer has more than one param group
WARN get_lr: optimizer has more than one param group
WARN get_lr: optimizer has more than one param group
WARN get_lr: optimizer has more than one param group
WARN get_lr: optimizer has more than one param group
WARN get_lr: optimizer has more than one param group
WARN get_lr: optimizer has more than one param group
WARN get_lr: optimizer has more than one param group
WARN get_lr: optimizer has more than one param group
WARN get_lr: optimizer has more than one param group
Overall Acc: 	 0.9158769755677171
Mean Acc : 	 0.5686933471810763
FreqW Acc : 	 0.855063654066
Mean IoU : 	 0.4675783611522033
WARN get_lr: optimizer has more than one param group
WARN get_lr: optimizer has more than one param group
WARN get_lr: optimizer has more than one param group
WARN get_lr: optimizer has more than one param group
WARN get_lr: optimizer has more than one param group
WARN get_lr: optimizer has more than one param group
WARN get_lr: optimizer has more than one param group
WARN get_lr: optimizer has more than one param group
WARN get_lr: optimizer has more than one param group
WARN get_lr: optimizer has more than one param group
WARN get_lr: optimizer has more than one param group
WARN get_lr: optimizer has more than one param group
WARN get_lr: optimizer has more than one param group
WARN get_lr: optimizer has more than one param group
WARN get_lr: optimizer has more than one param group
WARN get_lr: optimizer has more than one param group
WARN get_lr: optimizer has more than one param group
WARN get_lr: optimizer has more than one param group
WARN get_lr: optimizer has more than one param group
WARN get_lr: optimizer has more than one param group
WARN get_lr: optimizer has more than one param group
WARN get_lr: optimizer has more than one param group
WARN get_lr: optimizer has more than one param group
WARN get_lr: optimizer has more than one param group
WARN get_lr: optimizer has more than one param group
Overall Acc: 	 0.9266149312735369
Mean Acc : 	 0.6097148733065768
FreqW Acc : 	 0.8701106970636687
Mean IoU : 	 0.5248628673804245
WARN get_lr: optimizer has more than one param group
WARN get_lr: optimizer has more than one param group
WARN get_lr: optimizer has more than one param group
WARN get_lr: optimizer has more than one param group
WARN get_lr: optimizer has more than one param group
WARN get_lr: optimizer has more than one param group
WARN get_lr: optimizer has more than one param group
WARN get_lr: optimizer has more than one param group
WARN get_lr: optimizer has more than one param group
WARN get_lr: optimizer has more than one param group
WARN get_lr: optimizer has more than one param group
WARN get_lr: optimizer has more than one param group
WARN get_lr: optimizer has more than one param group
WARN get_lr: optimizer has more than one param group
WARN get_lr: optimizer has more than one param group
WARN get_lr: optimizer has more than one param group
WARN get_lr: optimizer has more than one param group
WARN get_lr: optimizer has more than one param group
WARN get_lr: optimizer has more than one param group
WARN get_lr: optimizer has more than one param group
WARN get_lr: optimizer has more than one param group
WARN get_lr: optimizer has more than one param group
WARN get_lr: optimizer has more than one param group
WARN get_lr: optimizer has more than one param group
WARN get_lr: optimizer has more than one param group
Overall Acc: 	 0.9295359153963009
Mean Acc : 	 0.639044568830133
FreqW Acc : 	 0.8754498813699444
Mean IoU : 	 0.5453603506964279
WARN get_lr: optimizer has more than one param group
WARN get_lr: optimizer has more than one param group
WARN get_lr: optimizer has more than one param group
WARN get_lr: optimizer has more than one param group
WARN get_lr: optimizer has more than one param group
WARN get_lr: optimizer has more than one param group
WARN get_lr: optimizer has more than one param group
WARN get_lr: optimizer has more than one param group
WARN get_lr: optimizer has more than one param group
WARN get_lr: optimizer has more than one param group
WARN get_lr: optimizer has more than one param group
WARN get_lr: optimizer has more than one param group
WARN get_lr: optimizer has more than one param group
WARN get_lr: optimizer has more than one param group
WARN get_lr: optimizer has more than one param group
WARN get_lr: optimizer has more than one param group
WARN get_lr: optimizer has more than one param group
WARN get_lr: optimizer has more than one param group
WARN get_lr: optimizer has more than one param group
WARN get_lr: optimizer has more than one param group
WARN get_lr: optimizer has more than one param group
WARN get_lr: optimizer has more than one param group
WARN get_lr: optimizer has more than one param group
WARN get_lr: optimizer has more than one param group
WARN get_lr: optimizer has more than one param group
Overall Acc: 	 0.9320542324509803
Mean Acc : 	 0.6629074550470642
FreqW Acc : 	 0.8798263042289524
Mean IoU : 	 0.5708423295538575
WARN get_lr: optimizer has more than one param group
WARN get_lr: optimizer has more than one param group
WARN get_lr: optimizer has more than one param group
WARN get_lr: optimizer has more than one param group
WARN get_lr: optimizer has more than one param group
WARN get_lr: optimizer has more than one param group
WARN get_lr: optimizer has more than one param group
WARN get_lr: optimizer has more than one param group
WARN get_lr: optimizer has more than one param group
WARN get_lr: optimizer has more than one param group
WARN get_lr: optimizer has more than one param group
WARN get_lr: optimizer has more than one param group
WARN get_lr: optimizer has more than one param group
WARN get_lr: optimizer has more than one param group
WARN get_lr: optimizer has more than one param group
WARN get_lr: optimizer has more than one param group
WARN get_lr: optimizer has more than one param group
WARN get_lr: optimizer has more than one param group
WARN get_lr: optimizer has more than one param group
WARN get_lr: optimizer has more than one param group
WARN get_lr: optimizer has more than one param group
WARN get_lr: optimizer has more than one param group
WARN get_lr: optimizer has more than one param group
WARN get_lr: optimizer has more than one param group
WARN get_lr: optimizer has more than one param group
Overall Acc: 	 0.9318837865630629
Mean Acc : 	 0.6781755339360847
FreqW Acc : 	 0.8797620928551246
Mean IoU : 	 0.5748831873537963
WARN get_lr: optimizer has more than one param group
WARN get_lr: optimizer has more than one param group
WARN get_lr: optimizer has more than one param group
WARN get_lr: optimizer has more than one param group
WARN get_lr: optimizer has more than one param group
WARN get_lr: optimizer has more than one param group
WARN get_lr: optimizer has more than one param group
WARN get_lr: optimizer has more than one param group
WARN get_lr: optimizer has more than one param group
WARN get_lr: optimizer has more than one param group
WARN get_lr: optimizer has more than one param group
WARN get_lr: optimizer has more than one param group
WARN get_lr: optimizer has more than one param group
WARN get_lr: optimizer has more than one param group
WARN get_lr: optimizer has more than one param group
WARN get_lr: optimizer has more than one param group
WARN get_lr: optimizer has more than one param group
WARN get_lr: optimizer has more than one param group
WARN get_lr: optimizer has more than one param group
WARN get_lr: optimizer has more than one param group
WARN get_lr: optimizer has more than one param group
WARN get_lr: optimizer has more than one param group
WARN get_lr: optimizer has more than one param group
WARN get_lr: optimizer has more than one param group
WARN get_lr: optimizer has more than one param group
Overall Acc: 	 0.9342955923872093
Mean Acc : 	 0.6825108965098495
FreqW Acc : 	 0.8832798258072381
Mean IoU : 	 0.5885544482383753
WARN get_lr: optimizer has more than one param group
WARN get_lr: optimizer has more than one param group
WARN get_lr: optimizer has more than one param group
WARN get_lr: optimizer has more than one param group
WARN get_lr: optimizer has more than one param group
WARN get_lr: optimizer has more than one param group
WARN get_lr: optimizer has more than one param group
WARN get_lr: optimizer has more than one param group
WARN get_lr: optimizer has more than one param group
WARN get_lr: optimizer has more than one param group
WARN get_lr: optimizer has more than one param group
WARN get_lr: optimizer has more than one param group
WARN get_lr: optimizer has more than one param group
WARN get_lr: optimizer has more than one param group
WARN get_lr: optimizer has more than one param group
WARN get_lr: optimizer has more than one param group
WARN get_lr: optimizer has more than one param group
WARN get_lr: optimizer has more than one param group
WARN get_lr: optimizer has more than one param group
WARN get_lr: optimizer has more than one param group
WARN get_lr: optimizer has more than one param group
WARN get_lr: optimizer has more than one param group
WARN get_lr: optimizer has more than one param group
WARN get_lr: optimizer has more than one param group
WARN get_lr: optimizer has more than one param group
Overall Acc: 	 0.919570091951831
Mean Acc : 	 0.6732368960539221
FreqW Acc : 	 0.8666379707379611
Mean IoU : 	 0.5539904650926475
WARN get_lr: optimizer has more than one param group
WARN get_lr: optimizer has more than one param group
WARN get_lr: optimizer has more than one param group
WARN get_lr: optimizer has more than one param group
WARN get_lr: optimizer has more than one param group
WARN get_lr: optimizer has more than one param group
WARN get_lr: optimizer has more than one param group
WARN get_lr: optimizer has more than one param group
WARN get_lr: optimizer has more than one param group
WARN get_lr: optimizer has more than one param group
WARN get_lr: optimizer has more than one param group
WARN get_lr: optimizer has more than one param group
WARN get_lr: optimizer has more than one param group
WARN get_lr: optimizer has more than one param group
WARN get_lr: optimizer has more than one param group
WARN get_lr: optimizer has more than one param group
WARN get_lr: optimizer has more than one param group
WARN get_lr: optimizer has more than one param group
WARN get_lr: optimizer has more than one param group
WARN get_lr: optimizer has more than one param group
WARN get_lr: optimizer has more than one param group
WARN get_lr: optimizer has more than one param group
WARN get_lr: optimizer has more than one param group
WARN get_lr: optimizer has more than one param group
WARN get_lr: optimizer has more than one param group
Overall Acc: 	 0.9354581291400946
Mean Acc : 	 0.7130066273297719
FreqW Acc : 	 0.8853766957705769
Mean IoU : 	 0.6065773560160966
WARN get_lr: optimizer has more than one param group
WARN get_lr: optimizer has more than one param group
WARN get_lr: optimizer has more than one param group
WARN get_lr: optimizer has more than one param group
WARN get_lr: optimizer has more than one param group
WARN get_lr: optimizer has more than one param group
WARN get_lr: optimizer has more than one param group
WARN get_lr: optimizer has more than one param group
WARN get_lr: optimizer has more than one param group
WARN get_lr: optimizer has more than one param group
WARN get_lr: optimizer has more than one param group
WARN get_lr: optimizer has more than one param group
WARN get_lr: optimizer has more than one param group
WARN get_lr: optimizer has more than one param group
WARN get_lr: optimizer has more than one param group
WARN get_lr: optimizer has more than one param group
WARN get_lr: optimizer has more than one param group
WARN get_lr: optimizer has more than one param group
WARN get_lr: optimizer has more than one param group
WARN get_lr: optimizer has more than one param group
WARN get_lr: optimizer has more than one param group
WARN get_lr: optimizer has more than one param group
WARN get_lr: optimizer has more than one param group
WARN get_lr: optimizer has more than one param group
WARN get_lr: optimizer has more than one param group
Overall Acc: 	 0.9347355008697378
Mean Acc : 	 0.7176098429821296
FreqW Acc : 	 0.884746065964257
Mean IoU : 	 0.6038069664959913
WARN get_lr: optimizer has more than one param group
WARN get_lr: optimizer has more than one param group
WARN get_lr: optimizer has more than one param group
WARN get_lr: optimizer has more than one param group
WARN get_lr: optimizer has more than one param group
WARN get_lr: optimizer has more than one param group
WARN get_lr: optimizer has more than one param group
WARN get_lr: optimizer has more than one param group
WARN get_lr: optimizer has more than one param group
WARN get_lr: optimizer has more than one param group
WARN get_lr: optimizer has more than one param group
WARN get_lr: optimizer has more than one param group
WARN get_lr: optimizer has more than one param group
WARN get_lr: optimizer has more than one param group
WARN get_lr: optimizer has more than one param group
WARN get_lr: optimizer has more than one param group
WARN get_lr: optimizer has more than one param group
WARN get_lr: optimizer has more than one param group
WARN get_lr: optimizer has more than one param group
WARN get_lr: optimizer has more than one param group
WARN get_lr: optimizer has more than one param group
WARN get_lr: optimizer has more than one param group
WARN get_lr: optimizer has more than one param group
WARN get_lr: optimizer has more than one param group
WARN get_lr: optimizer has more than one param group
Overall Acc: 	 0.936491863034497
Mean Acc : 	 0.7104283460259013
FreqW Acc : 	 0.8870320773091007
Mean IoU : 	 0.6078184242972916
WARN get_lr: optimizer has more than one param group
WARN get_lr: optimizer has more than one param group
WARN get_lr: optimizer has more than one param group
WARN get_lr: optimizer has more than one param group
WARN get_lr: optimizer has more than one param group
WARN get_lr: optimizer has more than one param group
WARN get_lr: optimizer has more than one param group
WARN get_lr: optimizer has more than one param group
WARN get_lr: optimizer has more than one param group
WARN get_lr: optimizer has more than one param group
WARN get_lr: optimizer has more than one param group
WARN get_lr: optimizer has more than one param group
WARN get_lr: optimizer has more than one param group
WARN get_lr: optimizer has more than one param group
WARN get_lr: optimizer has more than one param group
WARN get_lr: optimizer has more than one param group
WARN get_lr: optimizer has more than one param group
WARN get_lr: optimizer has more than one param group
WARN get_lr: optimizer has more than one param group
WARN get_lr: optimizer has more than one param group
WARN get_lr: optimizer has more than one param group
WARN get_lr: optimizer has more than one param group
WARN get_lr: optimizer has more than one param group
WARN get_lr: optimizer has more than one param group
WARN get_lr: optimizer has more than one param group
Overall Acc: 	 0.9364832212116069
Mean Acc : 	 0.7115519024391489
FreqW Acc : 	 0.8860093917145444
Mean IoU : 	 0.611889172042994
WARN get_lr: optimizer has more than one param group
WARN get_lr: optimizer has more than one param group
WARN get_lr: optimizer has more than one param group
WARN get_lr: optimizer has more than one param group
WARN get_lr: optimizer has more than one param group
WARN get_lr: optimizer has more than one param group
WARN get_lr: optimizer has more than one param group
WARN get_lr: optimizer has more than one param group
WARN get_lr: optimizer has more than one param group
WARN get_lr: optimizer has more than one param group
WARN get_lr: optimizer has more than one param group
WARN get_lr: optimizer has more than one param group
WARN get_lr: optimizer has more than one param group
WARN get_lr: optimizer has more than one param group
WARN get_lr: optimizer has more than one param group
WARN get_lr: optimizer has more than one param group
WARN get_lr: optimizer has more than one param group
WARN get_lr: optimizer has more than one param group
WARN get_lr: optimizer has more than one param group
WARN get_lr: optimizer has more than one param group
WARN get_lr: optimizer has more than one param group
WARN get_lr: optimizer has more than one param group
WARN get_lr: optimizer has more than one param group
WARN get_lr: optimizer has more than one param group
WARN get_lr: optimizer has more than one param group
Overall Acc: 	 0.9353897710559509
Mean Acc : 	 0.6956106496872302
FreqW Acc : 	 0.8847360094109962
Mean IoU : 	 0.603153082946109
WARN get_lr: optimizer has more than one param group
WARN get_lr: optimizer has more than one param group
WARN get_lr: optimizer has more than one param group
WARN get_lr: optimizer has more than one param group
WARN get_lr: optimizer has more than one param group
Overall Acc: 	 0.9385273373204869
Mean Acc : 	 0.7103516817085683
FreqW Acc : 	 0.88953945306837
Mean IoU : 	 0.6168456197943671
WARN get_lr: optimizer has more than one param group
WARN get_lr: optimizer has more than one param group
WARN get_lr: optimizer has more than one param group
WARN get_lr: optimizer has more than one param group
WARN get_lr: optimizer has more than one param group
Overall Acc: 	 0.938531049683576
Mean Acc : 	 0.7164577179732228
FreqW Acc : 	 0.8898332471652616
Mean IoU : 	 0.6192202897031905
WARN get_lr: optimizer has more than one param group
WARN get_lr: optimizer has more than one param group
WARN get_lr: optimizer has more than one param group
WARN get_lr: optimizer has more than one param group
WARN get_lr: optimizer has more than one param group
Overall Acc: 	 0.9385641381371963
Mean Acc : 	 0.71239746466536
FreqW Acc : 	 0.8897991757263569
Mean IoU : 	 0.6167847637951308
WARN get_lr: optimizer has more than one param group
WARN get_lr: optimizer has more than one param group
WARN get_lr: optimizer has more than one param group
WARN get_lr: optimizer has more than one param group
WARN get_lr: optimizer has more than one param group
Overall Acc: 	 0.9385167237136763
Mean Acc : 	 0.7152955331392883
FreqW Acc : 	 0.8897424242593421
Mean IoU : 	 0.6179378878368399
WARN get_lr: optimizer has more than one param group
WARN get_lr: optimizer has more than one param group
WARN get_lr: optimizer has more than one param group
WARN get_lr: optimizer has more than one param group
WARN get_lr: optimizer has more than one param group
Overall Acc: 	 0.9385672048719221
Mean Acc : 	 0.7159132083651389
FreqW Acc : 	 0.8897783432358849
Mean IoU : 	 0.6194999012495929
WARN get_lr: optimizer has more than one param group
WARN get_lr: optimizer has more than one param group
WARN get_lr: optimizer has more than one param group
WARN get_lr: optimizer has more than one param group
WARN get_lr: optimizer has more than one param group
Overall Acc: 	 0.9381616673750329
Mean Acc : 	 0.7086017634856422
FreqW Acc : 	 0.8889485030312041
Mean IoU : 	 0.6166986670315885
WARN get_lr: optimizer has more than one param group
WARN get_lr: optimizer has more than one param group
WARN get_lr: optimizer has more than one param group
WARN get_lr: optimizer has more than one param group
WARN get_lr: optimizer has more than one param group
Overall Acc: 	 0.9382813834505375
Mean Acc : 	 0.7163796637964137
FreqW Acc : 	 0.8894636326836715
Mean IoU : 	 0.6171956899894369
WARN get_lr: optimizer has more than one param group
WARN get_lr: optimizer has more than one param group
WARN get_lr: optimizer has more than one param group
WARN get_lr: optimizer has more than one param group
WARN get_lr: optimizer has more than one param group
Overall Acc: 	 0.9386865370602917
Mean Acc : 	 0.7147669787957641
FreqW Acc : 	 0.8898690478895515
Mean IoU : 	 0.6200750719544078
WARN get_lr: optimizer has more than one param group
WARN get_lr: optimizer has more than one param group
WARN get_lr: optimizer has more than one param group
WARN get_lr: optimizer has more than one param group
WARN get_lr: optimizer has more than one param group
Overall Acc: 	 0.9383777478461173
Mean Acc : 	 0.7172955275864468
FreqW Acc : 	 0.8895724928391646
Mean IoU : 	 0.618841186687944
WARN get_lr: optimizer has more than one param group
WARN get_lr: optimizer has more than one param group
WARN get_lr: optimizer has more than one param group
WARN get_lr: optimizer has more than one param group
WARN get_lr: optimizer has more than one param group
Overall Acc: 	 0.9386464644782276
Mean Acc : 	 0.7242648461369803
FreqW Acc : 	 0.8902260065743243
Mean IoU : 	 0.6217374877636156
WARN get_lr: optimizer has more than one param group
WARN get_lr: optimizer has more than one param group
WARN get_lr: optimizer has more than one param group
WARN get_lr: optimizer has more than one param group
WARN get_lr: optimizer has more than one param group
Overall Acc: 	 0.9387896587419173
Mean Acc : 	 0.7170675758447523
FreqW Acc : 	 0.8903436515875478
Mean IoU : 	 0.6187807515956116
WARN get_lr: optimizer has more than one param group
WARN get_lr: optimizer has more than one param group
WARN get_lr: optimizer has more than one param group
WARN get_lr: optimizer has more than one param group
WARN get_lr: optimizer has more than one param group
Overall Acc: 	 0.939111770584616
Mean Acc : 	 0.7180104575748336
FreqW Acc : 	 0.8908885557278662
Mean IoU : 	 0.6211143814652015
WARN get_lr: optimizer has more than one param group
WARN get_lr: optimizer has more than one param group
WARN get_lr: optimizer has more than one param group
WARN get_lr: optimizer has more than one param group
WARN get_lr: optimizer has more than one param group
Overall Acc: 	 0.9381569909317526
Mean Acc : 	 0.7196420973837766
FreqW Acc : 	 0.8894756208009952
Mean IoU : 	 0.6200506471184348
WARN get_lr: optimizer has more than one param group
WARN get_lr: optimizer has more than one param group
WARN get_lr: optimizer has more than one param group
WARN get_lr: optimizer has more than one param group
WARN get_lr: optimizer has more than one param group
Overall Acc: 	 0.9384125507047834
Mean Acc : 	 0.7189034671823955
FreqW Acc : 	 0.8899450632805114
Mean IoU : 	 0.617428314453592
WARN get_lr: optimizer has more than one param group
WARN get_lr: optimizer has more than one param group
WARN get_lr: optimizer has more than one param group
WARN get_lr: optimizer has more than one param group
WARN get_lr: optimizer has more than one param group
Overall Acc: 	 0.9382412105343358
Mean Acc : 	 0.7103187177166512
FreqW Acc : 	 0.8893589815539873
Mean IoU : 	 0.613468080697352
WARN get_lr: optimizer has more than one param group
WARN get_lr: optimizer has more than one param group
WARN get_lr: optimizer has more than one param group
WARN get_lr: optimizer has more than one param group
WARN get_lr: optimizer has more than one param group
Overall Acc: 	 0.9377645623080513
Mean Acc : 	 0.7156691468764028
FreqW Acc : 	 0.8887872192665278
Mean IoU : 	 0.6140927484158345
WARN get_lr: optimizer has more than one param group
WARN get_lr: optimizer has more than one param group
WARN get_lr: optimizer has more than one param group
WARN get_lr: optimizer has more than one param group
WARN get_lr: optimizer has more than one param group
Overall Acc: 	 0.9386079667058875
Mean Acc : 	 0.7253940342743276
FreqW Acc : 	 0.8905480232443318
Mean IoU : 	 0.6197826355023813
WARN get_lr: optimizer has more than one param group
WARN get_lr: optimizer has more than one param group
WARN get_lr: optimizer has more than one param group
WARN get_lr: optimizer has more than one param group
WARN get_lr: optimizer has more than one param group
Overall Acc: 	 0.9383569176066925
Mean Acc : 	 0.7189441484151342
FreqW Acc : 	 0.8895349716014395
Mean IoU : 	 0.6181001718330909
WARN get_lr: optimizer has more than one param group
WARN get_lr: optimizer has more than one param group
WARN get_lr: optimizer has more than one param group
WARN get_lr: optimizer has more than one param group
WARN get_lr: optimizer has more than one param group
Overall Acc: 	 0.9386126954974136
Mean Acc : 	 0.7173057186769679
FreqW Acc : 	 0.8902746889735998
Mean IoU : 	 0.6187287690606015
WARN get_lr: optimizer has more than one param group
WARN get_lr: optimizer has more than one param group
WARN get_lr: optimizer has more than one param group
WARN get_lr: optimizer has more than one param group
WARN get_lr: optimizer has more than one param group
Overall Acc: 	 0.938783023601778
Mean Acc : 	 0.7115901219685679
FreqW Acc : 	 0.8901948397719468
Mean IoU : 	 0.6157519005864182
Resolved base cfg vars {'seed': 25, ('model', 'segmentation_args', 'projection_mode'): 'single', ('model', 'variant'): 'ct_single_cosine_w0_lam0p75', ('training', 'cross_task_lambda'): 0.75, ('training', 'cross_task_type'): 'cosine', ('training', 'cross_task_warmup_iters'): 0}
Resolved vars {('config', 'general', 'tag'): 'cityscapes_pad_ct_single_cosine_w0_lam0p75_D372_S25', 'seed': 25, ('model', 'segmentation_args', 'projection_mode'): 'single', ('model', 'variant'): 'ct_single_cosine_w0_lam0p75', ('training', 'cross_task_lambda'): 0.75, ('training', 'cross_task_type'): 'cosine', ('training', 'cross_task_warmup_iters'): 0}
Dispatch job 1_tag=cityscapes_pad_ct_single_cosine_w0_lam0p75_D372_S25
Start 2026-03-23_17-12-561_tag=cityscapes_pad_ct_single_cosine_w0_lam0p75_D372_S25
RUNDIR: /user/work/ig23200/sde_seg/logs//cityscapes_joint_220/2026-03-23_17-12-561_tag=cityscapes_pad_ct_single_cosine_w0_lam0p75_D372_S25
Restrict subset from 2975 to 372 images ...
Use image subset [7, 27, 35, 45, 48, 51, 55, 64, 81, 85, 103, 109, 111, 118, 123, 134, 135, 137, 166, 172, 176, 181, 182, 199, 201, 208, 241, 252, 256, 263, 273, 281, 289, 298, 302, 311, 314, 328, 329, 330, 335, 345, 346, 347, 349, 363, 365, 373, 387, 395, 399, 406, 408, 414, 431, 443, 444, 448, 450, 455, 462, 465, 477, 478, 484, 508, 510, 514, 522, 541, 556, 559, 568, 577, 586, 615, 617, 618, 629, 636, 638, 642, 646, 653, 670, 675, 682, 691, 698, 699, 700, 718, 725, 730, 731, 732, 746, 760, 769, 791, 800, 806, 819, 827, 831, 839, 844, 863, 867, 868, 875, 887, 899, 906, 919, 924, 939, 942, 946, 949, 967, 973, 975, 987, 993, 999, 1000, 1006, 1017, 1020, 1024, 1035, 1038, 1044, 1054, 1058, 1064, 1070, 1076, 1082, 1090, 1094, 1104, 1110, 1115, 1117, 1118, 1147, 1152, 1162, 1166, 1169, 1172, 1180, 1190, 1194, 1204, 1207, 1217, 1219, 1226, 1235, 1261, 1275, 1280, 1293, 1296, 1299, 1303, 1305, 1338, 1340, 1371, 1380, 1384, 1396, 1404, 1413, 1433, 1449, 1452, 1463, 1474, 1488, 1492, 1510, 1520, 1531, 1532, 1533, 1557, 1560, 1566, 1577, 1595, 1597, 1602, 1608, 1624, 1627, 1629, 1640, 1644, 1648, 1657, 1686, 1705, 1711, 1713, 1720, 1724, 1730, 1760, 1766, 1769, 1770, 1779, 1794, 1797, 1803, 1810, 1818, 1827, 1831, 1832, 1837, 1844, 1845, 1849, 1851, 1860, 1876, 1883, 1890, 1901, 1905, 1907, 1908, 1911, 1918, 1926, 1946, 1947, 1950, 1953, 1959, 1971, 1976, 1980, 1981, 1986, 1989, 1999, 2015, 2021, 2022, 2029, 2042, 2043, 2055, 2057, 2080, 2100, 2107, 2109, 2116, 2117, 2124, 2136, 2139, 2151, 2153, 2156, 2160, 2171, 2187, 2188, 2207, 2218, 2223, 2230, 2239, 2245, 2247, 2257, 2267, 2272, 2280, 2284, 2287, 2290, 2291, 2293, 2301, 2302, 2306, 2314, 2326, 2338, 2342, 2355, 2362, 2365, 2373, 2385, 2402, 2404, 2405, 2438, 2444, 2452, 2462, 2468, 2507, 2508, 2510, 2527, 2528, 2546, 2553, 2554, 2558, 2570, 2571, 2580, 2606, 2618, 2625, 2629, 2636, 2649, 2655, 2663, 2679, 2680, 2683, 2695, 2700, 2704, 2711, 2715, 2720, 2722, 2728, 2734, 2738, 2752, 2758, 2759, 2775, 2777, 2782, 2791, 2799, 2809, 2830, 2839, 2843, 2852, 2854, 2856, 2859, 2871, 2890, 2892, 2901, 2921, 2923, 2925, 2950, 2960, 2969] with class frequencies:
Keep 372 images
Found 372 train images
Restrict subset from 2975 to 372 images ...
Use image subset [7, 27, 35, 45, 48, 51, 55, 64, 81, 85, 103, 109, 111, 118, 123, 134, 135, 137, 166, 172, 176, 181, 182, 199, 201, 208, 241, 252, 256, 263, 273, 281, 289, 298, 302, 311, 314, 328, 329, 330, 335, 345, 346, 347, 349, 363, 365, 373, 387, 395, 399, 406, 408, 414, 431, 443, 444, 448, 450, 455, 462, 465, 477, 478, 484, 508, 510, 514, 522, 541, 556, 559, 568, 577, 586, 615, 617, 618, 629, 636, 638, 642, 646, 653, 670, 675, 682, 691, 698, 699, 700, 718, 725, 730, 731, 732, 746, 760, 769, 791, 800, 806, 819, 827, 831, 839, 844, 863, 867, 868, 875, 887, 899, 906, 919, 924, 939, 942, 946, 949, 967, 973, 975, 987, 993, 999, 1000, 1006, 1017, 1020, 1024, 1035, 1038, 1044, 1054, 1058, 1064, 1070, 1076, 1082, 1090, 1094, 1104, 1110, 1115, 1117, 1118, 1147, 1152, 1162, 1166, 1169, 1172, 1180, 1190, 1194, 1204, 1207, 1217, 1219, 1226, 1235, 1261, 1275, 1280, 1293, 1296, 1299, 1303, 1305, 1338, 1340, 1371, 1380, 1384, 1396, 1404, 1413, 1433, 1449, 1452, 1463, 1474, 1488, 1492, 1510, 1520, 1531, 1532, 1533, 1557, 1560, 1566, 1577, 1595, 1597, 1602, 1608, 1624, 1627, 1629, 1640, 1644, 1648, 1657, 1686, 1705, 1711, 1713, 1720, 1724, 1730, 1760, 1766, 1769, 1770, 1779, 1794, 1797, 1803, 1810, 1818, 1827, 1831, 1832, 1837, 1844, 1845, 1849, 1851, 1860, 1876, 1883, 1890, 1901, 1905, 1907, 1908, 1911, 1918, 1926, 1946, 1947, 1950, 1953, 1959, 1971, 1976, 1980, 1981, 1986, 1989, 1999, 2015, 2021, 2022, 2029, 2042, 2043, 2055, 2057, 2080, 2100, 2107, 2109, 2116, 2117, 2124, 2136, 2139, 2151, 2153, 2156, 2160, 2171, 2187, 2188, 2207, 2218, 2223, 2230, 2239, 2245, 2247, 2257, 2267, 2272, 2280, 2284, 2287, 2290, 2291, 2293, 2301, 2302, 2306, 2314, 2326, 2338, 2342, 2355, 2362, 2365, 2373, 2385, 2402, 2404, 2405, 2438, 2444, 2452, 2462, 2468, 2507, 2508, 2510, 2527, 2528, 2546, 2553, 2554, 2558, 2570, 2571, 2580, 2606, 2618, 2625, 2629, 2636, 2649, 2655, 2663, 2679, 2680, 2683, 2695, 2700, 2704, 2711, 2715, 2720, 2722, 2728, 2734, 2738, 2752, 2758, 2759, 2775, 2777, 2782, 2791, 2799, 2809, 2830, 2839, 2843, 2852, 2854, 2856, 2859, 2871, 2890, 2892, 2901, 2921, 2923, 2925, 2950, 2960, 2969] with class frequencies:
Keep 2975 images
Found 2975 train images
Found 500 val images
Load mono_cityscapes_1024x512_r101dil_aspp_dec6_lr5_fd2_crop512x512bs4 weights
Load mono_cityscapes_1024x512_r101dil_aspp_dec6_lr5_fd2_crop512x512bs4depth weights
Load mono_cityscapes_1024x512_r101dil_aspp_dec6_lr5_fd2_crop512x512bs4depth weights
Create segmentation ema model.
Load mono_cityscapes_1024x512_r101dil_aspp_dec6_lr5_fd2_crop512x512bs4 weights
Load mono_cityscapes_1024x512_r101dil_aspp_dec6_lr5_fd2_crop512x512bs4depth weights
Load mono_cityscapes_1024x512_r101dil_aspp_dec6_lr5_fd2_crop512x512bs4depth weights
WARN get_lr: optimizer has more than one param group
Overall Acc: 	 0.8388958528293287
Mean Acc : 	 0.26458858805089147
FreqW Acc : 	 0.7254523077452548
Mean IoU : 	 0.2212377376965595
WARN get_lr: optimizer has more than one param group
WARN get_lr: optimizer has more than one param group
WARN get_lr: optimizer has more than one param group
WARN get_lr: optimizer has more than one param group
WARN get_lr: optimizer has more than one param group
WARN get_lr: optimizer has more than one param group
WARN get_lr: optimizer has more than one param group
WARN get_lr: optimizer has more than one param group
WARN get_lr: optimizer has more than one param group
WARN get_lr: optimizer has more than one param group
WARN get_lr: optimizer has more than one param group
WARN get_lr: optimizer has more than one param group
WARN get_lr: optimizer has more than one param group
WARN get_lr: optimizer has more than one param group
WARN get_lr: optimizer has more than one param group
WARN get_lr: optimizer has more than one param group
WARN get_lr: optimizer has more than one param group
WARN get_lr: optimizer has more than one param group
WARN get_lr: optimizer has more than one param group
WARN get_lr: optimizer has more than one param group
WARN get_lr: optimizer has more than one param group
WARN get_lr: optimizer has more than one param group
WARN get_lr: optimizer has more than one param group
WARN get_lr: optimizer has more than one param group
Overall Acc: 	 0.914737127416978
Mean Acc : 	 0.5085020716753517
FreqW Acc : 	 0.8498792667185634
Mean IoU : 	 0.4253778445443231
WARN get_lr: optimizer has more than one param group
WARN get_lr: optimizer has more than one param group
WARN get_lr: optimizer has more than one param group
WARN get_lr: optimizer has more than one param group
WARN get_lr: optimizer has more than one param group
WARN get_lr: optimizer has more than one param group
WARN get_lr: optimizer has more than one param group
WARN get_lr: optimizer has more than one param group
WARN get_lr: optimizer has more than one param group
WARN get_lr: optimizer has more than one param group
WARN get_lr: optimizer has more than one param group
WARN get_lr: optimizer has more than one param group
WARN get_lr: optimizer has more than one param group
WARN get_lr: optimizer has more than one param group
WARN get_lr: optimizer has more than one param group
WARN get_lr: optimizer has more than one param group
WARN get_lr: optimizer has more than one param group
WARN get_lr: optimizer has more than one param group
WARN get_lr: optimizer has more than one param group
WARN get_lr: optimizer has more than one param group
WARN get_lr: optimizer has more than one param group
WARN get_lr: optimizer has more than one param group
WARN get_lr: optimizer has more than one param group
WARN get_lr: optimizer has more than one param group
WARN get_lr: optimizer has more than one param group
Overall Acc: 	 0.9246719388882392
Mean Acc : 	 0.5821713175470815
FreqW Acc : 	 0.8669954603856287
Mean IoU : 	 0.497925793955921
WARN get_lr: optimizer has more than one param group
WARN get_lr: optimizer has more than one param group
WARN get_lr: optimizer has more than one param group
WARN get_lr: optimizer has more than one param group
WARN get_lr: optimizer has more than one param group
WARN get_lr: optimizer has more than one param group
WARN get_lr: optimizer has more than one param group
WARN get_lr: optimizer has more than one param group
WARN get_lr: optimizer has more than one param group
WARN get_lr: optimizer has more than one param group
WARN get_lr: optimizer has more than one param group
WARN get_lr: optimizer has more than one param group
WARN get_lr: optimizer has more than one param group
WARN get_lr: optimizer has more than one param group
WARN get_lr: optimizer has more than one param group
WARN get_lr: optimizer has more than one param group
WARN get_lr: optimizer has more than one param group
WARN get_lr: optimizer has more than one param group
WARN get_lr: optimizer has more than one param group
WARN get_lr: optimizer has more than one param group
WARN get_lr: optimizer has more than one param group
WARN get_lr: optimizer has more than one param group
WARN get_lr: optimizer has more than one param group
WARN get_lr: optimizer has more than one param group
WARN get_lr: optimizer has more than one param group
Overall Acc: 	 0.9283547775667857
Mean Acc : 	 0.6188687026557256
FreqW Acc : 	 0.8729360140085275
Mean IoU : 	 0.532211696891539
WARN get_lr: optimizer has more than one param group
WARN get_lr: optimizer has more than one param group
WARN get_lr: optimizer has more than one param group
WARN get_lr: optimizer has more than one param group
WARN get_lr: optimizer has more than one param group
WARN get_lr: optimizer has more than one param group
WARN get_lr: optimizer has more than one param group
WARN get_lr: optimizer has more than one param group
WARN get_lr: optimizer has more than one param group
WARN get_lr: optimizer has more than one param group
WARN get_lr: optimizer has more than one param group
WARN get_lr: optimizer has more than one param group
WARN get_lr: optimizer has more than one param group
WARN get_lr: optimizer has more than one param group
WARN get_lr: optimizer has more than one param group
WARN get_lr: optimizer has more than one param group
WARN get_lr: optimizer has more than one param group
WARN get_lr: optimizer has more than one param group
WARN get_lr: optimizer has more than one param group
WARN get_lr: optimizer has more than one param group
WARN get_lr: optimizer has more than one param group
WARN get_lr: optimizer has more than one param group
WARN get_lr: optimizer has more than one param group
WARN get_lr: optimizer has more than one param group
WARN get_lr: optimizer has more than one param group
Overall Acc: 	 0.9308076113284797
Mean Acc : 	 0.6469203170272728
FreqW Acc : 	 0.8773725320268541
Mean IoU : 	 0.5585256511153281
WARN get_lr: optimizer has more than one param group
WARN get_lr: optimizer has more than one param group
WARN get_lr: optimizer has more than one param group
WARN get_lr: optimizer has more than one param group
WARN get_lr: optimizer has more than one param group
WARN get_lr: optimizer has more than one param group
WARN get_lr: optimizer has more than one param group
WARN get_lr: optimizer has more than one param group
WARN get_lr: optimizer has more than one param group
WARN get_lr: optimizer has more than one param group
WARN get_lr: optimizer has more than one param group
WARN get_lr: optimizer has more than one param group
WARN get_lr: optimizer has more than one param group
WARN get_lr: optimizer has more than one param group
WARN get_lr: optimizer has more than one param group
WARN get_lr: optimizer has more than one param group
WARN get_lr: optimizer has more than one param group
WARN get_lr: optimizer has more than one param group
WARN get_lr: optimizer has more than one param group
WARN get_lr: optimizer has more than one param group
WARN get_lr: optimizer has more than one param group
WARN get_lr: optimizer has more than one param group
WARN get_lr: optimizer has more than one param group
WARN get_lr: optimizer has more than one param group
WARN get_lr: optimizer has more than one param group
Overall Acc: 	 0.931888694211095
Mean Acc : 	 0.6681266303699916
FreqW Acc : 	 0.879753527911882
Mean IoU : 	 0.5738628981637688
WARN get_lr: optimizer has more than one param group
WARN get_lr: optimizer has more than one param group
WARN get_lr: optimizer has more than one param group
WARN get_lr: optimizer has more than one param group
WARN get_lr: optimizer has more than one param group
WARN get_lr: optimizer has more than one param group
WARN get_lr: optimizer has more than one param group
WARN get_lr: optimizer has more than one param group
WARN get_lr: optimizer has more than one param group
WARN get_lr: optimizer has more than one param group
WARN get_lr: optimizer has more than one param group
WARN get_lr: optimizer has more than one param group
WARN get_lr: optimizer has more than one param group
WARN get_lr: optimizer has more than one param group
WARN get_lr: optimizer has more than one param group
WARN get_lr: optimizer has more than one param group
WARN get_lr: optimizer has more than one param group
WARN get_lr: optimizer has more than one param group
WARN get_lr: optimizer has more than one param group
WARN get_lr: optimizer has more than one param group
WARN get_lr: optimizer has more than one param group
WARN get_lr: optimizer has more than one param group
WARN get_lr: optimizer has more than one param group
WARN get_lr: optimizer has more than one param group
WARN get_lr: optimizer has more than one param group
Overall Acc: 	 0.9343042734712836
Mean Acc : 	 0.7076723858144125
FreqW Acc : 	 0.8828299197615062
Mean IoU : 	 0.6061024829744407
WARN get_lr: optimizer has more than one param group
WARN get_lr: optimizer has more than one param group
WARN get_lr: optimizer has more than one param group
WARN get_lr: optimizer has more than one param group
WARN get_lr: optimizer has more than one param group
WARN get_lr: optimizer has more than one param group
WARN get_lr: optimizer has more than one param group
WARN get_lr: optimizer has more than one param group
WARN get_lr: optimizer has more than one param group
WARN get_lr: optimizer has more than one param group
WARN get_lr: optimizer has more than one param group
WARN get_lr: optimizer has more than one param group
WARN get_lr: optimizer has more than one param group
WARN get_lr: optimizer has more than one param group
WARN get_lr: optimizer has more than one param group
WARN get_lr: optimizer has more than one param group
WARN get_lr: optimizer has more than one param group
WARN get_lr: optimizer has more than one param group
WARN get_lr: optimizer has more than one param group
WARN get_lr: optimizer has more than one param group
WARN get_lr: optimizer has more than one param group
WARN get_lr: optimizer has more than one param group
WARN get_lr: optimizer has more than one param group
WARN get_lr: optimizer has more than one param group
WARN get_lr: optimizer has more than one param group
Overall Acc: 	 0.9355531848295325
Mean Acc : 	 0.6976814731213292
FreqW Acc : 	 0.8849609890090149
Mean IoU : 	 0.59841491404928
WARN get_lr: optimizer has more than one param group
WARN get_lr: optimizer has more than one param group
WARN get_lr: optimizer has more than one param group
WARN get_lr: optimizer has more than one param group
WARN get_lr: optimizer has more than one param group
WARN get_lr: optimizer has more than one param group
WARN get_lr: optimizer has more than one param group
WARN get_lr: optimizer has more than one param group
WARN get_lr: optimizer has more than one param group
WARN get_lr: optimizer has more than one param group
WARN get_lr: optimizer has more than one param group
WARN get_lr: optimizer has more than one param group
WARN get_lr: optimizer has more than one param group
WARN get_lr: optimizer has more than one param group
WARN get_lr: optimizer has more than one param group
WARN get_lr: optimizer has more than one param group
WARN get_lr: optimizer has more than one param group
WARN get_lr: optimizer has more than one param group
WARN get_lr: optimizer has more than one param group
WARN get_lr: optimizer has more than one param group
WARN get_lr: optimizer has more than one param group
WARN get_lr: optimizer has more than one param group
WARN get_lr: optimizer has more than one param group
WARN get_lr: optimizer has more than one param group
WARN get_lr: optimizer has more than one param group
Overall Acc: 	 0.9346281215307972
Mean Acc : 	 0.7123620385184715
FreqW Acc : 	 0.8845488897821115
Mean IoU : 	 0.5988686678130637
WARN get_lr: optimizer has more than one param group
WARN get_lr: optimizer has more than one param group
WARN get_lr: optimizer has more than one param group
WARN get_lr: optimizer has more than one param group
WARN get_lr: optimizer has more than one param group
WARN get_lr: optimizer has more than one param group
WARN get_lr: optimizer has more than one param group
WARN get_lr: optimizer has more than one param group
WARN get_lr: optimizer has more than one param group
WARN get_lr: optimizer has more than one param group
WARN get_lr: optimizer has more than one param group
WARN get_lr: optimizer has more than one param group
WARN get_lr: optimizer has more than one param group
WARN get_lr: optimizer has more than one param group
WARN get_lr: optimizer has more than one param group
WARN get_lr: optimizer has more than one param group
WARN get_lr: optimizer has more than one param group
WARN get_lr: optimizer has more than one param group
WARN get_lr: optimizer has more than one param group
WARN get_lr: optimizer has more than one param group
WARN get_lr: optimizer has more than one param group
WARN get_lr: optimizer has more than one param group
WARN get_lr: optimizer has more than one param group
WARN get_lr: optimizer has more than one param group
WARN get_lr: optimizer has more than one param group
Overall Acc: 	 0.9353170855168313
Mean Acc : 	 0.7108226753611625
FreqW Acc : 	 0.8852314627869055
Mean IoU : 	 0.6084688510531011
WARN get_lr: optimizer has more than one param group
WARN get_lr: optimizer has more than one param group
WARN get_lr: optimizer has more than one param group
WARN get_lr: optimizer has more than one param group
WARN get_lr: optimizer has more than one param group
WARN get_lr: optimizer has more than one param group
WARN get_lr: optimizer has more than one param group
WARN get_lr: optimizer has more than one param group
WARN get_lr: optimizer has more than one param group
WARN get_lr: optimizer has more than one param group
WARN get_lr: optimizer has more than one param group
WARN get_lr: optimizer has more than one param group
WARN get_lr: optimizer has more than one param group
WARN get_lr: optimizer has more than one param group
WARN get_lr: optimizer has more than one param group
WARN get_lr: optimizer has more than one param group
WARN get_lr: optimizer has more than one param group
WARN get_lr: optimizer has more than one param group
WARN get_lr: optimizer has more than one param group
WARN get_lr: optimizer has more than one param group
WARN get_lr: optimizer has more than one param group
WARN get_lr: optimizer has more than one param group
WARN get_lr: optimizer has more than one param group
WARN get_lr: optimizer has more than one param group
WARN get_lr: optimizer has more than one param group
Overall Acc: 	 0.9368699482388835
Mean Acc : 	 0.7157735528063419
FreqW Acc : 	 0.8875702169161127
Mean IoU : 	 0.615094628069371
WARN get_lr: optimizer has more than one param group
WARN get_lr: optimizer has more than one param group
WARN get_lr: optimizer has more than one param group
WARN get_lr: optimizer has more than one param group
WARN get_lr: optimizer has more than one param group
WARN get_lr: optimizer has more than one param group
WARN get_lr: optimizer has more than one param group
WARN get_lr: optimizer has more than one param group
WARN get_lr: optimizer has more than one param group
WARN get_lr: optimizer has more than one param group
WARN get_lr: optimizer has more than one param group
WARN get_lr: optimizer has more than one param group
WARN get_lr: optimizer has more than one param group
WARN get_lr: optimizer has more than one param group
WARN get_lr: optimizer has more than one param group
WARN get_lr: optimizer has more than one param group
WARN get_lr: optimizer has more than one param group
WARN get_lr: optimizer has more than one param group
WARN get_lr: optimizer has more than one param group
WARN get_lr: optimizer has more than one param group
WARN get_lr: optimizer has more than one param group
WARN get_lr: optimizer has more than one param group
WARN get_lr: optimizer has more than one param group
WARN get_lr: optimizer has more than one param group
WARN get_lr: optimizer has more than one param group
Overall Acc: 	 0.937751645378431
Mean Acc : 	 0.7099740527826846
FreqW Acc : 	 0.8882115228895181
Mean IoU : 	 0.6199167446231134
WARN get_lr: optimizer has more than one param group
WARN get_lr: optimizer has more than one param group
WARN get_lr: optimizer has more than one param group
WARN get_lr: optimizer has more than one param group
WARN get_lr: optimizer has more than one param group
WARN get_lr: optimizer has more than one param group
WARN get_lr: optimizer has more than one param group
WARN get_lr: optimizer has more than one param group
WARN get_lr: optimizer has more than one param group
WARN get_lr: optimizer has more than one param group
WARN get_lr: optimizer has more than one param group
WARN get_lr: optimizer has more than one param group
WARN get_lr: optimizer has more than one param group
WARN get_lr: optimizer has more than one param group
WARN get_lr: optimizer has more than one param group
WARN get_lr: optimizer has more than one param group
WARN get_lr: optimizer has more than one param group
WARN get_lr: optimizer has more than one param group
WARN get_lr: optimizer has more than one param group
WARN get_lr: optimizer has more than one param group
WARN get_lr: optimizer has more than one param group
WARN get_lr: optimizer has more than one param group
WARN get_lr: optimizer has more than one param group
WARN get_lr: optimizer has more than one param group
WARN get_lr: optimizer has more than one param group
Overall Acc: 	 0.9365326554049391
Mean Acc : 	 0.7104979992703789
FreqW Acc : 	 0.8864914156312457
Mean IoU : 	 0.6206834046645611
WARN get_lr: optimizer has more than one param group
WARN get_lr: optimizer has more than one param group
WARN get_lr: optimizer has more than one param group
WARN get_lr: optimizer has more than one param group
WARN get_lr: optimizer has more than one param group
Overall Acc: 	 0.9379989995639522
Mean Acc : 	 0.7219924677300726
FreqW Acc : 	 0.889666543672346
Mean IoU : 	 0.6246776252947193
WARN get_lr: optimizer has more than one param group
WARN get_lr: optimizer has more than one param group
WARN get_lr: optimizer has more than one param group
WARN get_lr: optimizer has more than one param group
WARN get_lr: optimizer has more than one param group
Overall Acc: 	 0.938433250073594
Mean Acc : 	 0.7241269892240719
FreqW Acc : 	 0.8903786543478672
Mean IoU : 	 0.6254652279453721
WARN get_lr: optimizer has more than one param group
WARN get_lr: optimizer has more than one param group
WARN get_lr: optimizer has more than one param group
WARN get_lr: optimizer has more than one param group
WARN get_lr: optimizer has more than one param group
Overall Acc: 	 0.9382926034245271
Mean Acc : 	 0.7288839918449704
FreqW Acc : 	 0.8900997017696711
Mean IoU : 	 0.627346724918187
WARN get_lr: optimizer has more than one param group
WARN get_lr: optimizer has more than one param group
WARN get_lr: optimizer has more than one param group
WARN get_lr: optimizer has more than one param group
WARN get_lr: optimizer has more than one param group
Overall Acc: 	 0.9385776047233961
Mean Acc : 	 0.7232224496191605
FreqW Acc : 	 0.8905097031199487
Mean IoU : 	 0.6271802398760349
WARN get_lr: optimizer has more than one param group
WARN get_lr: optimizer has more than one param group
WARN get_lr: optimizer has more than one param group
WARN get_lr: optimizer has more than one param group
WARN get_lr: optimizer has more than one param group
Overall Acc: 	 0.9386148417754862
Mean Acc : 	 0.7270116896306378
FreqW Acc : 	 0.8907457719796724
Mean IoU : 	 0.6261329700480592
WARN get_lr: optimizer has more than one param group
WARN get_lr: optimizer has more than one param group
WARN get_lr: optimizer has more than one param group
WARN get_lr: optimizer has more than one param group
WARN get_lr: optimizer has more than one param group
Overall Acc: 	 0.9392247119246595
Mean Acc : 	 0.7250261860877503
FreqW Acc : 	 0.8915193880722485
Mean IoU : 	 0.6288246943587797
WARN get_lr: optimizer has more than one param group
WARN get_lr: optimizer has more than one param group
WARN get_lr: optimizer has more than one param group
WARN get_lr: optimizer has more than one param group
WARN get_lr: optimizer has more than one param group
Overall Acc: 	 0.9394366917831659
Mean Acc : 	 0.7223855452294522
FreqW Acc : 	 0.8916841285934345
Mean IoU : 	 0.6292447103336967
WARN get_lr: optimizer has more than one param group
WARN get_lr: optimizer has more than one param group
WARN get_lr: optimizer has more than one param group
WARN get_lr: optimizer has more than one param group
WARN get_lr: optimizer has more than one param group
Overall Acc: 	 0.9393549369104832
Mean Acc : 	 0.7250401992623656
FreqW Acc : 	 0.8917301238329064
Mean IoU : 	 0.6290616648312126
WARN get_lr: optimizer has more than one param group
WARN get_lr: optimizer has more than one param group
WARN get_lr: optimizer has more than one param group
WARN get_lr: optimizer has more than one param group
WARN get_lr: optimizer has more than one param group
Overall Acc: 	 0.9388602416265022
Mean Acc : 	 0.7248311198124494
FreqW Acc : 	 0.8908528309908784
Mean IoU : 	 0.6272195973009649
WARN get_lr: optimizer has more than one param group
WARN get_lr: optimizer has more than one param group
WARN get_lr: optimizer has more than one param group
WARN get_lr: optimizer has more than one param group
WARN get_lr: optimizer has more than one param group
Overall Acc: 	 0.9389381619901892
Mean Acc : 	 0.7249385801262106
FreqW Acc : 	 0.8910693740094998
Mean IoU : 	 0.6271037824562999
WARN get_lr: optimizer has more than one param group
WARN get_lr: optimizer has more than one param group
WARN get_lr: optimizer has more than one param group
WARN get_lr: optimizer has more than one param group
WARN get_lr: optimizer has more than one param group
Overall Acc: 	 0.9388180576651959
Mean Acc : 	 0.7234414068015271
FreqW Acc : 	 0.8907238527505915
Mean IoU : 	 0.6278625932585324
WARN get_lr: optimizer has more than one param group
WARN get_lr: optimizer has more than one param group
WARN get_lr: optimizer has more than one param group
WARN get_lr: optimizer has more than one param group
WARN get_lr: optimizer has more than one param group
Overall Acc: 	 0.9387436315469078
Mean Acc : 	 0.7226674632541077
FreqW Acc : 	 0.8907338482281298
Mean IoU : 	 0.6257858993954363
WARN get_lr: optimizer has more than one param group
WARN get_lr: optimizer has more than one param group
WARN get_lr: optimizer has more than one param group
WARN get_lr: optimizer has more than one param group
WARN get_lr: optimizer has more than one param group
Overall Acc: 	 0.9391665181248843
Mean Acc : 	 0.7270819021319399
FreqW Acc : 	 0.8913703740095195
Mean IoU : 	 0.6292129436870163
WARN get_lr: optimizer has more than one param group
WARN get_lr: optimizer has more than one param group
WARN get_lr: optimizer has more than one param group
WARN get_lr: optimizer has more than one param group
WARN get_lr: optimizer has more than one param group
Overall Acc: 	 0.9391276364654093
Mean Acc : 	 0.7237814635287636
FreqW Acc : 	 0.891017992545888
Mean IoU : 	 0.6288546568258145
WARN get_lr: optimizer has more than one param group
WARN get_lr: optimizer has more than one param group
WARN get_lr: optimizer has more than one param group
WARN get_lr: optimizer has more than one param group
WARN get_lr: optimizer has more than one param group
Overall Acc: 	 0.9387484388608022
Mean Acc : 	 0.719915766611442
FreqW Acc : 	 0.8906129621789565
Mean IoU : 	 0.626600445562364
WARN get_lr: optimizer has more than one param group
WARN get_lr: optimizer has more than one param group
WARN get_lr: optimizer has more than one param group
WARN get_lr: optimizer has more than one param group
WARN get_lr: optimizer has more than one param group
Overall Acc: 	 0.9385314204836496
Mean Acc : 	 0.7201226749302672
FreqW Acc : 	 0.8903479754652526
Mean IoU : 	 0.6229041615905258
WARN get_lr: optimizer has more than one param group
WARN get_lr: optimizer has more than one param group
WARN get_lr: optimizer has more than one param group
WARN get_lr: optimizer has more than one param group
WARN get_lr: optimizer has more than one param group
Overall Acc: 	 0.9389134972417688
Mean Acc : 	 0.7235083632537926
FreqW Acc : 	 0.8907669355469553
Mean IoU : 	 0.62742999159138
WARN get_lr: optimizer has more than one param group
WARN get_lr: optimizer has more than one param group
WARN get_lr: optimizer has more than one param group
WARN get_lr: optimizer has more than one param group
WARN get_lr: optimizer has more than one param group
Overall Acc: 	 0.9387518633085401
Mean Acc : 	 0.71923805367465
FreqW Acc : 	 0.8905925654108737
Mean IoU : 	 0.6247079359364852
WARN get_lr: optimizer has more than one param group
WARN get_lr: optimizer has more than one param group
WARN get_lr: optimizer has more than one param group
WARN get_lr: optimizer has more than one param group
WARN get_lr: optimizer has more than one param group
Overall Acc: 	 0.9382860380820488
Mean Acc : 	 0.7235850452941615
FreqW Acc : 	 0.8903874736010752
Mean IoU : 	 0.6228422152061923
WARN get_lr: optimizer has more than one param group
WARN get_lr: optimizer has more than one param group
WARN get_lr: optimizer has more than one param group
WARN get_lr: optimizer has more than one param group
WARN get_lr: optimizer has more than one param group
Overall Acc: 	 0.9387246945690348
Mean Acc : 	 0.7235900534328124
FreqW Acc : 	 0.8905032432916842
Mean IoU : 	 0.6255144827934572
Resolved base cfg vars {'seed': 42, ('model', 'segmentation_args', 'projection_mode'): 'single', ('model', 'variant'): 'ct_single_cosine_w0_lam0p75', ('training', 'cross_task_lambda'): 0.75, ('training', 'cross_task_type'): 'cosine', ('training', 'cross_task_warmup_iters'): 0}
Resolved vars {('config', 'general', 'tag'): 'cityscapes_pad_ct_single_cosine_w0_lam0p75_D372_S42', 'seed': 42, ('model', 'segmentation_args', 'projection_mode'): 'single', ('model', 'variant'): 'ct_single_cosine_w0_lam0p75', ('training', 'cross_task_lambda'): 0.75, ('training', 'cross_task_type'): 'cosine', ('training', 'cross_task_warmup_iters'): 0}
Dispatch job 2_tag=cityscapes_pad_ct_single_cosine_w0_lam0p75_D372_S42
Start 2026-03-24_03-27-502_tag=cityscapes_pad_ct_single_cosine_w0_lam0p75_D372_S42
RUNDIR: /user/work/ig23200/sde_seg/logs//cityscapes_joint_220/2026-03-24_03-27-502_tag=cityscapes_pad_ct_single_cosine_w0_lam0p75_D372_S42
Restrict subset from 2975 to 372 images ...
Use image subset [0, 30, 32, 44, 45, 51, 52, 56, 63, 67, 70, 73, 80, 88, 93, 102, 108, 120, 124, 141, 144, 162, 174, 175, 177, 178, 184, 192, 194, 196, 203, 211, 233, 239, 246, 251, 256, 289, 296, 298, 309, 313, 318, 321, 322, 324, 331, 332, 354, 368, 387, 393, 402, 410, 411, 414, 420, 432, 439, 457, 463, 471, 478, 479, 485, 486, 495, 506, 507, 527, 528, 532, 533, 535, 543, 555, 557, 567, 572, 594, 599, 601, 602, 612, 637, 642, 644, 651, 676, 680, 685, 691, 693, 700, 705, 718, 727, 729, 741, 744, 748, 755, 759, 772, 783, 790, 798, 809, 811, 834, 857, 859, 862, 869, 879, 889, 912, 926, 929, 930, 942, 944, 952, 962, 965, 969, 999, 1001, 1005, 1018, 1023, 1025, 1027, 1047, 1048, 1055, 1071, 1089, 1090, 1091, 1097, 1106, 1149, 1151, 1159, 1173, 1177, 1188, 1196, 1208, 1210, 1222, 1225, 1229, 1230, 1235, 1255, 1263, 1264, 1268, 1269, 1270, 1272, 1286, 1313, 1321, 1322, 1326, 1330, 1337, 1340, 1343, 1370, 1376, 1385, 1399, 1402, 1407, 1410, 1421, 1422, 1426, 1427, 1431, 1432, 1436, 1453, 1461, 1474, 1487, 1488, 1494, 1505, 1507, 1509, 1517, 1518, 1538, 1544, 1554, 1562, 1567, 1575, 1586, 1590, 1596, 1598, 1608, 1610, 1613, 1618, 1620, 1624, 1641, 1655, 1656, 1662, 1690, 1691, 1697, 1702, 1706, 1711, 1716, 1718, 1727, 1731, 1747, 1760, 1762, 1767, 1771, 1775, 1777, 1788, 1795, 1797, 1805, 1807, 1814, 1840, 1850, 1869, 1872, 1877, 1880, 1882, 1891, 1896, 1916, 1922, 1936, 1940, 1941, 1949, 1956, 1957, 1963, 1966, 1979, 1983, 1993, 1999, 2001, 2003, 2013, 2015, 2023, 2033, 2046, 2051, 2064, 2073, 2092, 2113, 2114, 2119, 2124, 2131, 2144, 2149, 2154, 2159, 2185, 2186, 2204, 2215, 2227, 2233, 2241, 2247, 2257, 2261, 2263, 2270, 2287, 2315, 2321, 2332, 2335, 2349, 2356, 2383, 2392, 2395, 2397, 2401, 2403, 2404, 2420, 2424, 2436, 2459, 2462, 2466, 2469, 2478, 2480, 2482, 2496, 2501, 2517, 2519, 2528, 2534, 2539, 2546, 2573, 2578, 2586, 2595, 2608, 2622, 2626, 2632, 2636, 2644, 2645, 2646, 2654, 2655, 2658, 2683, 2686, 2733, 2753, 2754, 2756, 2766, 2769, 2787, 2792, 2798, 2810, 2811, 2815, 2822, 2823, 2838, 2848, 2864, 2865, 2872, 2897, 2898, 2910, 2931, 2932, 2936, 2947, 2956, 2958] with class frequencies:
Keep 372 images
Found 372 train images
Restrict subset from 2975 to 372 images ...
Use image subset [0, 30, 32, 44, 45, 51, 52, 56, 63, 67, 70, 73, 80, 88, 93, 102, 108, 120, 124, 141, 144, 162, 174, 175, 177, 178, 184, 192, 194, 196, 203, 211, 233, 239, 246, 251, 256, 289, 296, 298, 309, 313, 318, 321, 322, 324, 331, 332, 354, 368, 387, 393, 402, 410, 411, 414, 420, 432, 439, 457, 463, 471, 478, 479, 485, 486, 495, 506, 507, 527, 528, 532, 533, 535, 543, 555, 557, 567, 572, 594, 599, 601, 602, 612, 637, 642, 644, 651, 676, 680, 685, 691, 693, 700, 705, 718, 727, 729, 741, 744, 748, 755, 759, 772, 783, 790, 798, 809, 811, 834, 857, 859, 862, 869, 879, 889, 912, 926, 929, 930, 942, 944, 952, 962, 965, 969, 999, 1001, 1005, 1018, 1023, 1025, 1027, 1047, 1048, 1055, 1071, 1089, 1090, 1091, 1097, 1106, 1149, 1151, 1159, 1173, 1177, 1188, 1196, 1208, 1210, 1222, 1225, 1229, 1230, 1235, 1255, 1263, 1264, 1268, 1269, 1270, 1272, 1286, 1313, 1321, 1322, 1326, 1330, 1337, 1340, 1343, 1370, 1376, 1385, 1399, 1402, 1407, 1410, 1421, 1422, 1426, 1427, 1431, 1432, 1436, 1453, 1461, 1474, 1487, 1488, 1494, 1505, 1507, 1509, 1517, 1518, 1538, 1544, 1554, 1562, 1567, 1575, 1586, 1590, 1596, 1598, 1608, 1610, 1613, 1618, 1620, 1624, 1641, 1655, 1656, 1662, 1690, 1691, 1697, 1702, 1706, 1711, 1716, 1718, 1727, 1731, 1747, 1760, 1762, 1767, 1771, 1775, 1777, 1788, 1795, 1797, 1805, 1807, 1814, 1840, 1850, 1869, 1872, 1877, 1880, 1882, 1891, 1896, 1916, 1922, 1936, 1940, 1941, 1949, 1956, 1957, 1963, 1966, 1979, 1983, 1993, 1999, 2001, 2003, 2013, 2015, 2023, 2033, 2046, 2051, 2064, 2073, 2092, 2113, 2114, 2119, 2124, 2131, 2144, 2149, 2154, 2159, 2185, 2186, 2204, 2215, 2227, 2233, 2241, 2247, 2257, 2261, 2263, 2270, 2287, 2315, 2321, 2332, 2335, 2349, 2356, 2383, 2392, 2395, 2397, 2401, 2403, 2404, 2420, 2424, 2436, 2459, 2462, 2466, 2469, 2478, 2480, 2482, 2496, 2501, 2517, 2519, 2528, 2534, 2539, 2546, 2573, 2578, 2586, 2595, 2608, 2622, 2626, 2632, 2636, 2644, 2645, 2646, 2654, 2655, 2658, 2683, 2686, 2733, 2753, 2754, 2756, 2766, 2769, 2787, 2792, 2798, 2810, 2811, 2815, 2822, 2823, 2838, 2848, 2864, 2865, 2872, 2897, 2898, 2910, 2931, 2932, 2936, 2947, 2956, 2958] with class frequencies:
Keep 2975 images
Found 2975 train images
Found 500 val images
Load mono_cityscapes_1024x512_r101dil_aspp_dec6_lr5_fd2_crop512x512bs4 weights
Load mono_cityscapes_1024x512_r101dil_aspp_dec6_lr5_fd2_crop512x512bs4depth weights
Load mono_cityscapes_1024x512_r101dil_aspp_dec6_lr5_fd2_crop512x512bs4depth weights
Create segmentation ema model.
Load mono_cityscapes_1024x512_r101dil_aspp_dec6_lr5_fd2_crop512x512bs4 weights
Load mono_cityscapes_1024x512_r101dil_aspp_dec6_lr5_fd2_crop512x512bs4depth weights
Load mono_cityscapes_1024x512_r101dil_aspp_dec6_lr5_fd2_crop512x512bs4depth weights
WARN get_lr: optimizer has more than one param group
Overall Acc: 	 0.8039908845476323
Mean Acc : 	 0.24972885295862293
FreqW Acc : 	 0.6859769046797136
Mean IoU : 	 0.20316588595571222
WARN get_lr: optimizer has more than one param group
WARN get_lr: optimizer has more than one param group
WARN get_lr: optimizer has more than one param group
WARN get_lr: optimizer has more than one param group
WARN get_lr: optimizer has more than one param group
WARN get_lr: optimizer has more than one param group
WARN get_lr: optimizer has more than one param group
WARN get_lr: optimizer has more than one param group
WARN get_lr: optimizer has more than one param group
WARN get_lr: optimizer has more than one param group
WARN get_lr: optimizer has more than one param group
WARN get_lr: optimizer has more than one param group
WARN get_lr: optimizer has more than one param group
WARN get_lr: optimizer has more than one param group
WARN get_lr: optimizer has more than one param group
WARN get_lr: optimizer has more than one param group
WARN get_lr: optimizer has more than one param group
WARN get_lr: optimizer has more than one param group
WARN get_lr: optimizer has more than one param group
WARN get_lr: optimizer has more than one param group
WARN get_lr: optimizer has more than one param group
WARN get_lr: optimizer has more than one param group
WARN get_lr: optimizer has more than one param group
WARN get_lr: optimizer has more than one param group
Overall Acc: 	 0.9150793715224924
Mean Acc : 	 0.5338370308750653
FreqW Acc : 	 0.8524611007711468
Mean IoU : 	 0.4477454036750143
WARN get_lr: optimizer has more than one param group
WARN get_lr: optimizer has more than one param group
WARN get_lr: optimizer has more than one param group
WARN get_lr: optimizer has more than one param group
WARN get_lr: optimizer has more than one param group
WARN get_lr: optimizer has more than one param group
WARN get_lr: optimizer has more than one param group
WARN get_lr: optimizer has more than one param group
WARN get_lr: optimizer has more than one param group
WARN get_lr: optimizer has more than one param group
WARN get_lr: optimizer has more than one param group
WARN get_lr: optimizer has more than one param group
WARN get_lr: optimizer has more than one param group
WARN get_lr: optimizer has more than one param group
WARN get_lr: optimizer has more than one param group
WARN get_lr: optimizer has more than one param group
WARN get_lr: optimizer has more than one param group
WARN get_lr: optimizer has more than one param group
WARN get_lr: optimizer has more than one param group
WARN get_lr: optimizer has more than one param group
WARN get_lr: optimizer has more than one param group
WARN get_lr: optimizer has more than one param group
WARN get_lr: optimizer has more than one param group
WARN get_lr: optimizer has more than one param group
WARN get_lr: optimizer has more than one param group
Overall Acc: 	 0.9263853580421298
Mean Acc : 	 0.6281888783343057
FreqW Acc : 	 0.870649898894267
Mean IoU : 	 0.5282353526142337
WARN get_lr: optimizer has more than one param group
WARN get_lr: optimizer has more than one param group
WARN get_lr: optimizer has more than one param group
WARN get_lr: optimizer has more than one param group
WARN get_lr: optimizer has more than one param group
WARN get_lr: optimizer has more than one param group
WARN get_lr: optimizer has more than one param group
WARN get_lr: optimizer has more than one param group
WARN get_lr: optimizer has more than one param group
WARN get_lr: optimizer has more than one param group
WARN get_lr: optimizer has more than one param group
WARN get_lr: optimizer has more than one param group
WARN get_lr: optimizer has more than one param group
WARN get_lr: optimizer has more than one param group
WARN get_lr: optimizer has more than one param group
WARN get_lr: optimizer has more than one param group
WARN get_lr: optimizer has more than one param group
WARN get_lr: optimizer has more than one param group
WARN get_lr: optimizer has more than one param group
WARN get_lr: optimizer has more than one param group
WARN get_lr: optimizer has more than one param group
WARN get_lr: optimizer has more than one param group
WARN get_lr: optimizer has more than one param group
WARN get_lr: optimizer has more than one param group
WARN get_lr: optimizer has more than one param group
Overall Acc: 	 0.9280157267042575
Mean Acc : 	 0.65729918593403
FreqW Acc : 	 0.8731092156009554
Mean IoU : 	 0.5580815343416912
WARN get_lr: optimizer has more than one param group
WARN get_lr: optimizer has more than one param group
WARN get_lr: optimizer has more than one param group
WARN get_lr: optimizer has more than one param group
WARN get_lr: optimizer has more than one param group
WARN get_lr: optimizer has more than one param group
WARN get_lr: optimizer has more than one param group
WARN get_lr: optimizer has more than one param group
WARN get_lr: optimizer has more than one param group
WARN get_lr: optimizer has more than one param group
WARN get_lr: optimizer has more than one param group
WARN get_lr: optimizer has more than one param group
WARN get_lr: optimizer has more than one param group
WARN get_lr: optimizer has more than one param group
WARN get_lr: optimizer has more than one param group
WARN get_lr: optimizer has more than one param group
WARN get_lr: optimizer has more than one param group
WARN get_lr: optimizer has more than one param group
WARN get_lr: optimizer has more than one param group
WARN get_lr: optimizer has more than one param group
WARN get_lr: optimizer has more than one param group
WARN get_lr: optimizer has more than one param group
WARN get_lr: optimizer has more than one param group
WARN get_lr: optimizer has more than one param group
WARN get_lr: optimizer has more than one param group
Overall Acc: 	 0.9293463100504666
Mean Acc : 	 0.6988606113933219
FreqW Acc : 	 0.8773465045093689
Mean IoU : 	 0.5759250875545106
WARN get_lr: optimizer has more than one param group
WARN get_lr: optimizer has more than one param group
WARN get_lr: optimizer has more than one param group
WARN get_lr: optimizer has more than one param group
WARN get_lr: optimizer has more than one param group
WARN get_lr: optimizer has more than one param group
WARN get_lr: optimizer has more than one param group
WARN get_lr: optimizer has more than one param group
WARN get_lr: optimizer has more than one param group
WARN get_lr: optimizer has more than one param group
WARN get_lr: optimizer has more than one param group
WARN get_lr: optimizer has more than one param group
WARN get_lr: optimizer has more than one param group
WARN get_lr: optimizer has more than one param group
WARN get_lr: optimizer has more than one param group
WARN get_lr: optimizer has more than one param group
WARN get_lr: optimizer has more than one param group
WARN get_lr: optimizer has more than one param group
WARN get_lr: optimizer has more than one param group
WARN get_lr: optimizer has more than one param group
WARN get_lr: optimizer has more than one param group
WARN get_lr: optimizer has more than one param group
WARN get_lr: optimizer has more than one param group
WARN get_lr: optimizer has more than one param group
WARN get_lr: optimizer has more than one param group
Overall Acc: 	 0.9321920261206579
Mean Acc : 	 0.6943976012808227
FreqW Acc : 	 0.8807088400822117
Mean IoU : 	 0.5825859666015308
WARN get_lr: optimizer has more than one param group
WARN get_lr: optimizer has more than one param group
WARN get_lr: optimizer has more than one param group
WARN get_lr: optimizer has more than one param group
WARN get_lr: optimizer has more than one param group
WARN get_lr: optimizer has more than one param group
WARN get_lr: optimizer has more than one param group
WARN get_lr: optimizer has more than one param group
WARN get_lr: optimizer has more than one param group
WARN get_lr: optimizer has more than one param group
WARN get_lr: optimizer has more than one param group
WARN get_lr: optimizer has more than one param group
WARN get_lr: optimizer has more than one param group
WARN get_lr: optimizer has more than one param group
WARN get_lr: optimizer has more than one param group
WARN get_lr: optimizer has more than one param group
WARN get_lr: optimizer has more than one param group
WARN get_lr: optimizer has more than one param group
WARN get_lr: optimizer has more than one param group
WARN get_lr: optimizer has more than one param group
WARN get_lr: optimizer has more than one param group
WARN get_lr: optimizer has more than one param group
WARN get_lr: optimizer has more than one param group
WARN get_lr: optimizer has more than one param group
WARN get_lr: optimizer has more than one param group
Overall Acc: 	 0.9351275979545499
Mean Acc : 	 0.7083824080972336
FreqW Acc : 	 0.884942824663914
Mean IoU : 	 0.602345981576995
WARN get_lr: optimizer has more than one param group
WARN get_lr: optimizer has more than one param group
WARN get_lr: optimizer has more than one param group
WARN get_lr: optimizer has more than one param group
WARN get_lr: optimizer has more than one param group
WARN get_lr: optimizer has more than one param group
WARN get_lr: optimizer has more than one param group
WARN get_lr: optimizer has more than one param group
WARN get_lr: optimizer has more than one param group
WARN get_lr: optimizer has more than one param group
WARN get_lr: optimizer has more than one param group
WARN get_lr: optimizer has more than one param group
WARN get_lr: optimizer has more than one param group
WARN get_lr: optimizer has more than one param group
WARN get_lr: optimizer has more than one param group
WARN get_lr: optimizer has more than one param group
WARN get_lr: optimizer has more than one param group
WARN get_lr: optimizer has more than one param group
WARN get_lr: optimizer has more than one param group
WARN get_lr: optimizer has more than one param group
WARN get_lr: optimizer has more than one param group
WARN get_lr: optimizer has more than one param group
WARN get_lr: optimizer has more than one param group
WARN get_lr: optimizer has more than one param group
WARN get_lr: optimizer has more than one param group
Overall Acc: 	 0.9347368488370639
Mean Acc : 	 0.6976620745297497
FreqW Acc : 	 0.8843455608211483
Mean IoU : 	 0.5928731693422439
WARN get_lr: optimizer has more than one param group
WARN get_lr: optimizer has more than one param group
WARN get_lr: optimizer has more than one param group
WARN get_lr: optimizer has more than one param group
WARN get_lr: optimizer has more than one param group
WARN get_lr: optimizer has more than one param group
WARN get_lr: optimizer has more than one param group
WARN get_lr: optimizer has more than one param group
WARN get_lr: optimizer has more than one param group
WARN get_lr: optimizer has more than one param group
WARN get_lr: optimizer has more than one param group
WARN get_lr: optimizer has more than one param group
WARN get_lr: optimizer has more than one param group
WARN get_lr: optimizer has more than one param group
WARN get_lr: optimizer has more than one param group
WARN get_lr: optimizer has more than one param group
WARN get_lr: optimizer has more than one param group
WARN get_lr: optimizer has more than one param group
WARN get_lr: optimizer has more than one param group
WARN get_lr: optimizer has more than one param group
WARN get_lr: optimizer has more than one param group
WARN get_lr: optimizer has more than one param group
WARN get_lr: optimizer has more than one param group
WARN get_lr: optimizer has more than one param group
WARN get_lr: optimizer has more than one param group
Overall Acc: 	 0.9297160282602528
Mean Acc : 	 0.7010891228836407
FreqW Acc : 	 0.8772552542127766
Mean IoU : 	 0.5834513263960368
WARN get_lr: optimizer has more than one param group
WARN get_lr: optimizer has more than one param group
WARN get_lr: optimizer has more than one param group
WARN get_lr: optimizer has more than one param group
WARN get_lr: optimizer has more than one param group
WARN get_lr: optimizer has more than one param group
WARN get_lr: optimizer has more than one param group
WARN get_lr: optimizer has more than one param group
WARN get_lr: optimizer has more than one param group
WARN get_lr: optimizer has more than one param group
WARN get_lr: optimizer has more than one param group
WARN get_lr: optimizer has more than one param group
WARN get_lr: optimizer has more than one param group
WARN get_lr: optimizer has more than one param group
WARN get_lr: optimizer has more than one param group
WARN get_lr: optimizer has more than one param group
WARN get_lr: optimizer has more than one param group
WARN get_lr: optimizer has more than one param group
WARN get_lr: optimizer has more than one param group
WARN get_lr: optimizer has more than one param group
WARN get_lr: optimizer has more than one param group
WARN get_lr: optimizer has more than one param group
WARN get_lr: optimizer has more than one param group
WARN get_lr: optimizer has more than one param group
WARN get_lr: optimizer has more than one param group
Overall Acc: 	 0.9354444182620816
Mean Acc : 	 0.7016064417282899
FreqW Acc : 	 0.8853730535228506
Mean IoU : 	 0.6038048308884351
WARN get_lr: optimizer has more than one param group
WARN get_lr: optimizer has more than one param group
WARN get_lr: optimizer has more than one param group
WARN get_lr: optimizer has more than one param group
WARN get_lr: optimizer has more than one param group
WARN get_lr: optimizer has more than one param group
WARN get_lr: optimizer has more than one param group
WARN get_lr: optimizer has more than one param group
WARN get_lr: optimizer has more than one param group
WARN get_lr: optimizer has more than one param group
WARN get_lr: optimizer has more than one param group
WARN get_lr: optimizer has more than one param group
WARN get_lr: optimizer has more than one param group
WARN get_lr: optimizer has more than one param group
WARN get_lr: optimizer has more than one param group
WARN get_lr: optimizer has more than one param group
WARN get_lr: optimizer has more than one param group
WARN get_lr: optimizer has more than one param group
WARN get_lr: optimizer has more than one param group
WARN get_lr: optimizer has more than one param group
WARN get_lr: optimizer has more than one param group
WARN get_lr: optimizer has more than one param group
WARN get_lr: optimizer has more than one param group
WARN get_lr: optimizer has more than one param group
WARN get_lr: optimizer has more than one param group
Overall Acc: 	 0.9364368668400618
Mean Acc : 	 0.7023171010911999
FreqW Acc : 	 0.8858811966640548
Mean IoU : 	 0.6066469016078194
WARN get_lr: optimizer has more than one param group
WARN get_lr: optimizer has more than one param group
WARN get_lr: optimizer has more than one param group
WARN get_lr: optimizer has more than one param group
WARN get_lr: optimizer has more than one param group
WARN get_lr: optimizer has more than one param group
WARN get_lr: optimizer has more than one param group
WARN get_lr: optimizer has more than one param group
WARN get_lr: optimizer has more than one param group
WARN get_lr: optimizer has more than one param group
WARN get_lr: optimizer has more than one param group
WARN get_lr: optimizer has more than one param group
WARN get_lr: optimizer has more than one param group
WARN get_lr: optimizer has more than one param group
WARN get_lr: optimizer has more than one param group
WARN get_lr: optimizer has more than one param group
WARN get_lr: optimizer has more than one param group
WARN get_lr: optimizer has more than one param group
WARN get_lr: optimizer has more than one param group
WARN get_lr: optimizer has more than one param group
WARN get_lr: optimizer has more than one param group
WARN get_lr: optimizer has more than one param group
WARN get_lr: optimizer has more than one param group
WARN get_lr: optimizer has more than one param group
WARN get_lr: optimizer has more than one param group
Overall Acc: 	 0.9365142506342307
Mean Acc : 	 0.729497219654261
FreqW Acc : 	 0.8866414231846548
Mean IoU : 	 0.6232677905743236
WARN get_lr: optimizer has more than one param group
WARN get_lr: optimizer has more than one param group
WARN get_lr: optimizer has more than one param group
WARN get_lr: optimizer has more than one param group
WARN get_lr: optimizer has more than one param group
WARN get_lr: optimizer has more than one param group
WARN get_lr: optimizer has more than one param group
WARN get_lr: optimizer has more than one param group
WARN get_lr: optimizer has more than one param group
WARN get_lr: optimizer has more than one param group
WARN get_lr: optimizer has more than one param group
WARN get_lr: optimizer has more than one param group
WARN get_lr: optimizer has more than one param group
WARN get_lr: optimizer has more than one param group
WARN get_lr: optimizer has more than one param group
WARN get_lr: optimizer has more than one param group
WARN get_lr: optimizer has more than one param group
WARN get_lr: optimizer has more than one param group
WARN get_lr: optimizer has more than one param group
WARN get_lr: optimizer has more than one param group
WARN get_lr: optimizer has more than one param group
WARN get_lr: optimizer has more than one param group
WARN get_lr: optimizer has more than one param group
WARN get_lr: optimizer has more than one param group
WARN get_lr: optimizer has more than one param group
Overall Acc: 	 0.9380124835995672
Mean Acc : 	 0.6946749595603051
FreqW Acc : 	 0.8886364508947387
Mean IoU : 	 0.6084095726276747
WARN get_lr: optimizer has more than one param group
WARN get_lr: optimizer has more than one param group
WARN get_lr: optimizer has more than one param group
WARN get_lr: optimizer has more than one param group
WARN get_lr: optimizer has more than one param group
Overall Acc: 	 0.9390068865120527
Mean Acc : 	 0.7236186009415982
FreqW Acc : 	 0.8909080720165732
Mean IoU : 	 0.6257020026766198
WARN get_lr: optimizer has more than one param group
WARN get_lr: optimizer has more than one param group
WARN get_lr: optimizer has more than one param group
WARN get_lr: optimizer has more than one param group
WARN get_lr: optimizer has more than one param group
Overall Acc: 	 0.9384793383415568
Mean Acc : 	 0.7228546295038165
FreqW Acc : 	 0.8900875472239542
Mean IoU : 	 0.6237767589932338
WARN get_lr: optimizer has more than one param group
WARN get_lr: optimizer has more than one param group
WARN get_lr: optimizer has more than one param group
WARN get_lr: optimizer has more than one param group
WARN get_lr: optimizer has more than one param group
Overall Acc: 	 0.9392644311560653
Mean Acc : 	 0.7354048488209743
FreqW Acc : 	 0.8917646769767129
Mean IoU : 	 0.6294260771822826
WARN get_lr: optimizer has more than one param group
WARN get_lr: optimizer has more than one param group
WARN get_lr: optimizer has more than one param group
WARN get_lr: optimizer has more than one param group
WARN get_lr: optimizer has more than one param group
Overall Acc: 	 0.9392961716423595
Mean Acc : 	 0.7270247493605452
FreqW Acc : 	 0.8914760568089539
Mean IoU : 	 0.62462164659199
WARN get_lr: optimizer has more than one param group
WARN get_lr: optimizer has more than one param group
WARN get_lr: optimizer has more than one param group
WARN get_lr: optimizer has more than one param group
WARN get_lr: optimizer has more than one param group
Overall Acc: 	 0.9391857779169388
Mean Acc : 	 0.7228192816036982
FreqW Acc : 	 0.8912417364257065
Mean IoU : 	 0.6219879017340396
WARN get_lr: optimizer has more than one param group
WARN get_lr: optimizer has more than one param group
WARN get_lr: optimizer has more than one param group
WARN get_lr: optimizer has more than one param group
WARN get_lr: optimizer has more than one param group
Overall Acc: 	 0.9388199291149788
Mean Acc : 	 0.7205000669226478
FreqW Acc : 	 0.8907433833998806
Mean IoU : 	 0.619008461177869
WARN get_lr: optimizer has more than one param group
WARN get_lr: optimizer has more than one param group
WARN get_lr: optimizer has more than one param group
WARN get_lr: optimizer has more than one param group
WARN get_lr: optimizer has more than one param group
Overall Acc: 	 0.9384453207065758
Mean Acc : 	 0.7216037743109585
FreqW Acc : 	 0.8901671543564649
Mean IoU : 	 0.6196332195182731
WARN get_lr: optimizer has more than one param group
WARN get_lr: optimizer has more than one param group
WARN get_lr: optimizer has more than one param group
WARN get_lr: optimizer has more than one param group
WARN get_lr: optimizer has more than one param group
Overall Acc: 	 0.9392705733502245
Mean Acc : 	 0.7260911610566805
FreqW Acc : 	 0.8915771620099866
Mean IoU : 	 0.6244637109205033
WARN get_lr: optimizer has more than one param group
WARN get_lr: optimizer has more than one param group
WARN get_lr: optimizer has more than one param group
WARN get_lr: optimizer has more than one param group
WARN get_lr: optimizer has more than one param group
Overall Acc: 	 0.9391077703061756
Mean Acc : 	 0.7270349560512439
FreqW Acc : 	 0.8911202486509125
Mean IoU : 	 0.6256240281198098
WARN get_lr: optimizer has more than one param group
WARN get_lr: optimizer has more than one param group
WARN get_lr: optimizer has more than one param group
WARN get_lr: optimizer has more than one param group
WARN get_lr: optimizer has more than one param group
Overall Acc: 	 0.9389877008800128
Mean Acc : 	 0.7219571718730479
FreqW Acc : 	 0.8908736493281456
Mean IoU : 	 0.6218841933452325
WARN get_lr: optimizer has more than one param group
WARN get_lr: optimizer has more than one param group
WARN get_lr: optimizer has more than one param group
WARN get_lr: optimizer has more than one param group
WARN get_lr: optimizer has more than one param group
Overall Acc: 	 0.9391694583513497
Mean Acc : 	 0.7276193634493707
FreqW Acc : 	 0.891011660904331
Mean IoU : 	 0.6273457523605096
WARN get_lr: optimizer has more than one param group
WARN get_lr: optimizer has more than one param group
WARN get_lr: optimizer has more than one param group
WARN get_lr: optimizer has more than one param group
WARN get_lr: optimizer has more than one param group
Overall Acc: 	 0.9392883848408153
Mean Acc : 	 0.7304212964044485
FreqW Acc : 	 0.8915428170966155
Mean IoU : 	 0.6286193003933415
WARN get_lr: optimizer has more than one param group
WARN get_lr: optimizer has more than one param group
WARN get_lr: optimizer has more than one param group
WARN get_lr: optimizer has more than one param group
WARN get_lr: optimizer has more than one param group
Overall Acc: 	 0.9394244553807394
Mean Acc : 	 0.7319860149792446
FreqW Acc : 	 0.8919025597078637
Mean IoU : 	 0.6290258105542392
WARN get_lr: optimizer has more than one param group
WARN get_lr: optimizer has more than one param group
WARN get_lr: optimizer has more than one param group
WARN get_lr: optimizer has more than one param group
WARN get_lr: optimizer has more than one param group
Overall Acc: 	 0.9394759486050682
Mean Acc : 	 0.7268072896997436
FreqW Acc : 	 0.8917016077340754
Mean IoU : 	 0.6263794902355572
WARN get_lr: optimizer has more than one param group
WARN get_lr: optimizer has more than one param group
WARN get_lr: optimizer has more than one param group
WARN get_lr: optimizer has more than one param group
WARN get_lr: optimizer has more than one param group
Overall Acc: 	 0.9388923834493466
Mean Acc : 	 0.7237568025796451
FreqW Acc : 	 0.8904804076899357
Mean IoU : 	 0.6243700062135409
WARN get_lr: optimizer has more than one param group
WARN get_lr: optimizer has more than one param group
WARN get_lr: optimizer has more than one param group
WARN get_lr: optimizer has more than one param group
WARN get_lr: optimizer has more than one param group
Overall Acc: 	 0.9385189703258865
Mean Acc : 	 0.718279652153576
FreqW Acc : 	 0.8900025386122926
Mean IoU : 	 0.6218153482469326
WARN get_lr: optimizer has more than one param group
WARN get_lr: optimizer has more than one param group
WARN get_lr: optimizer has more than one param group
WARN get_lr: optimizer has more than one param group
WARN get_lr: optimizer has more than one param group
Overall Acc: 	 0.9394613390821711
Mean Acc : 	 0.7287532452778779
FreqW Acc : 	 0.8918656929055375
Mean IoU : 	 0.6291605310839363
WARN get_lr: optimizer has more than one param group
WARN get_lr: optimizer has more than one param group
WARN get_lr: optimizer has more than one param group
WARN get_lr: optimizer has more than one param group
WARN get_lr: optimizer has more than one param group
Overall Acc: 	 0.9394093965354002
Mean Acc : 	 0.7322917843430304
FreqW Acc : 	 0.8917605012317493
Mean IoU : 	 0.6291593367253627
WARN get_lr: optimizer has more than one param group
WARN get_lr: optimizer has more than one param group
WARN get_lr: optimizer has more than one param group
WARN get_lr: optimizer has more than one param group
WARN get_lr: optimizer has more than one param group
Overall Acc: 	 0.939486152150621
Mean Acc : 	 0.7281925600761093
FreqW Acc : 	 0.891764874545388
Mean IoU : 	 0.6253638659072307
WARN get_lr: optimizer has more than one param group
WARN get_lr: optimizer has more than one param group
WARN get_lr: optimizer has more than one param group
WARN get_lr: optimizer has more than one param group
WARN get_lr: optimizer has more than one param group
Overall Acc: 	 0.9393377230623638
Mean Acc : 	 0.7228527932902861
FreqW Acc : 	 0.8914824430796727
Mean IoU : 	 0.6248587159049984
Resolved base cfg vars {'seed': 7, ('model', 'segmentation_args', 'projection_mode'): 'single', ('model', 'variant'): 'ct_single_cosine_w0_lam1p00', ('training', 'cross_task_lambda'): 1.0, ('training', 'cross_task_type'): 'cosine', ('training', 'cross_task_warmup_iters'): 0}
Resolved vars {('config', 'general', 'tag'): 'cityscapes_pad_ct_single_cosine_w0_lam1p00_D372_S7', 'seed': 7, ('model', 'segmentation_args', 'projection_mode'): 'single', ('model', 'variant'): 'ct_single_cosine_w0_lam1p00', ('training', 'cross_task_lambda'): 1.0, ('training', 'cross_task_type'): 'cosine', ('training', 'cross_task_warmup_iters'): 0}
Resolved base cfg vars {'seed': 25, ('model', 'segmentation_args', 'projection_mode'): 'single', ('model', 'variant'): 'ct_single_cosine_w0_lam1p00', ('training', 'cross_task_lambda'): 1.0, ('training', 'cross_task_type'): 'cosine', ('training', 'cross_task_warmup_iters'): 0}
Resolved vars {('config', 'general', 'tag'): 'cityscapes_pad_ct_single_cosine_w0_lam1p00_D372_S25', 'seed': 25, ('model', 'segmentation_args', 'projection_mode'): 'single', ('model', 'variant'): 'ct_single_cosine_w0_lam1p00', ('training', 'cross_task_lambda'): 1.0, ('training', 'cross_task_type'): 'cosine', ('training', 'cross_task_warmup_iters'): 0}
Resolved base cfg vars {'seed': 42, ('model', 'segmentation_args', 'projection_mode'): 'single', ('model', 'variant'): 'ct_single_cosine_w0_lam1p00', ('training', 'cross_task_lambda'): 1.0, ('training', 'cross_task_type'): 'cosine', ('training', 'cross_task_warmup_iters'): 0}
Resolved vars {('config', 'general', 'tag'): 'cityscapes_pad_ct_single_cosine_w0_lam1p00_D372_S42', 'seed': 42, ('model', 'segmentation_args', 'projection_mode'): 'single', ('model', 'variant'): 'ct_single_cosine_w0_lam1p00', ('training', 'cross_task_lambda'): 1.0, ('training', 'cross_task_type'): 'cosine', ('training', 'cross_task_warmup_iters'): 0}
Resolved base cfg vars {'seed': 7, ('model', 'segmentation_args', 'projection_mode'): 'single', ('model', 'variant'): 'ct_single_cosine_w0_lam1p25', ('training', 'cross_task_lambda'): 1.25, ('training', 'cross_task_type'): 'cosine', ('training', 'cross_task_warmup_iters'): 0}
Resolved vars {('config', 'general', 'tag'): 'cityscapes_pad_ct_single_cosine_w0_lam1p25_D372_S7', 'seed': 7, ('model', 'segmentation_args', 'projection_mode'): 'single', ('model', 'variant'): 'ct_single_cosine_w0_lam1p25', ('training', 'cross_task_lambda'): 1.25, ('training', 'cross_task_type'): 'cosine', ('training', 'cross_task_warmup_iters'): 0}
Resolved base cfg vars {'seed': 25, ('model', 'segmentation_args', 'projection_mode'): 'single', ('model', 'variant'): 'ct_single_cosine_w0_lam1p25', ('training', 'cross_task_lambda'): 1.25, ('training', 'cross_task_type'): 'cosine', ('training', 'cross_task_warmup_iters'): 0}
Resolved vars {('config', 'general', 'tag'): 'cityscapes_pad_ct_single_cosine_w0_lam1p25_D372_S25', 'seed': 25, ('model', 'segmentation_args', 'projection_mode'): 'single', ('model', 'variant'): 'ct_single_cosine_w0_lam1p25', ('training', 'cross_task_lambda'): 1.25, ('training', 'cross_task_type'): 'cosine', ('training', 'cross_task_warmup_iters'): 0}
Resolved base cfg vars {'seed': 42, ('model', 'segmentation_args', 'projection_mode'): 'single', ('model', 'variant'): 'ct_single_cosine_w0_lam1p25', ('training', 'cross_task_lambda'): 1.25, ('training', 'cross_task_type'): 'cosine', ('training', 'cross_task_warmup_iters'): 0}
Resolved vars {('config', 'general', 'tag'): 'cityscapes_pad_ct_single_cosine_w0_lam1p25_D372_S42', 'seed': 42, ('model', 'segmentation_args', 'projection_mode'): 'single', ('model', 'variant'): 'ct_single_cosine_w0_lam1p25', ('training', 'cross_task_lambda'): 1.25, ('training', 'cross_task_type'): 'cosine', ('training', 'cross_task_warmup_iters'): 0}
Resolved base cfg vars {'seed': 7, ('model', 'segmentation_args', 'projection_mode'): 'single', ('model', 'variant'): 'ct_single_mse_w5k_lam1p00', ('training', 'cross_task_lambda'): 1.0, ('training', 'cross_task_type'): 'mse', ('training', 'cross_task_warmup_iters'): 5000}
Resolved vars {('config', 'general', 'tag'): 'cityscapes_pad_ct_single_mse_w5k_lam1p00_D372_S7', 'seed': 7, ('model', 'segmentation_args', 'projection_mode'): 'single', ('model', 'variant'): 'ct_single_mse_w5k_lam1p00', ('training', 'cross_task_lambda'): 1.0, ('training', 'cross_task_type'): 'mse', ('training', 'cross_task_warmup_iters'): 5000}
Resolved base cfg vars {'seed': 25, ('model', 'segmentation_args', 'projection_mode'): 'single', ('model', 'variant'): 'ct_single_mse_w5k_lam1p00', ('training', 'cross_task_lambda'): 1.0, ('training', 'cross_task_type'): 'mse', ('training', 'cross_task_warmup_iters'): 5000}
Resolved vars {('config', 'general', 'tag'): 'cityscapes_pad_ct_single_mse_w5k_lam1p00_D372_S25', 'seed': 25, ('model', 'segmentation_args', 'projection_mode'): 'single', ('model', 'variant'): 'ct_single_mse_w5k_lam1p00', ('training', 'cross_task_lambda'): 1.0, ('training', 'cross_task_type'): 'mse', ('training', 'cross_task_warmup_iters'): 5000}
Resolved base cfg vars {'seed': 42, ('model', 'segmentation_args', 'projection_mode'): 'single', ('model', 'variant'): 'ct_single_mse_w5k_lam1p00', ('training', 'cross_task_lambda'): 1.0, ('training', 'cross_task_type'): 'mse', ('training', 'cross_task_warmup_iters'): 5000}
Resolved vars {('config', 'general', 'tag'): 'cityscapes_pad_ct_single_mse_w5k_lam1p00_D372_S42', 'seed': 42, ('model', 'segmentation_args', 'projection_mode'): 'single', ('model', 'variant'): 'ct_single_mse_w5k_lam1p00', ('training', 'cross_task_lambda'): 1.0, ('training', 'cross_task_type'): 'mse', ('training', 'cross_task_warmup_iters'): 5000}
Resolved base cfg vars {'seed': 7, ('model', 'segmentation_args', 'projection_mode'): 'single', ('model', 'variant'): 'ct_single_mse_w0_lam1p00', ('training', 'cross_task_lambda'): 1.0, ('training', 'cross_task_type'): 'mse', ('training', 'cross_task_warmup_iters'): 0}
Resolved vars {('config', 'general', 'tag'): 'cityscapes_pad_ct_single_mse_w0_lam1p00_D372_S7', 'seed': 7, ('model', 'segmentation_args', 'projection_mode'): 'single', ('model', 'variant'): 'ct_single_mse_w0_lam1p00', ('training', 'cross_task_lambda'): 1.0, ('training', 'cross_task_type'): 'mse', ('training', 'cross_task_warmup_iters'): 0}
Resolved base cfg vars {'seed': 25, ('model', 'segmentation_args', 'projection_mode'): 'single', ('model', 'variant'): 'ct_single_mse_w0_lam1p00', ('training', 'cross_task_lambda'): 1.0, ('training', 'cross_task_type'): 'mse', ('training', 'cross_task_warmup_iters'): 0}
Resolved vars {('config', 'general', 'tag'): 'cityscapes_pad_ct_single_mse_w0_lam1p00_D372_S25', 'seed': 25, ('model', 'segmentation_args', 'projection_mode'): 'single', ('model', 'variant'): 'ct_single_mse_w0_lam1p00', ('training', 'cross_task_lambda'): 1.0, ('training', 'cross_task_type'): 'mse', ('training', 'cross_task_warmup_iters'): 0}
Resolved base cfg vars {'seed': 42, ('model', 'segmentation_args', 'projection_mode'): 'single', ('model', 'variant'): 'ct_single_mse_w0_lam1p00', ('training', 'cross_task_lambda'): 1.0, ('training', 'cross_task_type'): 'mse', ('training', 'cross_task_warmup_iters'): 0}
Resolved vars {('config', 'general', 'tag'): 'cityscapes_pad_ct_single_mse_w0_lam1p00_D372_S42', 'seed': 42, ('model', 'segmentation_args', 'projection_mode'): 'single', ('model', 'variant'): 'ct_single_mse_w0_lam1p00', ('training', 'cross_task_lambda'): 1.0, ('training', 'cross_task_type'): 'mse', ('training', 'cross_task_warmup_iters'): 0}
Resolved base cfg vars {'seed': 7, ('model', 'segmentation_args', 'projection_mode'): 'dual', ('model', 'variant'): 'ct_dual_cosine_w0_lam0p50', ('training', 'cross_task_lambda'): 0.5, ('training', 'cross_task_type'): 'cosine', ('training', 'cross_task_warmup_iters'): 0}
Resolved vars {('config', 'general', 'tag'): 'cityscapes_pad_ct_dual_cosine_w0_lam0p50_D372_S7', 'seed': 7, ('model', 'segmentation_args', 'projection_mode'): 'dual', ('model', 'variant'): 'ct_dual_cosine_w0_lam0p50', ('training', 'cross_task_lambda'): 0.5, ('training', 'cross_task_type'): 'cosine', ('training', 'cross_task_warmup_iters'): 0}
Resolved base cfg vars {'seed': 25, ('model', 'segmentation_args', 'projection_mode'): 'dual', ('model', 'variant'): 'ct_dual_cosine_w0_lam0p50', ('training', 'cross_task_lambda'): 0.5, ('training', 'cross_task_type'): 'cosine', ('training', 'cross_task_warmup_iters'): 0}
Resolved vars {('config', 'general', 'tag'): 'cityscapes_pad_ct_dual_cosine_w0_lam0p50_D372_S25', 'seed': 25, ('model', 'segmentation_args', 'projection_mode'): 'dual', ('model', 'variant'): 'ct_dual_cosine_w0_lam0p50', ('training', 'cross_task_lambda'): 0.5, ('training', 'cross_task_type'): 'cosine', ('training', 'cross_task_warmup_iters'): 0}
Resolved base cfg vars {'seed': 42, ('model', 'segmentation_args', 'projection_mode'): 'dual', ('model', 'variant'): 'ct_dual_cosine_w0_lam0p50', ('training', 'cross_task_lambda'): 0.5, ('training', 'cross_task_type'): 'cosine', ('training', 'cross_task_warmup_iters'): 0}
Resolved vars {('config', 'general', 'tag'): 'cityscapes_pad_ct_dual_cosine_w0_lam0p50_D372_S42', 'seed': 42, ('model', 'segmentation_args', 'projection_mode'): 'dual', ('model', 'variant'): 'ct_dual_cosine_w0_lam0p50', ('training', 'cross_task_lambda'): 0.5, ('training', 'cross_task_type'): 'cosine', ('training', 'cross_task_warmup_iters'): 0}
Resolved base cfg vars {'seed': 7, ('model', 'segmentation_args', 'projection_mode'): 'dual', ('model', 'variant'): 'ct_dual_cosine_w0_lam0p75', ('training', 'cross_task_lambda'): 0.75, ('training', 'cross_task_type'): 'cosine', ('training', 'cross_task_warmup_iters'): 0}
Resolved vars {('config', 'general', 'tag'): 'cityscapes_pad_ct_dual_cosine_w0_lam0p75_D372_S7', 'seed': 7, ('model', 'segmentation_args', 'projection_mode'): 'dual', ('model', 'variant'): 'ct_dual_cosine_w0_lam0p75', ('training', 'cross_task_lambda'): 0.75, ('training', 'cross_task_type'): 'cosine', ('training', 'cross_task_warmup_iters'): 0}
Resolved base cfg vars {'seed': 25, ('model', 'segmentation_args', 'projection_mode'): 'dual', ('model', 'variant'): 'ct_dual_cosine_w0_lam0p75', ('training', 'cross_task_lambda'): 0.75, ('training', 'cross_task_type'): 'cosine', ('training', 'cross_task_warmup_iters'): 0}
Resolved vars {('config', 'general', 'tag'): 'cityscapes_pad_ct_dual_cosine_w0_lam0p75_D372_S25', 'seed': 25, ('model', 'segmentation_args', 'projection_mode'): 'dual', ('model', 'variant'): 'ct_dual_cosine_w0_lam0p75', ('training', 'cross_task_lambda'): 0.75, ('training', 'cross_task_type'): 'cosine', ('training', 'cross_task_warmup_iters'): 0}
Resolved base cfg vars {'seed': 42, ('model', 'segmentation_args', 'projection_mode'): 'dual', ('model', 'variant'): 'ct_dual_cosine_w0_lam0p75', ('training', 'cross_task_lambda'): 0.75, ('training', 'cross_task_type'): 'cosine', ('training', 'cross_task_warmup_iters'): 0}
Resolved vars {('config', 'general', 'tag'): 'cityscapes_pad_ct_dual_cosine_w0_lam0p75_D372_S42', 'seed': 42, ('model', 'segmentation_args', 'projection_mode'): 'dual', ('model', 'variant'): 'ct_dual_cosine_w0_lam0p75', ('training', 'cross_task_lambda'): 0.75, ('training', 'cross_task_type'): 'cosine', ('training', 'cross_task_warmup_iters'): 0}
Resolved base cfg vars {'seed': 7, ('model', 'segmentation_args', 'projection_mode'): 'dual', ('model', 'variant'): 'ct_dual_cosine_w0_lam1p00', ('training', 'cross_task_lambda'): 1.0, ('training', 'cross_task_type'): 'cosine', ('training', 'cross_task_warmup_iters'): 0}
Resolved vars {('config', 'general', 'tag'): 'cityscapes_pad_ct_dual_cosine_w0_lam1p00_D372_S7', 'seed': 7, ('model', 'segmentation_args', 'projection_mode'): 'dual', ('model', 'variant'): 'ct_dual_cosine_w0_lam1p00', ('training', 'cross_task_lambda'): 1.0, ('training', 'cross_task_type'): 'cosine', ('training', 'cross_task_warmup_iters'): 0}
Resolved base cfg vars {'seed': 25, ('model', 'segmentation_args', 'projection_mode'): 'dual', ('model', 'variant'): 'ct_dual_cosine_w0_lam1p00', ('training', 'cross_task_lambda'): 1.0, ('training', 'cross_task_type'): 'cosine', ('training', 'cross_task_warmup_iters'): 0}
Resolved vars {('config', 'general', 'tag'): 'cityscapes_pad_ct_dual_cosine_w0_lam1p00_D372_S25', 'seed': 25, ('model', 'segmentation_args', 'projection_mode'): 'dual', ('model', 'variant'): 'ct_dual_cosine_w0_lam1p00', ('training', 'cross_task_lambda'): 1.0, ('training', 'cross_task_type'): 'cosine', ('training', 'cross_task_warmup_iters'): 0}
Resolved base cfg vars {'seed': 42, ('model', 'segmentation_args', 'projection_mode'): 'dual', ('model', 'variant'): 'ct_dual_cosine_w0_lam1p00', ('training', 'cross_task_lambda'): 1.0, ('training', 'cross_task_type'): 'cosine', ('training', 'cross_task_warmup_iters'): 0}
Resolved vars {('config', 'general', 'tag'): 'cityscapes_pad_ct_dual_cosine_w0_lam1p00_D372_S42', 'seed': 42, ('model', 'segmentation_args', 'projection_mode'): 'dual', ('model', 'variant'): 'ct_dual_cosine_w0_lam1p00', ('training', 'cross_task_lambda'): 1.0, ('training', 'cross_task_type'): 'cosine', ('training', 'cross_task_warmup_iters'): 0}
Resolved base cfg vars {'seed': 7, ('model', 'segmentation_args', 'projection_mode'): 'dual', ('model', 'variant'): 'ct_dual_cosine_w0_lam1p25', ('training', 'cross_task_lambda'): 1.25, ('training', 'cross_task_type'): 'cosine', ('training', 'cross_task_warmup_iters'): 0}
Resolved vars {('config', 'general', 'tag'): 'cityscapes_pad_ct_dual_cosine_w0_lam1p25_D372_S7', 'seed': 7, ('model', 'segmentation_args', 'projection_mode'): 'dual', ('model', 'variant'): 'ct_dual_cosine_w0_lam1p25', ('training', 'cross_task_lambda'): 1.25, ('training', 'cross_task_type'): 'cosine', ('training', 'cross_task_warmup_iters'): 0}
Resolved base cfg vars {'seed': 25, ('model', 'segmentation_args', 'projection_mode'): 'dual', ('model', 'variant'): 'ct_dual_cosine_w0_lam1p25', ('training', 'cross_task_lambda'): 1.25, ('training', 'cross_task_type'): 'cosine', ('training', 'cross_task_warmup_iters'): 0}
Resolved vars {('config', 'general', 'tag'): 'cityscapes_pad_ct_dual_cosine_w0_lam1p25_D372_S25', 'seed': 25, ('model', 'segmentation_args', 'projection_mode'): 'dual', ('model', 'variant'): 'ct_dual_cosine_w0_lam1p25', ('training', 'cross_task_lambda'): 1.25, ('training', 'cross_task_type'): 'cosine', ('training', 'cross_task_warmup_iters'): 0}
Resolved base cfg vars {'seed': 42, ('model', 'segmentation_args', 'projection_mode'): 'dual', ('model', 'variant'): 'ct_dual_cosine_w0_lam1p25', ('training', 'cross_task_lambda'): 1.25, ('training', 'cross_task_type'): 'cosine', ('training', 'cross_task_warmup_iters'): 0}
Resolved vars {('config', 'general', 'tag'): 'cityscapes_pad_ct_dual_cosine_w0_lam1p25_D372_S42', 'seed': 42, ('model', 'segmentation_args', 'projection_mode'): 'dual', ('model', 'variant'): 'ct_dual_cosine_w0_lam1p25', ('training', 'cross_task_lambda'): 1.25, ('training', 'cross_task_type'): 'cosine', ('training', 'cross_task_warmup_iters'): 0}
Resolved base cfg vars {'seed': 7, ('model', 'segmentation_args', 'projection_mode'): 'dual', ('model', 'variant'): 'ct_dual_cosine_w5k_lam0p50', ('training', 'cross_task_lambda'): 0.5, ('training', 'cross_task_type'): 'cosine', ('training', 'cross_task_warmup_iters'): 5000}
Resolved vars {('config', 'general', 'tag'): 'cityscapes_pad_ct_dual_cosine_w5k_lam0p50_D372_S7', 'seed': 7, ('model', 'segmentation_args', 'projection_mode'): 'dual', ('model', 'variant'): 'ct_dual_cosine_w5k_lam0p50', ('training', 'cross_task_lambda'): 0.5, ('training', 'cross_task_type'): 'cosine', ('training', 'cross_task_warmup_iters'): 5000}
Resolved base cfg vars {'seed': 25, ('model', 'segmentation_args', 'projection_mode'): 'dual', ('model', 'variant'): 'ct_dual_cosine_w5k_lam0p50', ('training', 'cross_task_lambda'): 0.5, ('training', 'cross_task_type'): 'cosine', ('training', 'cross_task_warmup_iters'): 5000}
Resolved vars {('config', 'general', 'tag'): 'cityscapes_pad_ct_dual_cosine_w5k_lam0p50_D372_S25', 'seed': 25, ('model', 'segmentation_args', 'projection_mode'): 'dual', ('model', 'variant'): 'ct_dual_cosine_w5k_lam0p50', ('training', 'cross_task_lambda'): 0.5, ('training', 'cross_task_type'): 'cosine', ('training', 'cross_task_warmup_iters'): 5000}
Resolved base cfg vars {'seed': 42, ('model', 'segmentation_args', 'projection_mode'): 'dual', ('model', 'variant'): 'ct_dual_cosine_w5k_lam0p50', ('training', 'cross_task_lambda'): 0.5, ('training', 'cross_task_type'): 'cosine', ('training', 'cross_task_warmup_iters'): 5000}
Resolved vars {('config', 'general', 'tag'): 'cityscapes_pad_ct_dual_cosine_w5k_lam0p50_D372_S42', 'seed': 42, ('model', 'segmentation_args', 'projection_mode'): 'dual', ('model', 'variant'): 'ct_dual_cosine_w5k_lam0p50', ('training', 'cross_task_lambda'): 0.5, ('training', 'cross_task_type'): 'cosine', ('training', 'cross_task_warmup_iters'): 5000}
Resolved base cfg vars {'seed': 7, ('model', 'segmentation_args', 'projection_mode'): 'dual', ('model', 'variant'): 'ct_dual_cosine_w5k_lam0p75', ('training', 'cross_task_lambda'): 0.75, ('training', 'cross_task_type'): 'cosine', ('training', 'cross_task_warmup_iters'): 5000}
Resolved vars {('config', 'general', 'tag'): 'cityscapes_pad_ct_dual_cosine_w5k_lam0p75_D372_S7', 'seed': 7, ('model', 'segmentation_args', 'projection_mode'): 'dual', ('model', 'variant'): 'ct_dual_cosine_w5k_lam0p75', ('training', 'cross_task_lambda'): 0.75, ('training', 'cross_task_type'): 'cosine', ('training', 'cross_task_warmup_iters'): 5000}
Resolved base cfg vars {'seed': 25, ('model', 'segmentation_args', 'projection_mode'): 'dual', ('model', 'variant'): 'ct_dual_cosine_w5k_lam0p75', ('training', 'cross_task_lambda'): 0.75, ('training', 'cross_task_type'): 'cosine', ('training', 'cross_task_warmup_iters'): 5000}
Resolved vars {('config', 'general', 'tag'): 'cityscapes_pad_ct_dual_cosine_w5k_lam0p75_D372_S25', 'seed': 25, ('model', 'segmentation_args', 'projection_mode'): 'dual', ('model', 'variant'): 'ct_dual_cosine_w5k_lam0p75', ('training', 'cross_task_lambda'): 0.75, ('training', 'cross_task_type'): 'cosine', ('training', 'cross_task_warmup_iters'): 5000}
Resolved base cfg vars {'seed': 42, ('model', 'segmentation_args', 'projection_mode'): 'dual', ('model', 'variant'): 'ct_dual_cosine_w5k_lam0p75', ('training', 'cross_task_lambda'): 0.75, ('training', 'cross_task_type'): 'cosine', ('training', 'cross_task_warmup_iters'): 5000}
Resolved vars {('config', 'general', 'tag'): 'cityscapes_pad_ct_dual_cosine_w5k_lam0p75_D372_S42', 'seed': 42, ('model', 'segmentation_args', 'projection_mode'): 'dual', ('model', 'variant'): 'ct_dual_cosine_w5k_lam0p75', ('training', 'cross_task_lambda'): 0.75, ('training', 'cross_task_type'): 'cosine', ('training', 'cross_task_warmup_iters'): 5000}
Resolved base cfg vars {'seed': 7, ('model', 'segmentation_args', 'projection_mode'): 'dual', ('model', 'variant'): 'ct_dual_cosine_w5k_lam1p00', ('training', 'cross_task_lambda'): 1.0, ('training', 'cross_task_type'): 'cosine', ('training', 'cross_task_warmup_iters'): 5000}
Resolved vars {('config', 'general', 'tag'): 'cityscapes_pad_ct_dual_cosine_w5k_lam1p00_D372_S7', 'seed': 7, ('model', 'segmentation_args', 'projection_mode'): 'dual', ('model', 'variant'): 'ct_dual_cosine_w5k_lam1p00', ('training', 'cross_task_lambda'): 1.0, ('training', 'cross_task_type'): 'cosine', ('training', 'cross_task_warmup_iters'): 5000}
Resolved base cfg vars {'seed': 25, ('model', 'segmentation_args', 'projection_mode'): 'dual', ('model', 'variant'): 'ct_dual_cosine_w5k_lam1p00', ('training', 'cross_task_lambda'): 1.0, ('training', 'cross_task_type'): 'cosine', ('training', 'cross_task_warmup_iters'): 5000}
Resolved vars {('config', 'general', 'tag'): 'cityscapes_pad_ct_dual_cosine_w5k_lam1p00_D372_S25', 'seed': 25, ('model', 'segmentation_args', 'projection_mode'): 'dual', ('model', 'variant'): 'ct_dual_cosine_w5k_lam1p00', ('training', 'cross_task_lambda'): 1.0, ('training', 'cross_task_type'): 'cosine', ('training', 'cross_task_warmup_iters'): 5000}
Resolved base cfg vars {'seed': 42, ('model', 'segmentation_args', 'projection_mode'): 'dual', ('model', 'variant'): 'ct_dual_cosine_w5k_lam1p00', ('training', 'cross_task_lambda'): 1.0, ('training', 'cross_task_type'): 'cosine', ('training', 'cross_task_warmup_iters'): 5000}
Resolved vars {('config', 'general', 'tag'): 'cityscapes_pad_ct_dual_cosine_w5k_lam1p00_D372_S42', 'seed': 42, ('model', 'segmentation_args', 'projection_mode'): 'dual', ('model', 'variant'): 'ct_dual_cosine_w5k_lam1p00', ('training', 'cross_task_lambda'): 1.0, ('training', 'cross_task_type'): 'cosine', ('training', 'cross_task_warmup_iters'): 5000}
Resolved base cfg vars {'seed': 7, ('model', 'segmentation_args', 'projection_mode'): 'dual', ('model', 'variant'): 'ct_dual_cosine_w5k_lam1p25', ('training', 'cross_task_lambda'): 1.25, ('training', 'cross_task_type'): 'cosine', ('training', 'cross_task_warmup_iters'): 5000}
Resolved vars {('config', 'general', 'tag'): 'cityscapes_pad_ct_dual_cosine_w5k_lam1p25_D372_S7', 'seed': 7, ('model', 'segmentation_args', 'projection_mode'): 'dual', ('model', 'variant'): 'ct_dual_cosine_w5k_lam1p25', ('training', 'cross_task_lambda'): 1.25, ('training', 'cross_task_type'): 'cosine', ('training', 'cross_task_warmup_iters'): 5000}
Resolved base cfg vars {'seed': 25, ('model', 'segmentation_args', 'projection_mode'): 'dual', ('model', 'variant'): 'ct_dual_cosine_w5k_lam1p25', ('training', 'cross_task_lambda'): 1.25, ('training', 'cross_task_type'): 'cosine', ('training', 'cross_task_warmup_iters'): 5000}
Resolved vars {('config', 'general', 'tag'): 'cityscapes_pad_ct_dual_cosine_w5k_lam1p25_D372_S25', 'seed': 25, ('model', 'segmentation_args', 'projection_mode'): 'dual', ('model', 'variant'): 'ct_dual_cosine_w5k_lam1p25', ('training', 'cross_task_lambda'): 1.25, ('training', 'cross_task_type'): 'cosine', ('training', 'cross_task_warmup_iters'): 5000}
Resolved base cfg vars {'seed': 42, ('model', 'segmentation_args', 'projection_mode'): 'dual', ('model', 'variant'): 'ct_dual_cosine_w5k_lam1p25', ('training', 'cross_task_lambda'): 1.25, ('training', 'cross_task_type'): 'cosine', ('training', 'cross_task_warmup_iters'): 5000}
Resolved vars {('config', 'general', 'tag'): 'cityscapes_pad_ct_dual_cosine_w5k_lam1p25_D372_S42', 'seed': 42, ('model', 'segmentation_args', 'projection_mode'): 'dual', ('model', 'variant'): 'ct_dual_cosine_w5k_lam1p25', ('training', 'cross_task_lambda'): 1.25, ('training', 'cross_task_type'): 'cosine', ('training', 'cross_task_warmup_iters'): 5000}
