exp 220 run 15,16,17: dual_cosine_w0_lam0p50 (3 seeds, 40h)
Start experiment cityscapes_joint_220
Run ID: cityscapes_joint_220_2026-03-22_22-24-48
Resolved base cfg vars {'seed': 7, ('model', 'segmentation_args', 'projection_mode'): 'single', ('model', 'variant'): 'ct_single_cosine_w0_lam0p75', ('training', 'cross_task_lambda'): 0.75, ('training', 'cross_task_type'): 'cosine', ('training', 'cross_task_warmup_iters'): 0}
Resolved vars {('config', 'general', 'tag'): 'cityscapes_pad_ct_single_cosine_w0_lam0p75_D372_S7', 'seed': 7, ('model', 'segmentation_args', 'projection_mode'): 'single', ('model', 'variant'): 'ct_single_cosine_w0_lam0p75', ('training', 'cross_task_lambda'): 0.75, ('training', 'cross_task_type'): 'cosine', ('training', 'cross_task_warmup_iters'): 0}
Resolved base cfg vars {'seed': 25, ('model', 'segmentation_args', 'projection_mode'): 'single', ('model', 'variant'): 'ct_single_cosine_w0_lam0p75', ('training', 'cross_task_lambda'): 0.75, ('training', 'cross_task_type'): 'cosine', ('training', 'cross_task_warmup_iters'): 0}
Resolved vars {('config', 'general', 'tag'): 'cityscapes_pad_ct_single_cosine_w0_lam0p75_D372_S25', 'seed': 25, ('model', 'segmentation_args', 'projection_mode'): 'single', ('model', 'variant'): 'ct_single_cosine_w0_lam0p75', ('training', 'cross_task_lambda'): 0.75, ('training', 'cross_task_type'): 'cosine', ('training', 'cross_task_warmup_iters'): 0}
Resolved base cfg vars {'seed': 42, ('model', 'segmentation_args', 'projection_mode'): 'single', ('model', 'variant'): 'ct_single_cosine_w0_lam0p75', ('training', 'cross_task_lambda'): 0.75, ('training', 'cross_task_type'): 'cosine', ('training', 'cross_task_warmup_iters'): 0}
Resolved vars {('config', 'general', 'tag'): 'cityscapes_pad_ct_single_cosine_w0_lam0p75_D372_S42', 'seed': 42, ('model', 'segmentation_args', 'projection_mode'): 'single', ('model', 'variant'): 'ct_single_cosine_w0_lam0p75', ('training', 'cross_task_lambda'): 0.75, ('training', 'cross_task_type'): 'cosine', ('training', 'cross_task_warmup_iters'): 0}
Resolved base cfg vars {'seed': 7, ('model', 'segmentation_args', 'projection_mode'): 'single', ('model', 'variant'): 'ct_single_cosine_w0_lam1p00', ('training', 'cross_task_lambda'): 1.0, ('training', 'cross_task_type'): 'cosine', ('training', 'cross_task_warmup_iters'): 0}
Resolved vars {('config', 'general', 'tag'): 'cityscapes_pad_ct_single_cosine_w0_lam1p00_D372_S7', 'seed': 7, ('model', 'segmentation_args', 'projection_mode'): 'single', ('model', 'variant'): 'ct_single_cosine_w0_lam1p00', ('training', 'cross_task_lambda'): 1.0, ('training', 'cross_task_type'): 'cosine', ('training', 'cross_task_warmup_iters'): 0}
Resolved base cfg vars {'seed': 25, ('model', 'segmentation_args', 'projection_mode'): 'single', ('model', 'variant'): 'ct_single_cosine_w0_lam1p00', ('training', 'cross_task_lambda'): 1.0, ('training', 'cross_task_type'): 'cosine', ('training', 'cross_task_warmup_iters'): 0}
Resolved vars {('config', 'general', 'tag'): 'cityscapes_pad_ct_single_cosine_w0_lam1p00_D372_S25', 'seed': 25, ('model', 'segmentation_args', 'projection_mode'): 'single', ('model', 'variant'): 'ct_single_cosine_w0_lam1p00', ('training', 'cross_task_lambda'): 1.0, ('training', 'cross_task_type'): 'cosine', ('training', 'cross_task_warmup_iters'): 0}
Resolved base cfg vars {'seed': 42, ('model', 'segmentation_args', 'projection_mode'): 'single', ('model', 'variant'): 'ct_single_cosine_w0_lam1p00', ('training', 'cross_task_lambda'): 1.0, ('training', 'cross_task_type'): 'cosine', ('training', 'cross_task_warmup_iters'): 0}
Resolved vars {('config', 'general', 'tag'): 'cityscapes_pad_ct_single_cosine_w0_lam1p00_D372_S42', 'seed': 42, ('model', 'segmentation_args', 'projection_mode'): 'single', ('model', 'variant'): 'ct_single_cosine_w0_lam1p00', ('training', 'cross_task_lambda'): 1.0, ('training', 'cross_task_type'): 'cosine', ('training', 'cross_task_warmup_iters'): 0}
Resolved base cfg vars {'seed': 7, ('model', 'segmentation_args', 'projection_mode'): 'single', ('model', 'variant'): 'ct_single_cosine_w0_lam1p25', ('training', 'cross_task_lambda'): 1.25, ('training', 'cross_task_type'): 'cosine', ('training', 'cross_task_warmup_iters'): 0}
Resolved vars {('config', 'general', 'tag'): 'cityscapes_pad_ct_single_cosine_w0_lam1p25_D372_S7', 'seed': 7, ('model', 'segmentation_args', 'projection_mode'): 'single', ('model', 'variant'): 'ct_single_cosine_w0_lam1p25', ('training', 'cross_task_lambda'): 1.25, ('training', 'cross_task_type'): 'cosine', ('training', 'cross_task_warmup_iters'): 0}
Resolved base cfg vars {'seed': 25, ('model', 'segmentation_args', 'projection_mode'): 'single', ('model', 'variant'): 'ct_single_cosine_w0_lam1p25', ('training', 'cross_task_lambda'): 1.25, ('training', 'cross_task_type'): 'cosine', ('training', 'cross_task_warmup_iters'): 0}
Resolved vars {('config', 'general', 'tag'): 'cityscapes_pad_ct_single_cosine_w0_lam1p25_D372_S25', 'seed': 25, ('model', 'segmentation_args', 'projection_mode'): 'single', ('model', 'variant'): 'ct_single_cosine_w0_lam1p25', ('training', 'cross_task_lambda'): 1.25, ('training', 'cross_task_type'): 'cosine', ('training', 'cross_task_warmup_iters'): 0}
Resolved base cfg vars {'seed': 42, ('model', 'segmentation_args', 'projection_mode'): 'single', ('model', 'variant'): 'ct_single_cosine_w0_lam1p25', ('training', 'cross_task_lambda'): 1.25, ('training', 'cross_task_type'): 'cosine', ('training', 'cross_task_warmup_iters'): 0}
Resolved vars {('config', 'general', 'tag'): 'cityscapes_pad_ct_single_cosine_w0_lam1p25_D372_S42', 'seed': 42, ('model', 'segmentation_args', 'projection_mode'): 'single', ('model', 'variant'): 'ct_single_cosine_w0_lam1p25', ('training', 'cross_task_lambda'): 1.25, ('training', 'cross_task_type'): 'cosine', ('training', 'cross_task_warmup_iters'): 0}
Resolved base cfg vars {'seed': 7, ('model', 'segmentation_args', 'projection_mode'): 'single', ('model', 'variant'): 'ct_single_mse_w5k_lam1p00', ('training', 'cross_task_lambda'): 1.0, ('training', 'cross_task_type'): 'mse', ('training', 'cross_task_warmup_iters'): 5000}
Resolved vars {('config', 'general', 'tag'): 'cityscapes_pad_ct_single_mse_w5k_lam1p00_D372_S7', 'seed': 7, ('model', 'segmentation_args', 'projection_mode'): 'single', ('model', 'variant'): 'ct_single_mse_w5k_lam1p00', ('training', 'cross_task_lambda'): 1.0, ('training', 'cross_task_type'): 'mse', ('training', 'cross_task_warmup_iters'): 5000}
Resolved base cfg vars {'seed': 25, ('model', 'segmentation_args', 'projection_mode'): 'single', ('model', 'variant'): 'ct_single_mse_w5k_lam1p00', ('training', 'cross_task_lambda'): 1.0, ('training', 'cross_task_type'): 'mse', ('training', 'cross_task_warmup_iters'): 5000}
Resolved vars {('config', 'general', 'tag'): 'cityscapes_pad_ct_single_mse_w5k_lam1p00_D372_S25', 'seed': 25, ('model', 'segmentation_args', 'projection_mode'): 'single', ('model', 'variant'): 'ct_single_mse_w5k_lam1p00', ('training', 'cross_task_lambda'): 1.0, ('training', 'cross_task_type'): 'mse', ('training', 'cross_task_warmup_iters'): 5000}
Resolved base cfg vars {'seed': 42, ('model', 'segmentation_args', 'projection_mode'): 'single', ('model', 'variant'): 'ct_single_mse_w5k_lam1p00', ('training', 'cross_task_lambda'): 1.0, ('training', 'cross_task_type'): 'mse', ('training', 'cross_task_warmup_iters'): 5000}
Resolved vars {('config', 'general', 'tag'): 'cityscapes_pad_ct_single_mse_w5k_lam1p00_D372_S42', 'seed': 42, ('model', 'segmentation_args', 'projection_mode'): 'single', ('model', 'variant'): 'ct_single_mse_w5k_lam1p00', ('training', 'cross_task_lambda'): 1.0, ('training', 'cross_task_type'): 'mse', ('training', 'cross_task_warmup_iters'): 5000}
Resolved base cfg vars {'seed': 7, ('model', 'segmentation_args', 'projection_mode'): 'single', ('model', 'variant'): 'ct_single_mse_w0_lam1p00', ('training', 'cross_task_lambda'): 1.0, ('training', 'cross_task_type'): 'mse', ('training', 'cross_task_warmup_iters'): 0}
Resolved vars {('config', 'general', 'tag'): 'cityscapes_pad_ct_single_mse_w0_lam1p00_D372_S7', 'seed': 7, ('model', 'segmentation_args', 'projection_mode'): 'single', ('model', 'variant'): 'ct_single_mse_w0_lam1p00', ('training', 'cross_task_lambda'): 1.0, ('training', 'cross_task_type'): 'mse', ('training', 'cross_task_warmup_iters'): 0}
Resolved base cfg vars {'seed': 25, ('model', 'segmentation_args', 'projection_mode'): 'single', ('model', 'variant'): 'ct_single_mse_w0_lam1p00', ('training', 'cross_task_lambda'): 1.0, ('training', 'cross_task_type'): 'mse', ('training', 'cross_task_warmup_iters'): 0}
Resolved vars {('config', 'general', 'tag'): 'cityscapes_pad_ct_single_mse_w0_lam1p00_D372_S25', 'seed': 25, ('model', 'segmentation_args', 'projection_mode'): 'single', ('model', 'variant'): 'ct_single_mse_w0_lam1p00', ('training', 'cross_task_lambda'): 1.0, ('training', 'cross_task_type'): 'mse', ('training', 'cross_task_warmup_iters'): 0}
Resolved base cfg vars {'seed': 42, ('model', 'segmentation_args', 'projection_mode'): 'single', ('model', 'variant'): 'ct_single_mse_w0_lam1p00', ('training', 'cross_task_lambda'): 1.0, ('training', 'cross_task_type'): 'mse', ('training', 'cross_task_warmup_iters'): 0}
Resolved vars {('config', 'general', 'tag'): 'cityscapes_pad_ct_single_mse_w0_lam1p00_D372_S42', 'seed': 42, ('model', 'segmentation_args', 'projection_mode'): 'single', ('model', 'variant'): 'ct_single_mse_w0_lam1p00', ('training', 'cross_task_lambda'): 1.0, ('training', 'cross_task_type'): 'mse', ('training', 'cross_task_warmup_iters'): 0}
Resolved base cfg vars {'seed': 7, ('model', 'segmentation_args', 'projection_mode'): 'dual', ('model', 'variant'): 'ct_dual_cosine_w0_lam0p50', ('training', 'cross_task_lambda'): 0.5, ('training', 'cross_task_type'): 'cosine', ('training', 'cross_task_warmup_iters'): 0}
Resolved vars {('config', 'general', 'tag'): 'cityscapes_pad_ct_dual_cosine_w0_lam0p50_D372_S7', 'seed': 7, ('model', 'segmentation_args', 'projection_mode'): 'dual', ('model', 'variant'): 'ct_dual_cosine_w0_lam0p50', ('training', 'cross_task_lambda'): 0.5, ('training', 'cross_task_type'): 'cosine', ('training', 'cross_task_warmup_iters'): 0}
Dispatch job 15_tag=cityscapes_pad_ct_dual_cosine_w0_lam0p50_D372_S7
Start 2026-03-22_22-24-4815_tag=cityscapes_pad_ct_dual_cosine_w0_lam0p50_D372_S7
RUNDIR: /user/work/ig23200/sde_seg/logs//cityscapes_joint_220/2026-03-22_22-24-4815_tag=cityscapes_pad_ct_dual_cosine_w0_lam0p50_D372_S7
Restrict subset from 2975 to 372 images ...
Use image subset [0, 2, 24, 26, 34, 36, 60, 70, 71, 87, 99, 118, 121, 125, 131, 142, 151, 172, 180, 186, 190, 194, 203, 206, 224, 226, 241, 259, 278, 280, 296, 305, 314, 318, 325, 340, 356, 361, 372, 375, 377, 386, 400, 412, 414, 415, 419, 420, 423, 426, 427, 429, 430, 433, 450, 454, 468, 474, 502, 513, 514, 523, 526, 536, 539, 547, 561, 562, 580, 582, 584, 587, 592, 603, 619, 632, 637, 643, 658, 661, 664, 666, 672, 674, 690, 699, 701, 704, 705, 707, 716, 717, 718, 727, 729, 732, 735, 746, 752, 757, 760, 795, 802, 803, 832, 836, 840, 842, 845, 847, 858, 863, 864, 879, 890, 895, 921, 928, 939, 945, 961, 964, 977, 979, 983, 992, 997, 1002, 1039, 1054, 1057, 1061, 1070, 1084, 1104, 1109, 1123, 1135, 1140, 1141, 1144, 1151, 1153, 1165, 1167, 1171, 1181, 1209, 1210, 1222, 1224, 1227, 1228, 1235, 1251, 1263, 1267, 1281, 1283, 1292, 1294, 1303, 1308, 1313, 1324, 1332, 1338, 1351, 1354, 1363, 1364, 1365, 1381, 1396, 1420, 1421, 1428, 1434, 1443, 1448, 1455, 1458, 1470, 1476, 1477, 1483, 1487, 1490, 1495, 1496, 1512, 1524, 1533, 1538, 1545, 1559, 1578, 1584, 1587, 1611, 1617, 1647, 1670, 1675, 1678, 1681, 1682, 1695, 1697, 1703, 1705, 1714, 1715, 1730, 1731, 1751, 1755, 1761, 1766, 1769, 1777, 1782, 1792, 1795, 1805, 1813, 1830, 1853, 1854, 1863, 1875, 1876, 1879, 1898, 1914, 1915, 1939, 1958, 1979, 1982, 1992, 2008, 2014, 2043, 2047, 2052, 2081, 2085, 2087, 2092, 2099, 2106, 2112, 2114, 2116, 2130, 2132, 2134, 2146, 2159, 2160, 2165, 2194, 2196, 2202, 2203, 2205, 2208, 2211, 2212, 2218, 2224, 2234, 2237, 2240, 2248, 2253, 2263, 2271, 2282, 2284, 2285, 2288, 2293, 2335, 2350, 2360, 2361, 2369, 2385, 2402, 2417, 2426, 2430, 2437, 2443, 2444, 2455, 2461, 2465, 2489, 2503, 2510, 2522, 2535, 2547, 2548, 2555, 2556, 2559, 2561, 2568, 2582, 2591, 2592, 2599, 2607, 2611, 2620, 2623, 2625, 2628, 2629, 2643, 2645, 2653, 2665, 2671, 2679, 2690, 2698, 2700, 2701, 2703, 2706, 2724, 2729, 2734, 2741, 2742, 2744, 2747, 2755, 2762, 2768, 2781, 2787, 2790, 2795, 2798, 2802, 2809, 2817, 2825, 2830, 2835, 2841, 2843, 2844, 2868, 2885, 2887, 2890, 2925, 2928, 2936, 2949, 2961, 2970, 2971, 2972, 2973] with class frequencies:
Keep 372 images
Found 372 train images
Restrict subset from 2975 to 372 images ...
Use image subset [0, 2, 24, 26, 34, 36, 60, 70, 71, 87, 99, 118, 121, 125, 131, 142, 151, 172, 180, 186, 190, 194, 203, 206, 224, 226, 241, 259, 278, 280, 296, 305, 314, 318, 325, 340, 356, 361, 372, 375, 377, 386, 400, 412, 414, 415, 419, 420, 423, 426, 427, 429, 430, 433, 450, 454, 468, 474, 502, 513, 514, 523, 526, 536, 539, 547, 561, 562, 580, 582, 584, 587, 592, 603, 619, 632, 637, 643, 658, 661, 664, 666, 672, 674, 690, 699, 701, 704, 705, 707, 716, 717, 718, 727, 729, 732, 735, 746, 752, 757, 760, 795, 802, 803, 832, 836, 840, 842, 845, 847, 858, 863, 864, 879, 890, 895, 921, 928, 939, 945, 961, 964, 977, 979, 983, 992, 997, 1002, 1039, 1054, 1057, 1061, 1070, 1084, 1104, 1109, 1123, 1135, 1140, 1141, 1144, 1151, 1153, 1165, 1167, 1171, 1181, 1209, 1210, 1222, 1224, 1227, 1228, 1235, 1251, 1263, 1267, 1281, 1283, 1292, 1294, 1303, 1308, 1313, 1324, 1332, 1338, 1351, 1354, 1363, 1364, 1365, 1381, 1396, 1420, 1421, 1428, 1434, 1443, 1448, 1455, 1458, 1470, 1476, 1477, 1483, 1487, 1490, 1495, 1496, 1512, 1524, 1533, 1538, 1545, 1559, 1578, 1584, 1587, 1611, 1617, 1647, 1670, 1675, 1678, 1681, 1682, 1695, 1697, 1703, 1705, 1714, 1715, 1730, 1731, 1751, 1755, 1761, 1766, 1769, 1777, 1782, 1792, 1795, 1805, 1813, 1830, 1853, 1854, 1863, 1875, 1876, 1879, 1898, 1914, 1915, 1939, 1958, 1979, 1982, 1992, 2008, 2014, 2043, 2047, 2052, 2081, 2085, 2087, 2092, 2099, 2106, 2112, 2114, 2116, 2130, 2132, 2134, 2146, 2159, 2160, 2165, 2194, 2196, 2202, 2203, 2205, 2208, 2211, 2212, 2218, 2224, 2234, 2237, 2240, 2248, 2253, 2263, 2271, 2282, 2284, 2285, 2288, 2293, 2335, 2350, 2360, 2361, 2369, 2385, 2402, 2417, 2426, 2430, 2437, 2443, 2444, 2455, 2461, 2465, 2489, 2503, 2510, 2522, 2535, 2547, 2548, 2555, 2556, 2559, 2561, 2568, 2582, 2591, 2592, 2599, 2607, 2611, 2620, 2623, 2625, 2628, 2629, 2643, 2645, 2653, 2665, 2671, 2679, 2690, 2698, 2700, 2701, 2703, 2706, 2724, 2729, 2734, 2741, 2742, 2744, 2747, 2755, 2762, 2768, 2781, 2787, 2790, 2795, 2798, 2802, 2809, 2817, 2825, 2830, 2835, 2841, 2843, 2844, 2868, 2885, 2887, 2890, 2925, 2928, 2936, 2949, 2961, 2970, 2971, 2972, 2973] with class frequencies:
Keep 2975 images
Found 2975 train images
Found 500 val images
Load mono_cityscapes_1024x512_r101dil_aspp_dec6_lr5_fd2_crop512x512bs4 weights
Load mono_cityscapes_1024x512_r101dil_aspp_dec6_lr5_fd2_crop512x512bs4depth weights
Load mono_cityscapes_1024x512_r101dil_aspp_dec6_lr5_fd2_crop512x512bs4depth weights
Create segmentation ema model.
Load mono_cityscapes_1024x512_r101dil_aspp_dec6_lr5_fd2_crop512x512bs4 weights
Load mono_cityscapes_1024x512_r101dil_aspp_dec6_lr5_fd2_crop512x512bs4depth weights
Load mono_cityscapes_1024x512_r101dil_aspp_dec6_lr5_fd2_crop512x512bs4depth weights
PAD run first half of decoder ([4, 3, 2]).
bottleneck shape torch.Size([2, 2048, 32, 32])
upconv4-0 shape: torch.Size([2, 256, 32, 32])
concatenated features shape: torch.Size([2, 1280, 32, 32])
upconv4-1 shape: torch.Size([2, 256, 32, 32])
upconv3-0 shape: torch.Size([2, 256, 32, 32])
concatenated features shape: torch.Size([2, 768, 64, 64])
upconv3-1 shape: torch.Size([2, 256, 64, 64])
disp3 shape: torch.Size([2, 1, 64, 64]), expected [64 64]
upconv2-0 shape: torch.Size([2, 128, 64, 64])
concatenated features shape: torch.Size([2, 384, 128, 128])
upconv2-1 shape: torch.Size([2, 128, 128, 128])
disp2 shape: torch.Size([2, 1, 128, 128]), expected [128 128]
bottleneck shape torch.Size([2, 2048, 32, 32])
upconv4-0 shape: torch.Size([2, 256, 32, 32])
concatenated features shape: torch.Size([2, 1280, 32, 32])
upconv4-1 shape: torch.Size([2, 256, 32, 32])
upconv3-0 shape: torch.Size([2, 256, 32, 32])
concatenated features shape: torch.Size([2, 768, 64, 64])
upconv3-1 shape: torch.Size([2, 256, 64, 64])
upconv2-0 shape: torch.Size([2, 128, 64, 64])
concatenated features shape: torch.Size([2, 384, 128, 128])
upconv2-1 shape: torch.Size([2, 128, 128, 128])
PAD self attention for ('upconv', 2) with shape torch.Size([2, 128, 128, 128]).
PAD run second half of decoder ([1, 0]).
bottleneck shape torch.Size([2, 128, 128, 128])
upconv1-0 shape: torch.Size([2, 128, 128, 128])
concatenated features shape: torch.Size([2, 192, 256, 256])
upconv1-1 shape: torch.Size([2, 128, 256, 256])
disp1 shape: torch.Size([2, 1, 256, 256]), expected [256 256]
upconv0-0 shape: torch.Size([2, 64, 256, 256])
concatenated features shape: torch.Size([2, 64, 512, 512])
upconv0-1 shape: torch.Size([2, 64, 512, 512])
disp0 shape: torch.Size([2, 1, 512, 512]), expected [512 512]
WARN get_lr: optimizer has more than one param group
Overall Acc: 	 0.8019292753999894
Mean Acc : 	 0.25740742831622604
FreqW Acc : 	 0.6936210118675261
Mean IoU : 	 0.2041510017177158
WARN get_lr: optimizer has more than one param group
WARN get_lr: optimizer has more than one param group
WARN get_lr: optimizer has more than one param group
WARN get_lr: optimizer has more than one param group
WARN get_lr: optimizer has more than one param group
WARN get_lr: optimizer has more than one param group
WARN get_lr: optimizer has more than one param group
WARN get_lr: optimizer has more than one param group
WARN get_lr: optimizer has more than one param group
WARN get_lr: optimizer has more than one param group
WARN get_lr: optimizer has more than one param group
WARN get_lr: optimizer has more than one param group
WARN get_lr: optimizer has more than one param group
WARN get_lr: optimizer has more than one param group
WARN get_lr: optimizer has more than one param group
WARN get_lr: optimizer has more than one param group
WARN get_lr: optimizer has more than one param group
WARN get_lr: optimizer has more than one param group
WARN get_lr: optimizer has more than one param group
WARN get_lr: optimizer has more than one param group
WARN get_lr: optimizer has more than one param group
WARN get_lr: optimizer has more than one param group
WARN get_lr: optimizer has more than one param group
WARN get_lr: optimizer has more than one param group
Overall Acc: 	 0.9161029324078187
Mean Acc : 	 0.5672888596391724
FreqW Acc : 	 0.8555407787273344
Mean IoU : 	 0.4632853734996903
WARN get_lr: optimizer has more than one param group
WARN get_lr: optimizer has more than one param group
WARN get_lr: optimizer has more than one param group
WARN get_lr: optimizer has more than one param group
WARN get_lr: optimizer has more than one param group
WARN get_lr: optimizer has more than one param group
WARN get_lr: optimizer has more than one param group
WARN get_lr: optimizer has more than one param group
WARN get_lr: optimizer has more than one param group
WARN get_lr: optimizer has more than one param group
WARN get_lr: optimizer has more than one param group
WARN get_lr: optimizer has more than one param group
WARN get_lr: optimizer has more than one param group
WARN get_lr: optimizer has more than one param group
WARN get_lr: optimizer has more than one param group
WARN get_lr: optimizer has more than one param group
WARN get_lr: optimizer has more than one param group
WARN get_lr: optimizer has more than one param group
WARN get_lr: optimizer has more than one param group
WARN get_lr: optimizer has more than one param group
WARN get_lr: optimizer has more than one param group
WARN get_lr: optimizer has more than one param group
WARN get_lr: optimizer has more than one param group
WARN get_lr: optimizer has more than one param group
WARN get_lr: optimizer has more than one param group
Overall Acc: 	 0.9248789543881142
Mean Acc : 	 0.6307530017528545
FreqW Acc : 	 0.8700479942727675
Mean IoU : 	 0.5202377320484803
WARN get_lr: optimizer has more than one param group
WARN get_lr: optimizer has more than one param group
WARN get_lr: optimizer has more than one param group
WARN get_lr: optimizer has more than one param group
WARN get_lr: optimizer has more than one param group
WARN get_lr: optimizer has more than one param group
WARN get_lr: optimizer has more than one param group
WARN get_lr: optimizer has more than one param group
WARN get_lr: optimizer has more than one param group
WARN get_lr: optimizer has more than one param group
WARN get_lr: optimizer has more than one param group
WARN get_lr: optimizer has more than one param group
WARN get_lr: optimizer has more than one param group
WARN get_lr: optimizer has more than one param group
WARN get_lr: optimizer has more than one param group
WARN get_lr: optimizer has more than one param group
WARN get_lr: optimizer has more than one param group
WARN get_lr: optimizer has more than one param group
WARN get_lr: optimizer has more than one param group
WARN get_lr: optimizer has more than one param group
WARN get_lr: optimizer has more than one param group
WARN get_lr: optimizer has more than one param group
WARN get_lr: optimizer has more than one param group
WARN get_lr: optimizer has more than one param group
WARN get_lr: optimizer has more than one param group
Overall Acc: 	 0.9299222367246736
Mean Acc : 	 0.6460321598930108
FreqW Acc : 	 0.8758573468877472
Mean IoU : 	 0.5544049427907055
WARN get_lr: optimizer has more than one param group
WARN get_lr: optimizer has more than one param group
WARN get_lr: optimizer has more than one param group
WARN get_lr: optimizer has more than one param group
WARN get_lr: optimizer has more than one param group
WARN get_lr: optimizer has more than one param group
WARN get_lr: optimizer has more than one param group
WARN get_lr: optimizer has more than one param group
WARN get_lr: optimizer has more than one param group
WARN get_lr: optimizer has more than one param group
WARN get_lr: optimizer has more than one param group
WARN get_lr: optimizer has more than one param group
WARN get_lr: optimizer has more than one param group
WARN get_lr: optimizer has more than one param group
WARN get_lr: optimizer has more than one param group
WARN get_lr: optimizer has more than one param group
WARN get_lr: optimizer has more than one param group
WARN get_lr: optimizer has more than one param group
WARN get_lr: optimizer has more than one param group
WARN get_lr: optimizer has more than one param group
WARN get_lr: optimizer has more than one param group
WARN get_lr: optimizer has more than one param group
WARN get_lr: optimizer has more than one param group
WARN get_lr: optimizer has more than one param group
WARN get_lr: optimizer has more than one param group
Overall Acc: 	 0.9304953060571374
Mean Acc : 	 0.6391623646442075
FreqW Acc : 	 0.8772132804297966
Mean IoU : 	 0.5503095014745956
WARN get_lr: optimizer has more than one param group
WARN get_lr: optimizer has more than one param group
WARN get_lr: optimizer has more than one param group
WARN get_lr: optimizer has more than one param group
WARN get_lr: optimizer has more than one param group
WARN get_lr: optimizer has more than one param group
WARN get_lr: optimizer has more than one param group
WARN get_lr: optimizer has more than one param group
WARN get_lr: optimizer has more than one param group
WARN get_lr: optimizer has more than one param group
WARN get_lr: optimizer has more than one param group
WARN get_lr: optimizer has more than one param group
WARN get_lr: optimizer has more than one param group
WARN get_lr: optimizer has more than one param group
WARN get_lr: optimizer has more than one param group
WARN get_lr: optimizer has more than one param group
WARN get_lr: optimizer has more than one param group
WARN get_lr: optimizer has more than one param group
WARN get_lr: optimizer has more than one param group
WARN get_lr: optimizer has more than one param group
WARN get_lr: optimizer has more than one param group
WARN get_lr: optimizer has more than one param group
WARN get_lr: optimizer has more than one param group
WARN get_lr: optimizer has more than one param group
WARN get_lr: optimizer has more than one param group
Overall Acc: 	 0.933893095450923
Mean Acc : 	 0.6557365547352499
FreqW Acc : 	 0.8814076650822841
Mean IoU : 	 0.5697414160544657
WARN get_lr: optimizer has more than one param group
WARN get_lr: optimizer has more than one param group
WARN get_lr: optimizer has more than one param group
WARN get_lr: optimizer has more than one param group
WARN get_lr: optimizer has more than one param group
WARN get_lr: optimizer has more than one param group
WARN get_lr: optimizer has more than one param group
WARN get_lr: optimizer has more than one param group
WARN get_lr: optimizer has more than one param group
WARN get_lr: optimizer has more than one param group
WARN get_lr: optimizer has more than one param group
WARN get_lr: optimizer has more than one param group
WARN get_lr: optimizer has more than one param group
WARN get_lr: optimizer has more than one param group
WARN get_lr: optimizer has more than one param group
WARN get_lr: optimizer has more than one param group
WARN get_lr: optimizer has more than one param group
WARN get_lr: optimizer has more than one param group
WARN get_lr: optimizer has more than one param group
WARN get_lr: optimizer has more than one param group
WARN get_lr: optimizer has more than one param group
WARN get_lr: optimizer has more than one param group
WARN get_lr: optimizer has more than one param group
WARN get_lr: optimizer has more than one param group
WARN get_lr: optimizer has more than one param group
Overall Acc: 	 0.9341241475202704
Mean Acc : 	 0.6771517503873982
FreqW Acc : 	 0.8826859445580708
Mean IoU : 	 0.585963873516895
WARN get_lr: optimizer has more than one param group
WARN get_lr: optimizer has more than one param group
WARN get_lr: optimizer has more than one param group
WARN get_lr: optimizer has more than one param group
WARN get_lr: optimizer has more than one param group
WARN get_lr: optimizer has more than one param group
WARN get_lr: optimizer has more than one param group
WARN get_lr: optimizer has more than one param group
WARN get_lr: optimizer has more than one param group
WARN get_lr: optimizer has more than one param group
WARN get_lr: optimizer has more than one param group
WARN get_lr: optimizer has more than one param group
WARN get_lr: optimizer has more than one param group
WARN get_lr: optimizer has more than one param group
WARN get_lr: optimizer has more than one param group
WARN get_lr: optimizer has more than one param group
WARN get_lr: optimizer has more than one param group
WARN get_lr: optimizer has more than one param group
WARN get_lr: optimizer has more than one param group
WARN get_lr: optimizer has more than one param group
WARN get_lr: optimizer has more than one param group
WARN get_lr: optimizer has more than one param group
WARN get_lr: optimizer has more than one param group
WARN get_lr: optimizer has more than one param group
WARN get_lr: optimizer has more than one param group
Overall Acc: 	 0.9331649837018318
Mean Acc : 	 0.6845211298140015
FreqW Acc : 	 0.8823123473511636
Mean IoU : 	 0.5838873625312732
WARN get_lr: optimizer has more than one param group
WARN get_lr: optimizer has more than one param group
WARN get_lr: optimizer has more than one param group
WARN get_lr: optimizer has more than one param group
WARN get_lr: optimizer has more than one param group
WARN get_lr: optimizer has more than one param group
WARN get_lr: optimizer has more than one param group
WARN get_lr: optimizer has more than one param group
WARN get_lr: optimizer has more than one param group
WARN get_lr: optimizer has more than one param group
WARN get_lr: optimizer has more than one param group
WARN get_lr: optimizer has more than one param group
WARN get_lr: optimizer has more than one param group
WARN get_lr: optimizer has more than one param group
WARN get_lr: optimizer has more than one param group
WARN get_lr: optimizer has more than one param group
WARN get_lr: optimizer has more than one param group
WARN get_lr: optimizer has more than one param group
WARN get_lr: optimizer has more than one param group
WARN get_lr: optimizer has more than one param group
WARN get_lr: optimizer has more than one param group
WARN get_lr: optimizer has more than one param group
WARN get_lr: optimizer has more than one param group
WARN get_lr: optimizer has more than one param group
WARN get_lr: optimizer has more than one param group
Overall Acc: 	 0.9345378295317157
Mean Acc : 	 0.6789368998945846
FreqW Acc : 	 0.882244693413506
Mean IoU : 	 0.5932950512252981
WARN get_lr: optimizer has more than one param group
WARN get_lr: optimizer has more than one param group
WARN get_lr: optimizer has more than one param group
WARN get_lr: optimizer has more than one param group
WARN get_lr: optimizer has more than one param group
WARN get_lr: optimizer has more than one param group
WARN get_lr: optimizer has more than one param group
WARN get_lr: optimizer has more than one param group
WARN get_lr: optimizer has more than one param group
WARN get_lr: optimizer has more than one param group
WARN get_lr: optimizer has more than one param group
WARN get_lr: optimizer has more than one param group
WARN get_lr: optimizer has more than one param group
WARN get_lr: optimizer has more than one param group
WARN get_lr: optimizer has more than one param group
WARN get_lr: optimizer has more than one param group
WARN get_lr: optimizer has more than one param group
WARN get_lr: optimizer has more than one param group
WARN get_lr: optimizer has more than one param group
WARN get_lr: optimizer has more than one param group
WARN get_lr: optimizer has more than one param group
WARN get_lr: optimizer has more than one param group
WARN get_lr: optimizer has more than one param group
WARN get_lr: optimizer has more than one param group
WARN get_lr: optimizer has more than one param group
Overall Acc: 	 0.9235621560799326
Mean Acc : 	 0.6831625158576425
FreqW Acc : 	 0.8684916928550955
Mean IoU : 	 0.5752184158871492
WARN get_lr: optimizer has more than one param group
WARN get_lr: optimizer has more than one param group
WARN get_lr: optimizer has more than one param group
WARN get_lr: optimizer has more than one param group
WARN get_lr: optimizer has more than one param group
WARN get_lr: optimizer has more than one param group
WARN get_lr: optimizer has more than one param group
WARN get_lr: optimizer has more than one param group
WARN get_lr: optimizer has more than one param group
WARN get_lr: optimizer has more than one param group
WARN get_lr: optimizer has more than one param group
WARN get_lr: optimizer has more than one param group
WARN get_lr: optimizer has more than one param group
WARN get_lr: optimizer has more than one param group
WARN get_lr: optimizer has more than one param group
WARN get_lr: optimizer has more than one param group
WARN get_lr: optimizer has more than one param group
WARN get_lr: optimizer has more than one param group
WARN get_lr: optimizer has more than one param group
WARN get_lr: optimizer has more than one param group
WARN get_lr: optimizer has more than one param group
WARN get_lr: optimizer has more than one param group
WARN get_lr: optimizer has more than one param group
WARN get_lr: optimizer has more than one param group
WARN get_lr: optimizer has more than one param group
Overall Acc: 	 0.9372520511711255
Mean Acc : 	 0.7011368271977221
FreqW Acc : 	 0.8873176995369764
Mean IoU : 	 0.6111371695228435
WARN get_lr: optimizer has more than one param group
WARN get_lr: optimizer has more than one param group
WARN get_lr: optimizer has more than one param group
WARN get_lr: optimizer has more than one param group
WARN get_lr: optimizer has more than one param group
WARN get_lr: optimizer has more than one param group
WARN get_lr: optimizer has more than one param group
WARN get_lr: optimizer has more than one param group
WARN get_lr: optimizer has more than one param group
WARN get_lr: optimizer has more than one param group
WARN get_lr: optimizer has more than one param group
WARN get_lr: optimizer has more than one param group
WARN get_lr: optimizer has more than one param group
WARN get_lr: optimizer has more than one param group
WARN get_lr: optimizer has more than one param group
WARN get_lr: optimizer has more than one param group
WARN get_lr: optimizer has more than one param group
WARN get_lr: optimizer has more than one param group
WARN get_lr: optimizer has more than one param group
WARN get_lr: optimizer has more than one param group
WARN get_lr: optimizer has more than one param group
WARN get_lr: optimizer has more than one param group
WARN get_lr: optimizer has more than one param group
WARN get_lr: optimizer has more than one param group
WARN get_lr: optimizer has more than one param group
Overall Acc: 	 0.9344537713362234
Mean Acc : 	 0.6893682986084217
FreqW Acc : 	 0.8838145640476619
Mean IoU : 	 0.5935650500014966
WARN get_lr: optimizer has more than one param group
WARN get_lr: optimizer has more than one param group
WARN get_lr: optimizer has more than one param group
WARN get_lr: optimizer has more than one param group
WARN get_lr: optimizer has more than one param group
WARN get_lr: optimizer has more than one param group
WARN get_lr: optimizer has more than one param group
WARN get_lr: optimizer has more than one param group
WARN get_lr: optimizer has more than one param group
WARN get_lr: optimizer has more than one param group
WARN get_lr: optimizer has more than one param group
WARN get_lr: optimizer has more than one param group
WARN get_lr: optimizer has more than one param group
WARN get_lr: optimizer has more than one param group
WARN get_lr: optimizer has more than one param group
WARN get_lr: optimizer has more than one param group
WARN get_lr: optimizer has more than one param group
WARN get_lr: optimizer has more than one param group
WARN get_lr: optimizer has more than one param group
WARN get_lr: optimizer has more than one param group
WARN get_lr: optimizer has more than one param group
WARN get_lr: optimizer has more than one param group
WARN get_lr: optimizer has more than one param group
WARN get_lr: optimizer has more than one param group
WARN get_lr: optimizer has more than one param group
Overall Acc: 	 0.9367268412222699
Mean Acc : 	 0.7132198569292699
FreqW Acc : 	 0.886882514240984
Mean IoU : 	 0.6148360428744498
WARN get_lr: optimizer has more than one param group
WARN get_lr: optimizer has more than one param group
WARN get_lr: optimizer has more than one param group
WARN get_lr: optimizer has more than one param group
WARN get_lr: optimizer has more than one param group
Overall Acc: 	 0.9384797265910456
Mean Acc : 	 0.7143455828685953
FreqW Acc : 	 0.8899293988366678
Mean IoU : 	 0.6199129290401659
WARN get_lr: optimizer has more than one param group
WARN get_lr: optimizer has more than one param group
WARN get_lr: optimizer has more than one param group
WARN get_lr: optimizer has more than one param group
WARN get_lr: optimizer has more than one param group
Overall Acc: 	 0.9389350690813406
Mean Acc : 	 0.7175721697961921
FreqW Acc : 	 0.8906120301348787
Mean IoU : 	 0.6242789819751926
WARN get_lr: optimizer has more than one param group
WARN get_lr: optimizer has more than one param group
WARN get_lr: optimizer has more than one param group
WARN get_lr: optimizer has more than one param group
WARN get_lr: optimizer has more than one param group
Overall Acc: 	 0.93898204726948
Mean Acc : 	 0.7239297643989947
FreqW Acc : 	 0.8910639303697396
Mean IoU : 	 0.624527674731613
WARN get_lr: optimizer has more than one param group
WARN get_lr: optimizer has more than one param group
WARN get_lr: optimizer has more than one param group
WARN get_lr: optimizer has more than one param group
WARN get_lr: optimizer has more than one param group
Overall Acc: 	 0.9388670599855014
Mean Acc : 	 0.7196496075557808
FreqW Acc : 	 0.890770715696199
Mean IoU : 	 0.6231314228451837
WARN get_lr: optimizer has more than one param group
WARN get_lr: optimizer has more than one param group
WARN get_lr: optimizer has more than one param group
WARN get_lr: optimizer has more than one param group
WARN get_lr: optimizer has more than one param group
Overall Acc: 	 0.9390191229144792
Mean Acc : 	 0.7158030670498656
FreqW Acc : 	 0.890901841004823
Mean IoU : 	 0.6218080574574129
WARN get_lr: optimizer has more than one param group
WARN get_lr: optimizer has more than one param group
WARN get_lr: optimizer has more than one param group
WARN get_lr: optimizer has more than one param group
WARN get_lr: optimizer has more than one param group
Overall Acc: 	 0.9390714188119084
Mean Acc : 	 0.7156923944612453
FreqW Acc : 	 0.8909940249910346
Mean IoU : 	 0.6222600540478969
WARN get_lr: optimizer has more than one param group
WARN get_lr: optimizer has more than one param group
WARN get_lr: optimizer has more than one param group
WARN get_lr: optimizer has more than one param group
WARN get_lr: optimizer has more than one param group
Overall Acc: 	 0.9389969752442049
Mean Acc : 	 0.7239943873467398
FreqW Acc : 	 0.891055023585435
Mean IoU : 	 0.62416920110646
WARN get_lr: optimizer has more than one param group
WARN get_lr: optimizer has more than one param group
WARN get_lr: optimizer has more than one param group
WARN get_lr: optimizer has more than one param group
WARN get_lr: optimizer has more than one param group
Overall Acc: 	 0.9394338693402533
Mean Acc : 	 0.7226676574476861
FreqW Acc : 	 0.8916411425475212
Mean IoU : 	 0.6247482901190494
WARN get_lr: optimizer has more than one param group
WARN get_lr: optimizer has more than one param group
WARN get_lr: optimizer has more than one param group
WARN get_lr: optimizer has more than one param group
WARN get_lr: optimizer has more than one param group
Overall Acc: 	 0.9387435661116006
Mean Acc : 	 0.7195919033146092
FreqW Acc : 	 0.8905256038540595
Mean IoU : 	 0.6217761343516536
WARN get_lr: optimizer has more than one param group
WARN get_lr: optimizer has more than one param group
WARN get_lr: optimizer has more than one param group
WARN get_lr: optimizer has more than one param group
WARN get_lr: optimizer has more than one param group
Overall Acc: 	 0.9391379621568686
Mean Acc : 	 0.7236529279480489
FreqW Acc : 	 0.8913051749836178
Mean IoU : 	 0.6248868954586734
WARN get_lr: optimizer has more than one param group
WARN get_lr: optimizer has more than one param group
WARN get_lr: optimizer has more than one param group
WARN get_lr: optimizer has more than one param group
WARN get_lr: optimizer has more than one param group
Overall Acc: 	 0.9388345909861215
Mean Acc : 	 0.714115049621949
FreqW Acc : 	 0.8904087393160708
Mean IoU : 	 0.6204449962034699
WARN get_lr: optimizer has more than one param group
WARN get_lr: optimizer has more than one param group
WARN get_lr: optimizer has more than one param group
WARN get_lr: optimizer has more than one param group
WARN get_lr: optimizer has more than one param group
Overall Acc: 	 0.9392520507959632
Mean Acc : 	 0.7183032720884156
FreqW Acc : 	 0.8912274571021624
Mean IoU : 	 0.6234362829616968
WARN get_lr: optimizer has more than one param group
WARN get_lr: optimizer has more than one param group
WARN get_lr: optimizer has more than one param group
WARN get_lr: optimizer has more than one param group
WARN get_lr: optimizer has more than one param group
Overall Acc: 	 0.9388899405312151
Mean Acc : 	 0.7125198857772058
FreqW Acc : 	 0.8906535758007986
Mean IoU : 	 0.6191652508143838
WARN get_lr: optimizer has more than one param group
WARN get_lr: optimizer has more than one param group
WARN get_lr: optimizer has more than one param group
WARN get_lr: optimizer has more than one param group
WARN get_lr: optimizer has more than one param group
Overall Acc: 	 0.9394497962939998
Mean Acc : 	 0.7227509848818034
FreqW Acc : 	 0.8916693350455461
Mean IoU : 	 0.6261743614872303
WARN get_lr: optimizer has more than one param group
WARN get_lr: optimizer has more than one param group
WARN get_lr: optimizer has more than one param group
WARN get_lr: optimizer has more than one param group
WARN get_lr: optimizer has more than one param group
Overall Acc: 	 0.938454254807171
Mean Acc : 	 0.7127148857999893
FreqW Acc : 	 0.8900655742846549
Mean IoU : 	 0.6176385855503185
WARN get_lr: optimizer has more than one param group
WARN get_lr: optimizer has more than one param group
WARN get_lr: optimizer has more than one param group
WARN get_lr: optimizer has more than one param group
WARN get_lr: optimizer has more than one param group
Overall Acc: 	 0.9385023759320076
Mean Acc : 	 0.7164876894404921
FreqW Acc : 	 0.8903988874634402
Mean IoU : 	 0.6184412865100782
WARN get_lr: optimizer has more than one param group
WARN get_lr: optimizer has more than one param group
WARN get_lr: optimizer has more than one param group
WARN get_lr: optimizer has more than one param group
WARN get_lr: optimizer has more than one param group
Overall Acc: 	 0.9394279583508458
Mean Acc : 	 0.7283231412919181
FreqW Acc : 	 0.8919829286592076
Mean IoU : 	 0.6270180712950868
WARN get_lr: optimizer has more than one param group
WARN get_lr: optimizer has more than one param group
WARN get_lr: optimizer has more than one param group
WARN get_lr: optimizer has more than one param group
WARN get_lr: optimizer has more than one param group
Overall Acc: 	 0.93896110797121
Mean Acc : 	 0.7240558536750727
FreqW Acc : 	 0.8906994453614119
Mean IoU : 	 0.6251384918124255
WARN get_lr: optimizer has more than one param group
WARN get_lr: optimizer has more than one param group
WARN get_lr: optimizer has more than one param group
WARN get_lr: optimizer has more than one param group
WARN get_lr: optimizer has more than one param group
Overall Acc: 	 0.9390046660739653
Mean Acc : 	 0.724624606667619
FreqW Acc : 	 0.8910090915977096
Mean IoU : 	 0.6236332315146086
WARN get_lr: optimizer has more than one param group
WARN get_lr: optimizer has more than one param group
WARN get_lr: optimizer has more than one param group
WARN get_lr: optimizer has more than one param group
WARN get_lr: optimizer has more than one param group
Overall Acc: 	 0.9390761476034343
Mean Acc : 	 0.7238282446576063
FreqW Acc : 	 0.8911764259367625
Mean IoU : 	 0.6231274660413055
Resolved base cfg vars {'seed': 25, ('model', 'segmentation_args', 'projection_mode'): 'dual', ('model', 'variant'): 'ct_dual_cosine_w0_lam0p50', ('training', 'cross_task_lambda'): 0.5, ('training', 'cross_task_type'): 'cosine', ('training', 'cross_task_warmup_iters'): 0}
Resolved vars {('config', 'general', 'tag'): 'cityscapes_pad_ct_dual_cosine_w0_lam0p50_D372_S25', 'seed': 25, ('model', 'segmentation_args', 'projection_mode'): 'dual', ('model', 'variant'): 'ct_dual_cosine_w0_lam0p50', ('training', 'cross_task_lambda'): 0.5, ('training', 'cross_task_type'): 'cosine', ('training', 'cross_task_warmup_iters'): 0}
Dispatch job 16_tag=cityscapes_pad_ct_dual_cosine_w0_lam0p50_D372_S25
Start 2026-03-23_07-39-4016_tag=cityscapes_pad_ct_dual_cosine_w0_lam0p50_D372_S25
RUNDIR: /user/work/ig23200/sde_seg/logs//cityscapes_joint_220/2026-03-23_07-39-4016_tag=cityscapes_pad_ct_dual_cosine_w0_lam0p50_D372_S25
Restrict subset from 2975 to 372 images ...
Use image subset [7, 27, 35, 45, 48, 51, 55, 64, 81, 85, 103, 109, 111, 118, 123, 134, 135, 137, 166, 172, 176, 181, 182, 199, 201, 208, 241, 252, 256, 263, 273, 281, 289, 298, 302, 311, 314, 328, 329, 330, 335, 345, 346, 347, 349, 363, 365, 373, 387, 395, 399, 406, 408, 414, 431, 443, 444, 448, 450, 455, 462, 465, 477, 478, 484, 508, 510, 514, 522, 541, 556, 559, 568, 577, 586, 615, 617, 618, 629, 636, 638, 642, 646, 653, 670, 675, 682, 691, 698, 699, 700, 718, 725, 730, 731, 732, 746, 760, 769, 791, 800, 806, 819, 827, 831, 839, 844, 863, 867, 868, 875, 887, 899, 906, 919, 924, 939, 942, 946, 949, 967, 973, 975, 987, 993, 999, 1000, 1006, 1017, 1020, 1024, 1035, 1038, 1044, 1054, 1058, 1064, 1070, 1076, 1082, 1090, 1094, 1104, 1110, 1115, 1117, 1118, 1147, 1152, 1162, 1166, 1169, 1172, 1180, 1190, 1194, 1204, 1207, 1217, 1219, 1226, 1235, 1261, 1275, 1280, 1293, 1296, 1299, 1303, 1305, 1338, 1340, 1371, 1380, 1384, 1396, 1404, 1413, 1433, 1449, 1452, 1463, 1474, 1488, 1492, 1510, 1520, 1531, 1532, 1533, 1557, 1560, 1566, 1577, 1595, 1597, 1602, 1608, 1624, 1627, 1629, 1640, 1644, 1648, 1657, 1686, 1705, 1711, 1713, 1720, 1724, 1730, 1760, 1766, 1769, 1770, 1779, 1794, 1797, 1803, 1810, 1818, 1827, 1831, 1832, 1837, 1844, 1845, 1849, 1851, 1860, 1876, 1883, 1890, 1901, 1905, 1907, 1908, 1911, 1918, 1926, 1946, 1947, 1950, 1953, 1959, 1971, 1976, 1980, 1981, 1986, 1989, 1999, 2015, 2021, 2022, 2029, 2042, 2043, 2055, 2057, 2080, 2100, 2107, 2109, 2116, 2117, 2124, 2136, 2139, 2151, 2153, 2156, 2160, 2171, 2187, 2188, 2207, 2218, 2223, 2230, 2239, 2245, 2247, 2257, 2267, 2272, 2280, 2284, 2287, 2290, 2291, 2293, 2301, 2302, 2306, 2314, 2326, 2338, 2342, 2355, 2362, 2365, 2373, 2385, 2402, 2404, 2405, 2438, 2444, 2452, 2462, 2468, 2507, 2508, 2510, 2527, 2528, 2546, 2553, 2554, 2558, 2570, 2571, 2580, 2606, 2618, 2625, 2629, 2636, 2649, 2655, 2663, 2679, 2680, 2683, 2695, 2700, 2704, 2711, 2715, 2720, 2722, 2728, 2734, 2738, 2752, 2758, 2759, 2775, 2777, 2782, 2791, 2799, 2809, 2830, 2839, 2843, 2852, 2854, 2856, 2859, 2871, 2890, 2892, 2901, 2921, 2923, 2925, 2950, 2960, 2969] with class frequencies:
Keep 372 images
Found 372 train images
Restrict subset from 2975 to 372 images ...
Use image subset [7, 27, 35, 45, 48, 51, 55, 64, 81, 85, 103, 109, 111, 118, 123, 134, 135, 137, 166, 172, 176, 181, 182, 199, 201, 208, 241, 252, 256, 263, 273, 281, 289, 298, 302, 311, 314, 328, 329, 330, 335, 345, 346, 347, 349, 363, 365, 373, 387, 395, 399, 406, 408, 414, 431, 443, 444, 448, 450, 455, 462, 465, 477, 478, 484, 508, 510, 514, 522, 541, 556, 559, 568, 577, 586, 615, 617, 618, 629, 636, 638, 642, 646, 653, 670, 675, 682, 691, 698, 699, 700, 718, 725, 730, 731, 732, 746, 760, 769, 791, 800, 806, 819, 827, 831, 839, 844, 863, 867, 868, 875, 887, 899, 906, 919, 924, 939, 942, 946, 949, 967, 973, 975, 987, 993, 999, 1000, 1006, 1017, 1020, 1024, 1035, 1038, 1044, 1054, 1058, 1064, 1070, 1076, 1082, 1090, 1094, 1104, 1110, 1115, 1117, 1118, 1147, 1152, 1162, 1166, 1169, 1172, 1180, 1190, 1194, 1204, 1207, 1217, 1219, 1226, 1235, 1261, 1275, 1280, 1293, 1296, 1299, 1303, 1305, 1338, 1340, 1371, 1380, 1384, 1396, 1404, 1413, 1433, 1449, 1452, 1463, 1474, 1488, 1492, 1510, 1520, 1531, 1532, 1533, 1557, 1560, 1566, 1577, 1595, 1597, 1602, 1608, 1624, 1627, 1629, 1640, 1644, 1648, 1657, 1686, 1705, 1711, 1713, 1720, 1724, 1730, 1760, 1766, 1769, 1770, 1779, 1794, 1797, 1803, 1810, 1818, 1827, 1831, 1832, 1837, 1844, 1845, 1849, 1851, 1860, 1876, 1883, 1890, 1901, 1905, 1907, 1908, 1911, 1918, 1926, 1946, 1947, 1950, 1953, 1959, 1971, 1976, 1980, 1981, 1986, 1989, 1999, 2015, 2021, 2022, 2029, 2042, 2043, 2055, 2057, 2080, 2100, 2107, 2109, 2116, 2117, 2124, 2136, 2139, 2151, 2153, 2156, 2160, 2171, 2187, 2188, 2207, 2218, 2223, 2230, 2239, 2245, 2247, 2257, 2267, 2272, 2280, 2284, 2287, 2290, 2291, 2293, 2301, 2302, 2306, 2314, 2326, 2338, 2342, 2355, 2362, 2365, 2373, 2385, 2402, 2404, 2405, 2438, 2444, 2452, 2462, 2468, 2507, 2508, 2510, 2527, 2528, 2546, 2553, 2554, 2558, 2570, 2571, 2580, 2606, 2618, 2625, 2629, 2636, 2649, 2655, 2663, 2679, 2680, 2683, 2695, 2700, 2704, 2711, 2715, 2720, 2722, 2728, 2734, 2738, 2752, 2758, 2759, 2775, 2777, 2782, 2791, 2799, 2809, 2830, 2839, 2843, 2852, 2854, 2856, 2859, 2871, 2890, 2892, 2901, 2921, 2923, 2925, 2950, 2960, 2969] with class frequencies:
Keep 2975 images
Found 2975 train images
Found 500 val images
Load mono_cityscapes_1024x512_r101dil_aspp_dec6_lr5_fd2_crop512x512bs4 weights
Load mono_cityscapes_1024x512_r101dil_aspp_dec6_lr5_fd2_crop512x512bs4depth weights
Load mono_cityscapes_1024x512_r101dil_aspp_dec6_lr5_fd2_crop512x512bs4depth weights
Create segmentation ema model.
Load mono_cityscapes_1024x512_r101dil_aspp_dec6_lr5_fd2_crop512x512bs4 weights
Load mono_cityscapes_1024x512_r101dil_aspp_dec6_lr5_fd2_crop512x512bs4depth weights
Load mono_cityscapes_1024x512_r101dil_aspp_dec6_lr5_fd2_crop512x512bs4depth weights
WARN get_lr: optimizer has more than one param group
Overall Acc: 	 0.8180397969947247
Mean Acc : 	 0.24283790672467812
FreqW Acc : 	 0.6820393725842947
Mean IoU : 	 0.19993310677578857
WARN get_lr: optimizer has more than one param group
WARN get_lr: optimizer has more than one param group
WARN get_lr: optimizer has more than one param group
WARN get_lr: optimizer has more than one param group
WARN get_lr: optimizer has more than one param group
WARN get_lr: optimizer has more than one param group
WARN get_lr: optimizer has more than one param group
WARN get_lr: optimizer has more than one param group
WARN get_lr: optimizer has more than one param group
WARN get_lr: optimizer has more than one param group
WARN get_lr: optimizer has more than one param group
WARN get_lr: optimizer has more than one param group
WARN get_lr: optimizer has more than one param group
WARN get_lr: optimizer has more than one param group
WARN get_lr: optimizer has more than one param group
WARN get_lr: optimizer has more than one param group
WARN get_lr: optimizer has more than one param group
WARN get_lr: optimizer has more than one param group
WARN get_lr: optimizer has more than one param group
WARN get_lr: optimizer has more than one param group
WARN get_lr: optimizer has more than one param group
WARN get_lr: optimizer has more than one param group
WARN get_lr: optimizer has more than one param group
WARN get_lr: optimizer has more than one param group
Overall Acc: 	 0.9145676237974828
Mean Acc : 	 0.5029507092268011
FreqW Acc : 	 0.8512980385675792
Mean IoU : 	 0.41871115220324606
WARN get_lr: optimizer has more than one param group
WARN get_lr: optimizer has more than one param group
WARN get_lr: optimizer has more than one param group
WARN get_lr: optimizer has more than one param group
WARN get_lr: optimizer has more than one param group
WARN get_lr: optimizer has more than one param group
WARN get_lr: optimizer has more than one param group
WARN get_lr: optimizer has more than one param group
WARN get_lr: optimizer has more than one param group
WARN get_lr: optimizer has more than one param group
WARN get_lr: optimizer has more than one param group
WARN get_lr: optimizer has more than one param group
WARN get_lr: optimizer has more than one param group
WARN get_lr: optimizer has more than one param group
WARN get_lr: optimizer has more than one param group
WARN get_lr: optimizer has more than one param group
WARN get_lr: optimizer has more than one param group
WARN get_lr: optimizer has more than one param group
WARN get_lr: optimizer has more than one param group
WARN get_lr: optimizer has more than one param group
WARN get_lr: optimizer has more than one param group
WARN get_lr: optimizer has more than one param group
WARN get_lr: optimizer has more than one param group
WARN get_lr: optimizer has more than one param group
WARN get_lr: optimizer has more than one param group
Overall Acc: 	 0.9235918767964145
Mean Acc : 	 0.6007937316626775
FreqW Acc : 	 0.8680820396343187
Mean IoU : 	 0.49964868397380696
WARN get_lr: optimizer has more than one param group
WARN get_lr: optimizer has more than one param group
WARN get_lr: optimizer has more than one param group
WARN get_lr: optimizer has more than one param group
WARN get_lr: optimizer has more than one param group
WARN get_lr: optimizer has more than one param group
WARN get_lr: optimizer has more than one param group
WARN get_lr: optimizer has more than one param group
WARN get_lr: optimizer has more than one param group
WARN get_lr: optimizer has more than one param group
WARN get_lr: optimizer has more than one param group
WARN get_lr: optimizer has more than one param group
WARN get_lr: optimizer has more than one param group
WARN get_lr: optimizer has more than one param group
WARN get_lr: optimizer has more than one param group
WARN get_lr: optimizer has more than one param group
WARN get_lr: optimizer has more than one param group
WARN get_lr: optimizer has more than one param group
WARN get_lr: optimizer has more than one param group
WARN get_lr: optimizer has more than one param group
WARN get_lr: optimizer has more than one param group
WARN get_lr: optimizer has more than one param group
WARN get_lr: optimizer has more than one param group
WARN get_lr: optimizer has more than one param group
WARN get_lr: optimizer has more than one param group
Overall Acc: 	 0.929089419759525
Mean Acc : 	 0.648121291814237
FreqW Acc : 	 0.8748253656444017
Mean IoU : 	 0.5541630744027923
WARN get_lr: optimizer has more than one param group
WARN get_lr: optimizer has more than one param group
WARN get_lr: optimizer has more than one param group
WARN get_lr: optimizer has more than one param group
WARN get_lr: optimizer has more than one param group
WARN get_lr: optimizer has more than one param group
WARN get_lr: optimizer has more than one param group
WARN get_lr: optimizer has more than one param group
WARN get_lr: optimizer has more than one param group
WARN get_lr: optimizer has more than one param group
WARN get_lr: optimizer has more than one param group
WARN get_lr: optimizer has more than one param group
WARN get_lr: optimizer has more than one param group
WARN get_lr: optimizer has more than one param group
WARN get_lr: optimizer has more than one param group
WARN get_lr: optimizer has more than one param group
WARN get_lr: optimizer has more than one param group
WARN get_lr: optimizer has more than one param group
WARN get_lr: optimizer has more than one param group
WARN get_lr: optimizer has more than one param group
WARN get_lr: optimizer has more than one param group
WARN get_lr: optimizer has more than one param group
WARN get_lr: optimizer has more than one param group
WARN get_lr: optimizer has more than one param group
WARN get_lr: optimizer has more than one param group
Overall Acc: 	 0.9325279579002147
Mean Acc : 	 0.6504231852311385
FreqW Acc : 	 0.8805337488432633
Mean IoU : 	 0.5592851220561631
WARN get_lr: optimizer has more than one param group
WARN get_lr: optimizer has more than one param group
WARN get_lr: optimizer has more than one param group
WARN get_lr: optimizer has more than one param group
WARN get_lr: optimizer has more than one param group
WARN get_lr: optimizer has more than one param group
WARN get_lr: optimizer has more than one param group
WARN get_lr: optimizer has more than one param group
WARN get_lr: optimizer has more than one param group
WARN get_lr: optimizer has more than one param group
WARN get_lr: optimizer has more than one param group
WARN get_lr: optimizer has more than one param group
WARN get_lr: optimizer has more than one param group
WARN get_lr: optimizer has more than one param group
WARN get_lr: optimizer has more than one param group
WARN get_lr: optimizer has more than one param group
WARN get_lr: optimizer has more than one param group
WARN get_lr: optimizer has more than one param group
WARN get_lr: optimizer has more than one param group
WARN get_lr: optimizer has more than one param group
WARN get_lr: optimizer has more than one param group
WARN get_lr: optimizer has more than one param group
WARN get_lr: optimizer has more than one param group
WARN get_lr: optimizer has more than one param group
WARN get_lr: optimizer has more than one param group
Overall Acc: 	 0.9340918399279814
Mean Acc : 	 0.6620664258663548
FreqW Acc : 	 0.882560315673906
Mean IoU : 	 0.5743112501408202
WARN get_lr: optimizer has more than one param group
WARN get_lr: optimizer has more than one param group
WARN get_lr: optimizer has more than one param group
WARN get_lr: optimizer has more than one param group
WARN get_lr: optimizer has more than one param group
WARN get_lr: optimizer has more than one param group
WARN get_lr: optimizer has more than one param group
WARN get_lr: optimizer has more than one param group
WARN get_lr: optimizer has more than one param group
WARN get_lr: optimizer has more than one param group
WARN get_lr: optimizer has more than one param group
WARN get_lr: optimizer has more than one param group
WARN get_lr: optimizer has more than one param group
WARN get_lr: optimizer has more than one param group
WARN get_lr: optimizer has more than one param group
WARN get_lr: optimizer has more than one param group
WARN get_lr: optimizer has more than one param group
WARN get_lr: optimizer has more than one param group
WARN get_lr: optimizer has more than one param group
WARN get_lr: optimizer has more than one param group
WARN get_lr: optimizer has more than one param group
WARN get_lr: optimizer has more than one param group
WARN get_lr: optimizer has more than one param group
WARN get_lr: optimizer has more than one param group
WARN get_lr: optimizer has more than one param group
Overall Acc: 	 0.9349755175761568
Mean Acc : 	 0.7055008701809747
FreqW Acc : 	 0.8851117243460709
Mean IoU : 	 0.6023974019370586
WARN get_lr: optimizer has more than one param group
WARN get_lr: optimizer has more than one param group
WARN get_lr: optimizer has more than one param group
WARN get_lr: optimizer has more than one param group
WARN get_lr: optimizer has more than one param group
WARN get_lr: optimizer has more than one param group
WARN get_lr: optimizer has more than one param group
WARN get_lr: optimizer has more than one param group
WARN get_lr: optimizer has more than one param group
WARN get_lr: optimizer has more than one param group
WARN get_lr: optimizer has more than one param group
WARN get_lr: optimizer has more than one param group
WARN get_lr: optimizer has more than one param group
WARN get_lr: optimizer has more than one param group
WARN get_lr: optimizer has more than one param group
WARN get_lr: optimizer has more than one param group
WARN get_lr: optimizer has more than one param group
WARN get_lr: optimizer has more than one param group
WARN get_lr: optimizer has more than one param group
WARN get_lr: optimizer has more than one param group
WARN get_lr: optimizer has more than one param group
WARN get_lr: optimizer has more than one param group
WARN get_lr: optimizer has more than one param group
WARN get_lr: optimizer has more than one param group
WARN get_lr: optimizer has more than one param group
Overall Acc: 	 0.9348835198967371
Mean Acc : 	 0.7079754470384249
FreqW Acc : 	 0.885071352779957
Mean IoU : 	 0.6028828406813384
WARN get_lr: optimizer has more than one param group
WARN get_lr: optimizer has more than one param group
WARN get_lr: optimizer has more than one param group
WARN get_lr: optimizer has more than one param group
WARN get_lr: optimizer has more than one param group
WARN get_lr: optimizer has more than one param group
WARN get_lr: optimizer has more than one param group
WARN get_lr: optimizer has more than one param group
WARN get_lr: optimizer has more than one param group
WARN get_lr: optimizer has more than one param group
WARN get_lr: optimizer has more than one param group
WARN get_lr: optimizer has more than one param group
WARN get_lr: optimizer has more than one param group
WARN get_lr: optimizer has more than one param group
WARN get_lr: optimizer has more than one param group
WARN get_lr: optimizer has more than one param group
WARN get_lr: optimizer has more than one param group
WARN get_lr: optimizer has more than one param group
WARN get_lr: optimizer has more than one param group
WARN get_lr: optimizer has more than one param group
WARN get_lr: optimizer has more than one param group
WARN get_lr: optimizer has more than one param group
WARN get_lr: optimizer has more than one param group
WARN get_lr: optimizer has more than one param group
WARN get_lr: optimizer has more than one param group
Overall Acc: 	 0.933378542732416
Mean Acc : 	 0.686488743786615
FreqW Acc : 	 0.8803097385677434
Mean IoU : 	 0.5932413940075112
WARN get_lr: optimizer has more than one param group
WARN get_lr: optimizer has more than one param group
WARN get_lr: optimizer has more than one param group
WARN get_lr: optimizer has more than one param group
WARN get_lr: optimizer has more than one param group
WARN get_lr: optimizer has more than one param group
WARN get_lr: optimizer has more than one param group
WARN get_lr: optimizer has more than one param group
WARN get_lr: optimizer has more than one param group
WARN get_lr: optimizer has more than one param group
WARN get_lr: optimizer has more than one param group
WARN get_lr: optimizer has more than one param group
WARN get_lr: optimizer has more than one param group
WARN get_lr: optimizer has more than one param group
WARN get_lr: optimizer has more than one param group
WARN get_lr: optimizer has more than one param group
WARN get_lr: optimizer has more than one param group
WARN get_lr: optimizer has more than one param group
WARN get_lr: optimizer has more than one param group
WARN get_lr: optimizer has more than one param group
WARN get_lr: optimizer has more than one param group
WARN get_lr: optimizer has more than one param group
WARN get_lr: optimizer has more than one param group
WARN get_lr: optimizer has more than one param group
WARN get_lr: optimizer has more than one param group
Overall Acc: 	 0.935141688357344
Mean Acc : 	 0.7167101314267627
FreqW Acc : 	 0.8858308964257416
Mean IoU : 	 0.6083143683758734
WARN get_lr: optimizer has more than one param group
WARN get_lr: optimizer has more than one param group
WARN get_lr: optimizer has more than one param group
WARN get_lr: optimizer has more than one param group
WARN get_lr: optimizer has more than one param group
WARN get_lr: optimizer has more than one param group
WARN get_lr: optimizer has more than one param group
WARN get_lr: optimizer has more than one param group
WARN get_lr: optimizer has more than one param group
WARN get_lr: optimizer has more than one param group
WARN get_lr: optimizer has more than one param group
WARN get_lr: optimizer has more than one param group
WARN get_lr: optimizer has more than one param group
WARN get_lr: optimizer has more than one param group
WARN get_lr: optimizer has more than one param group
WARN get_lr: optimizer has more than one param group
WARN get_lr: optimizer has more than one param group
WARN get_lr: optimizer has more than one param group
WARN get_lr: optimizer has more than one param group
WARN get_lr: optimizer has more than one param group
WARN get_lr: optimizer has more than one param group
WARN get_lr: optimizer has more than one param group
WARN get_lr: optimizer has more than one param group
WARN get_lr: optimizer has more than one param group
WARN get_lr: optimizer has more than one param group
Overall Acc: 	 0.934756950563403
Mean Acc : 	 0.7009164427326312
FreqW Acc : 	 0.8836973769845498
Mean IoU : 	 0.6056920105425961
WARN get_lr: optimizer has more than one param group
WARN get_lr: optimizer has more than one param group
WARN get_lr: optimizer has more than one param group
WARN get_lr: optimizer has more than one param group
WARN get_lr: optimizer has more than one param group
WARN get_lr: optimizer has more than one param group
WARN get_lr: optimizer has more than one param group
WARN get_lr: optimizer has more than one param group
WARN get_lr: optimizer has more than one param group
WARN get_lr: optimizer has more than one param group
WARN get_lr: optimizer has more than one param group
WARN get_lr: optimizer has more than one param group
WARN get_lr: optimizer has more than one param group
WARN get_lr: optimizer has more than one param group
WARN get_lr: optimizer has more than one param group
WARN get_lr: optimizer has more than one param group
WARN get_lr: optimizer has more than one param group
WARN get_lr: optimizer has more than one param group
WARN get_lr: optimizer has more than one param group
WARN get_lr: optimizer has more than one param group
WARN get_lr: optimizer has more than one param group
WARN get_lr: optimizer has more than one param group
WARN get_lr: optimizer has more than one param group
WARN get_lr: optimizer has more than one param group
WARN get_lr: optimizer has more than one param group
Overall Acc: 	 0.9365506893755741
Mean Acc : 	 0.7048659413125749
FreqW Acc : 	 0.8871631132521938
Mean IoU : 	 0.6161265890549212
WARN get_lr: optimizer has more than one param group
WARN get_lr: optimizer has more than one param group
WARN get_lr: optimizer has more than one param group
WARN get_lr: optimizer has more than one param group
WARN get_lr: optimizer has more than one param group
WARN get_lr: optimizer has more than one param group
WARN get_lr: optimizer has more than one param group
WARN get_lr: optimizer has more than one param group
WARN get_lr: optimizer has more than one param group
WARN get_lr: optimizer has more than one param group
WARN get_lr: optimizer has more than one param group
WARN get_lr: optimizer has more than one param group
WARN get_lr: optimizer has more than one param group
WARN get_lr: optimizer has more than one param group
WARN get_lr: optimizer has more than one param group
WARN get_lr: optimizer has more than one param group
WARN get_lr: optimizer has more than one param group
WARN get_lr: optimizer has more than one param group
WARN get_lr: optimizer has more than one param group
WARN get_lr: optimizer has more than one param group
WARN get_lr: optimizer has more than one param group
WARN get_lr: optimizer has more than one param group
WARN get_lr: optimizer has more than one param group
WARN get_lr: optimizer has more than one param group
WARN get_lr: optimizer has more than one param group
Overall Acc: 	 0.9363256966156637
Mean Acc : 	 0.7008723454185779
FreqW Acc : 	 0.8864836025612011
Mean IoU : 	 0.6135794440198233
WARN get_lr: optimizer has more than one param group
WARN get_lr: optimizer has more than one param group
WARN get_lr: optimizer has more than one param group
WARN get_lr: optimizer has more than one param group
WARN get_lr: optimizer has more than one param group
Overall Acc: 	 0.9378470282444044
Mean Acc : 	 0.7192431774519772
FreqW Acc : 	 0.8891834371389089
Mean IoU : 	 0.625795980678341
WARN get_lr: optimizer has more than one param group
WARN get_lr: optimizer has more than one param group
WARN get_lr: optimizer has more than one param group
WARN get_lr: optimizer has more than one param group
WARN get_lr: optimizer has more than one param group
Overall Acc: 	 0.9377585073609682
Mean Acc : 	 0.7224550113825317
FreqW Acc : 	 0.8890090781389545
Mean IoU : 	 0.6267723672688534
WARN get_lr: optimizer has more than one param group
WARN get_lr: optimizer has more than one param group
WARN get_lr: optimizer has more than one param group
WARN get_lr: optimizer has more than one param group
WARN get_lr: optimizer has more than one param group
Overall Acc: 	 0.937911089410049
Mean Acc : 	 0.7178966064418567
FreqW Acc : 	 0.8893630932168843
Mean IoU : 	 0.6238543565152083
WARN get_lr: optimizer has more than one param group
WARN get_lr: optimizer has more than one param group
WARN get_lr: optimizer has more than one param group
WARN get_lr: optimizer has more than one param group
WARN get_lr: optimizer has more than one param group
Overall Acc: 	 0.9379892235290724
Mean Acc : 	 0.7200366477438833
FreqW Acc : 	 0.8893442924137911
Mean IoU : 	 0.6280427523818022
WARN get_lr: optimizer has more than one param group
WARN get_lr: optimizer has more than one param group
WARN get_lr: optimizer has more than one param group
WARN get_lr: optimizer has more than one param group
WARN get_lr: optimizer has more than one param group
Overall Acc: 	 0.9382607364299725
Mean Acc : 	 0.7216983603572833
FreqW Acc : 	 0.890003439164413
Mean IoU : 	 0.6280007500510888
WARN get_lr: optimizer has more than one param group
WARN get_lr: optimizer has more than one param group
WARN get_lr: optimizer has more than one param group
WARN get_lr: optimizer has more than one param group
WARN get_lr: optimizer has more than one param group
Overall Acc: 	 0.9381969151937873
Mean Acc : 	 0.7258773798127582
FreqW Acc : 	 0.8898448726948183
Mean IoU : 	 0.630166508435278
WARN get_lr: optimizer has more than one param group
WARN get_lr: optimizer has more than one param group
WARN get_lr: optimizer has more than one param group
WARN get_lr: optimizer has more than one param group
WARN get_lr: optimizer has more than one param group
Overall Acc: 	 0.9380364503713787
Mean Acc : 	 0.7224531679128664
FreqW Acc : 	 0.8894201858667128
Mean IoU : 	 0.6278429175641925
WARN get_lr: optimizer has more than one param group
WARN get_lr: optimizer has more than one param group
WARN get_lr: optimizer has more than one param group
WARN get_lr: optimizer has more than one param group
WARN get_lr: optimizer has more than one param group
Overall Acc: 	 0.938248007081566
Mean Acc : 	 0.7243294951906387
FreqW Acc : 	 0.8897937112541451
Mean IoU : 	 0.6302949362294885
WARN get_lr: optimizer has more than one param group
WARN get_lr: optimizer has more than one param group
WARN get_lr: optimizer has more than one param group
WARN get_lr: optimizer has more than one param group
WARN get_lr: optimizer has more than one param group
Overall Acc: 	 0.9381608996007631
Mean Acc : 	 0.7276803946822813
FreqW Acc : 	 0.8897751410584492
Mean IoU : 	 0.6317768437574703
WARN get_lr: optimizer has more than one param group
WARN get_lr: optimizer has more than one param group
WARN get_lr: optimizer has more than one param group
WARN get_lr: optimizer has more than one param group
WARN get_lr: optimizer has more than one param group
Overall Acc: 	 0.9383592950895169
Mean Acc : 	 0.7261566492035968
FreqW Acc : 	 0.890129641349972
Mean IoU : 	 0.6314355034221736
WARN get_lr: optimizer has more than one param group
WARN get_lr: optimizer has more than one param group
WARN get_lr: optimizer has more than one param group
WARN get_lr: optimizer has more than one param group
WARN get_lr: optimizer has more than one param group
Overall Acc: 	 0.9379435933082592
Mean Acc : 	 0.72844269061082
FreqW Acc : 	 0.8893528298337513
Mean IoU : 	 0.6329414758309514
WARN get_lr: optimizer has more than one param group
WARN get_lr: optimizer has more than one param group
WARN get_lr: optimizer has more than one param group
WARN get_lr: optimizer has more than one param group
WARN get_lr: optimizer has more than one param group
Overall Acc: 	 0.9388020434643732
Mean Acc : 	 0.7241637711151074
FreqW Acc : 	 0.890402867749465
Mean IoU : 	 0.6334927694334285
WARN get_lr: optimizer has more than one param group
WARN get_lr: optimizer has more than one param group
WARN get_lr: optimizer has more than one param group
WARN get_lr: optimizer has more than one param group
WARN get_lr: optimizer has more than one param group
Overall Acc: 	 0.9388160858812755
Mean Acc : 	 0.7253715806842983
FreqW Acc : 	 0.8907416384314714
Mean IoU : 	 0.6327222661769167
WARN get_lr: optimizer has more than one param group
WARN get_lr: optimizer has more than one param group
WARN get_lr: optimizer has more than one param group
WARN get_lr: optimizer has more than one param group
WARN get_lr: optimizer has more than one param group
Overall Acc: 	 0.9384849265167827
Mean Acc : 	 0.7213621869748591
FreqW Acc : 	 0.8901419916528155
Mean IoU : 	 0.6285297014230476
WARN get_lr: optimizer has more than one param group
WARN get_lr: optimizer has more than one param group
WARN get_lr: optimizer has more than one param group
WARN get_lr: optimizer has more than one param group
WARN get_lr: optimizer has more than one param group
Overall Acc: 	 0.9385776134481038
Mean Acc : 	 0.7284148946850287
FreqW Acc : 	 0.8906974924396663
Mean IoU : 	 0.6315339581466656
WARN get_lr: optimizer has more than one param group
WARN get_lr: optimizer has more than one param group
WARN get_lr: optimizer has more than one param group
WARN get_lr: optimizer has more than one param group
WARN get_lr: optimizer has more than one param group
Overall Acc: 	 0.9377416163270305
Mean Acc : 	 0.7206622792344205
FreqW Acc : 	 0.8893836367528333
Mean IoU : 	 0.6265305004464355
WARN get_lr: optimizer has more than one param group
WARN get_lr: optimizer has more than one param group
WARN get_lr: optimizer has more than one param group
WARN get_lr: optimizer has more than one param group
WARN get_lr: optimizer has more than one param group
Overall Acc: 	 0.9378396166052876
Mean Acc : 	 0.7249917800560929
FreqW Acc : 	 0.8891799637805899
Mean IoU : 	 0.6289988059392969
WARN get_lr: optimizer has more than one param group
WARN get_lr: optimizer has more than one param group
WARN get_lr: optimizer has more than one param group
WARN get_lr: optimizer has more than one param group
WARN get_lr: optimizer has more than one param group
Overall Acc: 	 0.9379719267962306
Mean Acc : 	 0.7175875175556846
FreqW Acc : 	 0.8894095651810379
Mean IoU : 	 0.6261189992388515
WARN get_lr: optimizer has more than one param group
WARN get_lr: optimizer has more than one param group
WARN get_lr: optimizer has more than one param group
WARN get_lr: optimizer has more than one param group
WARN get_lr: optimizer has more than one param group
Overall Acc: 	 0.9379504378413812
Mean Acc : 	 0.7238879673252945
FreqW Acc : 	 0.8898217359629272
Mean IoU : 	 0.6274935304756925
WARN get_lr: optimizer has more than one param group
WARN get_lr: optimizer has more than one param group
WARN get_lr: optimizer has more than one param group
WARN get_lr: optimizer has more than one param group
WARN get_lr: optimizer has more than one param group
Overall Acc: 	 0.9377604442460582
Mean Acc : 	 0.7231064757998725
FreqW Acc : 	 0.8892348147813314
Mean IoU : 	 0.6280505279019453
Resolved base cfg vars {'seed': 42, ('model', 'segmentation_args', 'projection_mode'): 'dual', ('model', 'variant'): 'ct_dual_cosine_w0_lam0p50', ('training', 'cross_task_lambda'): 0.5, ('training', 'cross_task_type'): 'cosine', ('training', 'cross_task_warmup_iters'): 0}
Resolved vars {('config', 'general', 'tag'): 'cityscapes_pad_ct_dual_cosine_w0_lam0p50_D372_S42', 'seed': 42, ('model', 'segmentation_args', 'projection_mode'): 'dual', ('model', 'variant'): 'ct_dual_cosine_w0_lam0p50', ('training', 'cross_task_lambda'): 0.5, ('training', 'cross_task_type'): 'cosine', ('training', 'cross_task_warmup_iters'): 0}
Dispatch job 17_tag=cityscapes_pad_ct_dual_cosine_w0_lam0p50_D372_S42
Start 2026-03-23_17-27-0317_tag=cityscapes_pad_ct_dual_cosine_w0_lam0p50_D372_S42
RUNDIR: /user/work/ig23200/sde_seg/logs//cityscapes_joint_220/2026-03-23_17-27-0317_tag=cityscapes_pad_ct_dual_cosine_w0_lam0p50_D372_S42
Restrict subset from 2975 to 372 images ...
Use image subset [0, 30, 32, 44, 45, 51, 52, 56, 63, 67, 70, 73, 80, 88, 93, 102, 108, 120, 124, 141, 144, 162, 174, 175, 177, 178, 184, 192, 194, 196, 203, 211, 233, 239, 246, 251, 256, 289, 296, 298, 309, 313, 318, 321, 322, 324, 331, 332, 354, 368, 387, 393, 402, 410, 411, 414, 420, 432, 439, 457, 463, 471, 478, 479, 485, 486, 495, 506, 507, 527, 528, 532, 533, 535, 543, 555, 557, 567, 572, 594, 599, 601, 602, 612, 637, 642, 644, 651, 676, 680, 685, 691, 693, 700, 705, 718, 727, 729, 741, 744, 748, 755, 759, 772, 783, 790, 798, 809, 811, 834, 857, 859, 862, 869, 879, 889, 912, 926, 929, 930, 942, 944, 952, 962, 965, 969, 999, 1001, 1005, 1018, 1023, 1025, 1027, 1047, 1048, 1055, 1071, 1089, 1090, 1091, 1097, 1106, 1149, 1151, 1159, 1173, 1177, 1188, 1196, 1208, 1210, 1222, 1225, 1229, 1230, 1235, 1255, 1263, 1264, 1268, 1269, 1270, 1272, 1286, 1313, 1321, 1322, 1326, 1330, 1337, 1340, 1343, 1370, 1376, 1385, 1399, 1402, 1407, 1410, 1421, 1422, 1426, 1427, 1431, 1432, 1436, 1453, 1461, 1474, 1487, 1488, 1494, 1505, 1507, 1509, 1517, 1518, 1538, 1544, 1554, 1562, 1567, 1575, 1586, 1590, 1596, 1598, 1608, 1610, 1613, 1618, 1620, 1624, 1641, 1655, 1656, 1662, 1690, 1691, 1697, 1702, 1706, 1711, 1716, 1718, 1727, 1731, 1747, 1760, 1762, 1767, 1771, 1775, 1777, 1788, 1795, 1797, 1805, 1807, 1814, 1840, 1850, 1869, 1872, 1877, 1880, 1882, 1891, 1896, 1916, 1922, 1936, 1940, 1941, 1949, 1956, 1957, 1963, 1966, 1979, 1983, 1993, 1999, 2001, 2003, 2013, 2015, 2023, 2033, 2046, 2051, 2064, 2073, 2092, 2113, 2114, 2119, 2124, 2131, 2144, 2149, 2154, 2159, 2185, 2186, 2204, 2215, 2227, 2233, 2241, 2247, 2257, 2261, 2263, 2270, 2287, 2315, 2321, 2332, 2335, 2349, 2356, 2383, 2392, 2395, 2397, 2401, 2403, 2404, 2420, 2424, 2436, 2459, 2462, 2466, 2469, 2478, 2480, 2482, 2496, 2501, 2517, 2519, 2528, 2534, 2539, 2546, 2573, 2578, 2586, 2595, 2608, 2622, 2626, 2632, 2636, 2644, 2645, 2646, 2654, 2655, 2658, 2683, 2686, 2733, 2753, 2754, 2756, 2766, 2769, 2787, 2792, 2798, 2810, 2811, 2815, 2822, 2823, 2838, 2848, 2864, 2865, 2872, 2897, 2898, 2910, 2931, 2932, 2936, 2947, 2956, 2958] with class frequencies:
Keep 372 images
Found 372 train images
Restrict subset from 2975 to 372 images ...
Use image subset [0, 30, 32, 44, 45, 51, 52, 56, 63, 67, 70, 73, 80, 88, 93, 102, 108, 120, 124, 141, 144, 162, 174, 175, 177, 178, 184, 192, 194, 196, 203, 211, 233, 239, 246, 251, 256, 289, 296, 298, 309, 313, 318, 321, 322, 324, 331, 332, 354, 368, 387, 393, 402, 410, 411, 414, 420, 432, 439, 457, 463, 471, 478, 479, 485, 486, 495, 506, 507, 527, 528, 532, 533, 535, 543, 555, 557, 567, 572, 594, 599, 601, 602, 612, 637, 642, 644, 651, 676, 680, 685, 691, 693, 700, 705, 718, 727, 729, 741, 744, 748, 755, 759, 772, 783, 790, 798, 809, 811, 834, 857, 859, 862, 869, 879, 889, 912, 926, 929, 930, 942, 944, 952, 962, 965, 969, 999, 1001, 1005, 1018, 1023, 1025, 1027, 1047, 1048, 1055, 1071, 1089, 1090, 1091, 1097, 1106, 1149, 1151, 1159, 1173, 1177, 1188, 1196, 1208, 1210, 1222, 1225, 1229, 1230, 1235, 1255, 1263, 1264, 1268, 1269, 1270, 1272, 1286, 1313, 1321, 1322, 1326, 1330, 1337, 1340, 1343, 1370, 1376, 1385, 1399, 1402, 1407, 1410, 1421, 1422, 1426, 1427, 1431, 1432, 1436, 1453, 1461, 1474, 1487, 1488, 1494, 1505, 1507, 1509, 1517, 1518, 1538, 1544, 1554, 1562, 1567, 1575, 1586, 1590, 1596, 1598, 1608, 1610, 1613, 1618, 1620, 1624, 1641, 1655, 1656, 1662, 1690, 1691, 1697, 1702, 1706, 1711, 1716, 1718, 1727, 1731, 1747, 1760, 1762, 1767, 1771, 1775, 1777, 1788, 1795, 1797, 1805, 1807, 1814, 1840, 1850, 1869, 1872, 1877, 1880, 1882, 1891, 1896, 1916, 1922, 1936, 1940, 1941, 1949, 1956, 1957, 1963, 1966, 1979, 1983, 1993, 1999, 2001, 2003, 2013, 2015, 2023, 2033, 2046, 2051, 2064, 2073, 2092, 2113, 2114, 2119, 2124, 2131, 2144, 2149, 2154, 2159, 2185, 2186, 2204, 2215, 2227, 2233, 2241, 2247, 2257, 2261, 2263, 2270, 2287, 2315, 2321, 2332, 2335, 2349, 2356, 2383, 2392, 2395, 2397, 2401, 2403, 2404, 2420, 2424, 2436, 2459, 2462, 2466, 2469, 2478, 2480, 2482, 2496, 2501, 2517, 2519, 2528, 2534, 2539, 2546, 2573, 2578, 2586, 2595, 2608, 2622, 2626, 2632, 2636, 2644, 2645, 2646, 2654, 2655, 2658, 2683, 2686, 2733, 2753, 2754, 2756, 2766, 2769, 2787, 2792, 2798, 2810, 2811, 2815, 2822, 2823, 2838, 2848, 2864, 2865, 2872, 2897, 2898, 2910, 2931, 2932, 2936, 2947, 2956, 2958] with class frequencies:
Keep 2975 images
Found 2975 train images
Found 500 val images
Load mono_cityscapes_1024x512_r101dil_aspp_dec6_lr5_fd2_crop512x512bs4 weights
Load mono_cityscapes_1024x512_r101dil_aspp_dec6_lr5_fd2_crop512x512bs4depth weights
Load mono_cityscapes_1024x512_r101dil_aspp_dec6_lr5_fd2_crop512x512bs4depth weights
Create segmentation ema model.
Load mono_cityscapes_1024x512_r101dil_aspp_dec6_lr5_fd2_crop512x512bs4 weights
Load mono_cityscapes_1024x512_r101dil_aspp_dec6_lr5_fd2_crop512x512bs4depth weights
Load mono_cityscapes_1024x512_r101dil_aspp_dec6_lr5_fd2_crop512x512bs4depth weights
WARN get_lr: optimizer has more than one param group
Overall Acc: 	 0.7976908298912653
Mean Acc : 	 0.24479296206115464
FreqW Acc : 	 0.6639605811341018
Mean IoU : 	 0.2015769742650592
WARN get_lr: optimizer has more than one param group
WARN get_lr: optimizer has more than one param group
WARN get_lr: optimizer has more than one param group
WARN get_lr: optimizer has more than one param group
WARN get_lr: optimizer has more than one param group
WARN get_lr: optimizer has more than one param group
WARN get_lr: optimizer has more than one param group
WARN get_lr: optimizer has more than one param group
WARN get_lr: optimizer has more than one param group
WARN get_lr: optimizer has more than one param group
WARN get_lr: optimizer has more than one param group
WARN get_lr: optimizer has more than one param group
WARN get_lr: optimizer has more than one param group
WARN get_lr: optimizer has more than one param group
WARN get_lr: optimizer has more than one param group
WARN get_lr: optimizer has more than one param group
WARN get_lr: optimizer has more than one param group
WARN get_lr: optimizer has more than one param group
WARN get_lr: optimizer has more than one param group
WARN get_lr: optimizer has more than one param group
WARN get_lr: optimizer has more than one param group
WARN get_lr: optimizer has more than one param group
WARN get_lr: optimizer has more than one param group
WARN get_lr: optimizer has more than one param group
Overall Acc: 	 0.9166027839939986
Mean Acc : 	 0.5480251409630474
FreqW Acc : 	 0.8556075137816185
Mean IoU : 	 0.46101781217788257
WARN get_lr: optimizer has more than one param group
WARN get_lr: optimizer has more than one param group
WARN get_lr: optimizer has more than one param group
WARN get_lr: optimizer has more than one param group
WARN get_lr: optimizer has more than one param group
WARN get_lr: optimizer has more than one param group
WARN get_lr: optimizer has more than one param group
WARN get_lr: optimizer has more than one param group
WARN get_lr: optimizer has more than one param group
WARN get_lr: optimizer has more than one param group
WARN get_lr: optimizer has more than one param group
WARN get_lr: optimizer has more than one param group
WARN get_lr: optimizer has more than one param group
WARN get_lr: optimizer has more than one param group
WARN get_lr: optimizer has more than one param group
WARN get_lr: optimizer has more than one param group
WARN get_lr: optimizer has more than one param group
WARN get_lr: optimizer has more than one param group
WARN get_lr: optimizer has more than one param group
WARN get_lr: optimizer has more than one param group
WARN get_lr: optimizer has more than one param group
WARN get_lr: optimizer has more than one param group
WARN get_lr: optimizer has more than one param group
WARN get_lr: optimizer has more than one param group
WARN get_lr: optimizer has more than one param group
Overall Acc: 	 0.926153756316203
Mean Acc : 	 0.6513359323501271
FreqW Acc : 	 0.8711977478643503
Mean IoU : 	 0.5450559567050144
WARN get_lr: optimizer has more than one param group
WARN get_lr: optimizer has more than one param group
WARN get_lr: optimizer has more than one param group
WARN get_lr: optimizer has more than one param group
WARN get_lr: optimizer has more than one param group
WARN get_lr: optimizer has more than one param group
WARN get_lr: optimizer has more than one param group
WARN get_lr: optimizer has more than one param group
WARN get_lr: optimizer has more than one param group
WARN get_lr: optimizer has more than one param group
WARN get_lr: optimizer has more than one param group
WARN get_lr: optimizer has more than one param group
WARN get_lr: optimizer has more than one param group
WARN get_lr: optimizer has more than one param group
WARN get_lr: optimizer has more than one param group
WARN get_lr: optimizer has more than one param group
WARN get_lr: optimizer has more than one param group
WARN get_lr: optimizer has more than one param group
WARN get_lr: optimizer has more than one param group
WARN get_lr: optimizer has more than one param group
WARN get_lr: optimizer has more than one param group
WARN get_lr: optimizer has more than one param group
WARN get_lr: optimizer has more than one param group
WARN get_lr: optimizer has more than one param group
WARN get_lr: optimizer has more than one param group
Overall Acc: 	 0.9295403562724757
Mean Acc : 	 0.6686601789571233
FreqW Acc : 	 0.8762648839565138
Mean IoU : 	 0.5642657255818354
WARN get_lr: optimizer has more than one param group
WARN get_lr: optimizer has more than one param group
WARN get_lr: optimizer has more than one param group
WARN get_lr: optimizer has more than one param group
WARN get_lr: optimizer has more than one param group
WARN get_lr: optimizer has more than one param group
WARN get_lr: optimizer has more than one param group
WARN get_lr: optimizer has more than one param group
WARN get_lr: optimizer has more than one param group
WARN get_lr: optimizer has more than one param group
WARN get_lr: optimizer has more than one param group
WARN get_lr: optimizer has more than one param group
WARN get_lr: optimizer has more than one param group
WARN get_lr: optimizer has more than one param group
WARN get_lr: optimizer has more than one param group
WARN get_lr: optimizer has more than one param group
WARN get_lr: optimizer has more than one param group
WARN get_lr: optimizer has more than one param group
WARN get_lr: optimizer has more than one param group
WARN get_lr: optimizer has more than one param group
WARN get_lr: optimizer has more than one param group
WARN get_lr: optimizer has more than one param group
WARN get_lr: optimizer has more than one param group
WARN get_lr: optimizer has more than one param group
WARN get_lr: optimizer has more than one param group
Overall Acc: 	 0.9323024242084322
Mean Acc : 	 0.6889851438047626
FreqW Acc : 	 0.8810691089276912
Mean IoU : 	 0.5805606079172505
WARN get_lr: optimizer has more than one param group
WARN get_lr: optimizer has more than one param group
WARN get_lr: optimizer has more than one param group
WARN get_lr: optimizer has more than one param group
WARN get_lr: optimizer has more than one param group
WARN get_lr: optimizer has more than one param group
WARN get_lr: optimizer has more than one param group
WARN get_lr: optimizer has more than one param group
WARN get_lr: optimizer has more than one param group
WARN get_lr: optimizer has more than one param group
WARN get_lr: optimizer has more than one param group
WARN get_lr: optimizer has more than one param group
WARN get_lr: optimizer has more than one param group
WARN get_lr: optimizer has more than one param group
WARN get_lr: optimizer has more than one param group
WARN get_lr: optimizer has more than one param group
WARN get_lr: optimizer has more than one param group
WARN get_lr: optimizer has more than one param group
WARN get_lr: optimizer has more than one param group
WARN get_lr: optimizer has more than one param group
WARN get_lr: optimizer has more than one param group
WARN get_lr: optimizer has more than one param group
WARN get_lr: optimizer has more than one param group
WARN get_lr: optimizer has more than one param group
WARN get_lr: optimizer has more than one param group
Overall Acc: 	 0.9341409338577168
Mean Acc : 	 0.7089024244737581
FreqW Acc : 	 0.8833504078669708
Mean IoU : 	 0.6025129212489734
WARN get_lr: optimizer has more than one param group
WARN get_lr: optimizer has more than one param group
WARN get_lr: optimizer has more than one param group
WARN get_lr: optimizer has more than one param group
WARN get_lr: optimizer has more than one param group
WARN get_lr: optimizer has more than one param group
WARN get_lr: optimizer has more than one param group
WARN get_lr: optimizer has more than one param group
WARN get_lr: optimizer has more than one param group
WARN get_lr: optimizer has more than one param group
WARN get_lr: optimizer has more than one param group
WARN get_lr: optimizer has more than one param group
WARN get_lr: optimizer has more than one param group
WARN get_lr: optimizer has more than one param group
WARN get_lr: optimizer has more than one param group
WARN get_lr: optimizer has more than one param group
WARN get_lr: optimizer has more than one param group
WARN get_lr: optimizer has more than one param group
WARN get_lr: optimizer has more than one param group
WARN get_lr: optimizer has more than one param group
WARN get_lr: optimizer has more than one param group
WARN get_lr: optimizer has more than one param group
WARN get_lr: optimizer has more than one param group
WARN get_lr: optimizer has more than one param group
WARN get_lr: optimizer has more than one param group
Overall Acc: 	 0.9340936982907029
Mean Acc : 	 0.7086052157271862
FreqW Acc : 	 0.8828352059672704
Mean IoU : 	 0.6055199741879125
WARN get_lr: optimizer has more than one param group
WARN get_lr: optimizer has more than one param group
WARN get_lr: optimizer has more than one param group
WARN get_lr: optimizer has more than one param group
WARN get_lr: optimizer has more than one param group
WARN get_lr: optimizer has more than one param group
WARN get_lr: optimizer has more than one param group
WARN get_lr: optimizer has more than one param group
WARN get_lr: optimizer has more than one param group
WARN get_lr: optimizer has more than one param group
WARN get_lr: optimizer has more than one param group
WARN get_lr: optimizer has more than one param group
WARN get_lr: optimizer has more than one param group
WARN get_lr: optimizer has more than one param group
WARN get_lr: optimizer has more than one param group
WARN get_lr: optimizer has more than one param group
WARN get_lr: optimizer has more than one param group
WARN get_lr: optimizer has more than one param group
WARN get_lr: optimizer has more than one param group
WARN get_lr: optimizer has more than one param group
WARN get_lr: optimizer has more than one param group
WARN get_lr: optimizer has more than one param group
WARN get_lr: optimizer has more than one param group
WARN get_lr: optimizer has more than one param group
WARN get_lr: optimizer has more than one param group
Overall Acc: 	 0.9358693507839932
Mean Acc : 	 0.7202079133012359
FreqW Acc : 	 0.8862075182994914
Mean IoU : 	 0.6117092151051667
WARN get_lr: optimizer has more than one param group
WARN get_lr: optimizer has more than one param group
WARN get_lr: optimizer has more than one param group
WARN get_lr: optimizer has more than one param group
WARN get_lr: optimizer has more than one param group
WARN get_lr: optimizer has more than one param group
WARN get_lr: optimizer has more than one param group
WARN get_lr: optimizer has more than one param group
WARN get_lr: optimizer has more than one param group
WARN get_lr: optimizer has more than one param group
WARN get_lr: optimizer has more than one param group
WARN get_lr: optimizer has more than one param group
WARN get_lr: optimizer has more than one param group
WARN get_lr: optimizer has more than one param group
WARN get_lr: optimizer has more than one param group
WARN get_lr: optimizer has more than one param group
WARN get_lr: optimizer has more than one param group
WARN get_lr: optimizer has more than one param group
WARN get_lr: optimizer has more than one param group
WARN get_lr: optimizer has more than one param group
WARN get_lr: optimizer has more than one param group
WARN get_lr: optimizer has more than one param group
WARN get_lr: optimizer has more than one param group
WARN get_lr: optimizer has more than one param group
WARN get_lr: optimizer has more than one param group
Overall Acc: 	 0.9360109222520671
Mean Acc : 	 0.7152045888660437
FreqW Acc : 	 0.8857326514339187
Mean IoU : 	 0.612143191452873
WARN get_lr: optimizer has more than one param group
WARN get_lr: optimizer has more than one param group
WARN get_lr: optimizer has more than one param group
WARN get_lr: optimizer has more than one param group
WARN get_lr: optimizer has more than one param group
WARN get_lr: optimizer has more than one param group
WARN get_lr: optimizer has more than one param group
WARN get_lr: optimizer has more than one param group
WARN get_lr: optimizer has more than one param group
WARN get_lr: optimizer has more than one param group
WARN get_lr: optimizer has more than one param group
WARN get_lr: optimizer has more than one param group
WARN get_lr: optimizer has more than one param group
WARN get_lr: optimizer has more than one param group
WARN get_lr: optimizer has more than one param group
WARN get_lr: optimizer has more than one param group
WARN get_lr: optimizer has more than one param group
WARN get_lr: optimizer has more than one param group
WARN get_lr: optimizer has more than one param group
WARN get_lr: optimizer has more than one param group
WARN get_lr: optimizer has more than one param group
WARN get_lr: optimizer has more than one param group
WARN get_lr: optimizer has more than one param group
WARN get_lr: optimizer has more than one param group
WARN get_lr: optimizer has more than one param group
Overall Acc: 	 0.9347090911797948
Mean Acc : 	 0.7130387902416194
FreqW Acc : 	 0.8835794694470314
Mean IoU : 	 0.6160138306065385
WARN get_lr: optimizer has more than one param group
WARN get_lr: optimizer has more than one param group
WARN get_lr: optimizer has more than one param group
WARN get_lr: optimizer has more than one param group
WARN get_lr: optimizer has more than one param group
WARN get_lr: optimizer has more than one param group
WARN get_lr: optimizer has more than one param group
WARN get_lr: optimizer has more than one param group
WARN get_lr: optimizer has more than one param group
WARN get_lr: optimizer has more than one param group
WARN get_lr: optimizer has more than one param group
WARN get_lr: optimizer has more than one param group
WARN get_lr: optimizer has more than one param group
WARN get_lr: optimizer has more than one param group
WARN get_lr: optimizer has more than one param group
WARN get_lr: optimizer has more than one param group
WARN get_lr: optimizer has more than one param group
WARN get_lr: optimizer has more than one param group
WARN get_lr: optimizer has more than one param group
WARN get_lr: optimizer has more than one param group
WARN get_lr: optimizer has more than one param group
WARN get_lr: optimizer has more than one param group
WARN get_lr: optimizer has more than one param group
WARN get_lr: optimizer has more than one param group
WARN get_lr: optimizer has more than one param group
Overall Acc: 	 0.9363543092942788
Mean Acc : 	 0.7079022392153732
FreqW Acc : 	 0.8861629448265426
Mean IoU : 	 0.6126734620571287
WARN get_lr: optimizer has more than one param group
WARN get_lr: optimizer has more than one param group
WARN get_lr: optimizer has more than one param group
WARN get_lr: optimizer has more than one param group
WARN get_lr: optimizer has more than one param group
WARN get_lr: optimizer has more than one param group
WARN get_lr: optimizer has more than one param group
WARN get_lr: optimizer has more than one param group
WARN get_lr: optimizer has more than one param group
WARN get_lr: optimizer has more than one param group
WARN get_lr: optimizer has more than one param group
WARN get_lr: optimizer has more than one param group
WARN get_lr: optimizer has more than one param group
WARN get_lr: optimizer has more than one param group
WARN get_lr: optimizer has more than one param group
WARN get_lr: optimizer has more than one param group
WARN get_lr: optimizer has more than one param group
WARN get_lr: optimizer has more than one param group
WARN get_lr: optimizer has more than one param group
WARN get_lr: optimizer has more than one param group
WARN get_lr: optimizer has more than one param group
WARN get_lr: optimizer has more than one param group
WARN get_lr: optimizer has more than one param group
WARN get_lr: optimizer has more than one param group
WARN get_lr: optimizer has more than one param group
Overall Acc: 	 0.9370365247189747
Mean Acc : 	 0.7239053096285463
FreqW Acc : 	 0.8880105166582878
Mean IoU : 	 0.6220891582431746
WARN get_lr: optimizer has more than one param group
WARN get_lr: optimizer has more than one param group
WARN get_lr: optimizer has more than one param group
WARN get_lr: optimizer has more than one param group
WARN get_lr: optimizer has more than one param group
WARN get_lr: optimizer has more than one param group
WARN get_lr: optimizer has more than one param group
WARN get_lr: optimizer has more than one param group
WARN get_lr: optimizer has more than one param group
WARN get_lr: optimizer has more than one param group
WARN get_lr: optimizer has more than one param group
WARN get_lr: optimizer has more than one param group
WARN get_lr: optimizer has more than one param group
WARN get_lr: optimizer has more than one param group
WARN get_lr: optimizer has more than one param group
WARN get_lr: optimizer has more than one param group
WARN get_lr: optimizer has more than one param group
WARN get_lr: optimizer has more than one param group
WARN get_lr: optimizer has more than one param group
WARN get_lr: optimizer has more than one param group
WARN get_lr: optimizer has more than one param group
WARN get_lr: optimizer has more than one param group
WARN get_lr: optimizer has more than one param group
WARN get_lr: optimizer has more than one param group
WARN get_lr: optimizer has more than one param group
Overall Acc: 	 0.9344287750489136
Mean Acc : 	 0.7264874378106596
FreqW Acc : 	 0.8849170514774716
Mean IoU : 	 0.6037383046418195
WARN get_lr: optimizer has more than one param group
WARN get_lr: optimizer has more than one param group
WARN get_lr: optimizer has more than one param group
WARN get_lr: optimizer has more than one param group
WARN get_lr: optimizer has more than one param group
Overall Acc: 	 0.9368299149180037
Mean Acc : 	 0.7222127356255588
FreqW Acc : 	 0.8881225233437676
Mean IoU : 	 0.6093779614895367
WARN get_lr: optimizer has more than one param group
WARN get_lr: optimizer has more than one param group
WARN get_lr: optimizer has more than one param group
WARN get_lr: optimizer has more than one param group
WARN get_lr: optimizer has more than one param group
Overall Acc: 	 0.937463511909529
Mean Acc : 	 0.7247523282806454
FreqW Acc : 	 0.8890239290994815
Mean IoU : 	 0.6122742555954741
WARN get_lr: optimizer has more than one param group
WARN get_lr: optimizer has more than one param group
WARN get_lr: optimizer has more than one param group
WARN get_lr: optimizer has more than one param group
WARN get_lr: optimizer has more than one param group
Overall Acc: 	 0.9374207913787046
Mean Acc : 	 0.7257091792679854
FreqW Acc : 	 0.8891793259084001
Mean IoU : 	 0.6114047410395976
WARN get_lr: optimizer has more than one param group
WARN get_lr: optimizer has more than one param group
WARN get_lr: optimizer has more than one param group
WARN get_lr: optimizer has more than one param group
WARN get_lr: optimizer has more than one param group
Overall Acc: 	 0.9380049716263129
Mean Acc : 	 0.7283563618601506
FreqW Acc : 	 0.8900597674288171
Mean IoU : 	 0.6178509733613669
WARN get_lr: optimizer has more than one param group
WARN get_lr: optimizer has more than one param group
WARN get_lr: optimizer has more than one param group
WARN get_lr: optimizer has more than one param group
WARN get_lr: optimizer has more than one param group
Overall Acc: 	 0.9377229367280322
Mean Acc : 	 0.718529480535438
FreqW Acc : 	 0.889172077874846
Mean IoU : 	 0.612023444751161
WARN get_lr: optimizer has more than one param group
WARN get_lr: optimizer has more than one param group
WARN get_lr: optimizer has more than one param group
WARN get_lr: optimizer has more than one param group
WARN get_lr: optimizer has more than one param group
Overall Acc: 	 0.9377190236966679
Mean Acc : 	 0.7304683906562155
FreqW Acc : 	 0.8895004062818543
Mean IoU : 	 0.615839368625836
WARN get_lr: optimizer has more than one param group
WARN get_lr: optimizer has more than one param group
WARN get_lr: optimizer has more than one param group
WARN get_lr: optimizer has more than one param group
WARN get_lr: optimizer has more than one param group
Overall Acc: 	 0.9384408492939245
Mean Acc : 	 0.7213464639502003
FreqW Acc : 	 0.8902336641725751
Mean IoU : 	 0.6182303971536609
WARN get_lr: optimizer has more than one param group
WARN get_lr: optimizer has more than one param group
WARN get_lr: optimizer has more than one param group
WARN get_lr: optimizer has more than one param group
WARN get_lr: optimizer has more than one param group
Overall Acc: 	 0.9382622894279276
Mean Acc : 	 0.7171560018533606
FreqW Acc : 	 0.8897062893141733
Mean IoU : 	 0.6146044052265416
WARN get_lr: optimizer has more than one param group
WARN get_lr: optimizer has more than one param group
WARN get_lr: optimizer has more than one param group
WARN get_lr: optimizer has more than one param group
WARN get_lr: optimizer has more than one param group
Overall Acc: 	 0.9384971585568553
Mean Acc : 	 0.725383592850135
FreqW Acc : 	 0.8903539292841547
Mean IoU : 	 0.6201398212350974
WARN get_lr: optimizer has more than one param group
WARN get_lr: optimizer has more than one param group
WARN get_lr: optimizer has more than one param group
WARN get_lr: optimizer has more than one param group
WARN get_lr: optimizer has more than one param group
Overall Acc: 	 0.9379384108319374
Mean Acc : 	 0.7286531785303335
FreqW Acc : 	 0.8896560081567237
Mean IoU : 	 0.6174975627568329
WARN get_lr: optimizer has more than one param group
WARN get_lr: optimizer has more than one param group
WARN get_lr: optimizer has more than one param group
WARN get_lr: optimizer has more than one param group
WARN get_lr: optimizer has more than one param group
Overall Acc: 	 0.9380175264805672
Mean Acc : 	 0.7288482138973427
FreqW Acc : 	 0.8900929226017559
Mean IoU : 	 0.6179973260011914
WARN get_lr: optimizer has more than one param group
WARN get_lr: optimizer has more than one param group
WARN get_lr: optimizer has more than one param group
WARN get_lr: optimizer has more than one param group
WARN get_lr: optimizer has more than one param group
Overall Acc: 	 0.9379077173105567
Mean Acc : 	 0.7285810082784346
FreqW Acc : 	 0.8898301677988305
Mean IoU : 	 0.6163250384085056
WARN get_lr: optimizer has more than one param group
WARN get_lr: optimizer has more than one param group
WARN get_lr: optimizer has more than one param group
WARN get_lr: optimizer has more than one param group
WARN get_lr: optimizer has more than one param group
Overall Acc: 	 0.9381351355391834
Mean Acc : 	 0.7254306827281244
FreqW Acc : 	 0.8898682065776244
Mean IoU : 	 0.6164737311551867
WARN get_lr: optimizer has more than one param group
WARN get_lr: optimizer has more than one param group
WARN get_lr: optimizer has more than one param group
WARN get_lr: optimizer has more than one param group
WARN get_lr: optimizer has more than one param group
Overall Acc: 	 0.9380315907092386
Mean Acc : 	 0.719275736853647
FreqW Acc : 	 0.889545040266068
Mean IoU : 	 0.6131966719315648
WARN get_lr: optimizer has more than one param group
WARN get_lr: optimizer has more than one param group
WARN get_lr: optimizer has more than one param group
WARN get_lr: optimizer has more than one param group
WARN get_lr: optimizer has more than one param group
Overall Acc: 	 0.9379521609711347
Mean Acc : 	 0.7180125965259998
FreqW Acc : 	 0.8893147220935951
Mean IoU : 	 0.6158773670561191
WARN get_lr: optimizer has more than one param group
WARN get_lr: optimizer has more than one param group
WARN get_lr: optimizer has more than one param group
WARN get_lr: optimizer has more than one param group
WARN get_lr: optimizer has more than one param group
Overall Acc: 	 0.9379638738911044
Mean Acc : 	 0.7266261108749938
FreqW Acc : 	 0.889471798044342
Mean IoU : 	 0.6178837660451412
WARN get_lr: optimizer has more than one param group
WARN get_lr: optimizer has more than one param group
WARN get_lr: optimizer has more than one param group
WARN get_lr: optimizer has more than one param group
WARN get_lr: optimizer has more than one param group
Overall Acc: 	 0.9374202024609407
Mean Acc : 	 0.7273576380374945
FreqW Acc : 	 0.8890980918809123
Mean IoU : 	 0.6114848338158151
WARN get_lr: optimizer has more than one param group
WARN get_lr: optimizer has more than one param group
WARN get_lr: optimizer has more than one param group
WARN get_lr: optimizer has more than one param group
WARN get_lr: optimizer has more than one param group
Overall Acc: 	 0.9378197373589925
Mean Acc : 	 0.725387477483497
FreqW Acc : 	 0.889643023328993
Mean IoU : 	 0.6136365229080873
WARN get_lr: optimizer has more than one param group
WARN get_lr: optimizer has more than one param group
WARN get_lr: optimizer has more than one param group
WARN get_lr: optimizer has more than one param group
WARN get_lr: optimizer has more than one param group
Overall Acc: 	 0.9376401261657283
Mean Acc : 	 0.7248997228027529
FreqW Acc : 	 0.889549899832311
Mean IoU : 	 0.6111470853997927
WARN get_lr: optimizer has more than one param group
WARN get_lr: optimizer has more than one param group
WARN get_lr: optimizer has more than one param group
WARN get_lr: optimizer has more than one param group
WARN get_lr: optimizer has more than one param group
Overall Acc: 	 0.9377414941811238
Mean Acc : 	 0.7170523936857698
FreqW Acc : 	 0.8891002887640994
Mean IoU : 	 0.6111148502000299
Resolved base cfg vars {'seed': 7, ('model', 'segmentation_args', 'projection_mode'): 'dual', ('model', 'variant'): 'ct_dual_cosine_w0_lam0p75', ('training', 'cross_task_lambda'): 0.75, ('training', 'cross_task_type'): 'cosine', ('training', 'cross_task_warmup_iters'): 0}
Resolved vars {('config', 'general', 'tag'): 'cityscapes_pad_ct_dual_cosine_w0_lam0p75_D372_S7', 'seed': 7, ('model', 'segmentation_args', 'projection_mode'): 'dual', ('model', 'variant'): 'ct_dual_cosine_w0_lam0p75', ('training', 'cross_task_lambda'): 0.75, ('training', 'cross_task_type'): 'cosine', ('training', 'cross_task_warmup_iters'): 0}
Resolved base cfg vars {'seed': 25, ('model', 'segmentation_args', 'projection_mode'): 'dual', ('model', 'variant'): 'ct_dual_cosine_w0_lam0p75', ('training', 'cross_task_lambda'): 0.75, ('training', 'cross_task_type'): 'cosine', ('training', 'cross_task_warmup_iters'): 0}
Resolved vars {('config', 'general', 'tag'): 'cityscapes_pad_ct_dual_cosine_w0_lam0p75_D372_S25', 'seed': 25, ('model', 'segmentation_args', 'projection_mode'): 'dual', ('model', 'variant'): 'ct_dual_cosine_w0_lam0p75', ('training', 'cross_task_lambda'): 0.75, ('training', 'cross_task_type'): 'cosine', ('training', 'cross_task_warmup_iters'): 0}
Resolved base cfg vars {'seed': 42, ('model', 'segmentation_args', 'projection_mode'): 'dual', ('model', 'variant'): 'ct_dual_cosine_w0_lam0p75', ('training', 'cross_task_lambda'): 0.75, ('training', 'cross_task_type'): 'cosine', ('training', 'cross_task_warmup_iters'): 0}
Resolved vars {('config', 'general', 'tag'): 'cityscapes_pad_ct_dual_cosine_w0_lam0p75_D372_S42', 'seed': 42, ('model', 'segmentation_args', 'projection_mode'): 'dual', ('model', 'variant'): 'ct_dual_cosine_w0_lam0p75', ('training', 'cross_task_lambda'): 0.75, ('training', 'cross_task_type'): 'cosine', ('training', 'cross_task_warmup_iters'): 0}
Resolved base cfg vars {'seed': 7, ('model', 'segmentation_args', 'projection_mode'): 'dual', ('model', 'variant'): 'ct_dual_cosine_w0_lam1p00', ('training', 'cross_task_lambda'): 1.0, ('training', 'cross_task_type'): 'cosine', ('training', 'cross_task_warmup_iters'): 0}
Resolved vars {('config', 'general', 'tag'): 'cityscapes_pad_ct_dual_cosine_w0_lam1p00_D372_S7', 'seed': 7, ('model', 'segmentation_args', 'projection_mode'): 'dual', ('model', 'variant'): 'ct_dual_cosine_w0_lam1p00', ('training', 'cross_task_lambda'): 1.0, ('training', 'cross_task_type'): 'cosine', ('training', 'cross_task_warmup_iters'): 0}
Resolved base cfg vars {'seed': 25, ('model', 'segmentation_args', 'projection_mode'): 'dual', ('model', 'variant'): 'ct_dual_cosine_w0_lam1p00', ('training', 'cross_task_lambda'): 1.0, ('training', 'cross_task_type'): 'cosine', ('training', 'cross_task_warmup_iters'): 0}
Resolved vars {('config', 'general', 'tag'): 'cityscapes_pad_ct_dual_cosine_w0_lam1p00_D372_S25', 'seed': 25, ('model', 'segmentation_args', 'projection_mode'): 'dual', ('model', 'variant'): 'ct_dual_cosine_w0_lam1p00', ('training', 'cross_task_lambda'): 1.0, ('training', 'cross_task_type'): 'cosine', ('training', 'cross_task_warmup_iters'): 0}
Resolved base cfg vars {'seed': 42, ('model', 'segmentation_args', 'projection_mode'): 'dual', ('model', 'variant'): 'ct_dual_cosine_w0_lam1p00', ('training', 'cross_task_lambda'): 1.0, ('training', 'cross_task_type'): 'cosine', ('training', 'cross_task_warmup_iters'): 0}
Resolved vars {('config', 'general', 'tag'): 'cityscapes_pad_ct_dual_cosine_w0_lam1p00_D372_S42', 'seed': 42, ('model', 'segmentation_args', 'projection_mode'): 'dual', ('model', 'variant'): 'ct_dual_cosine_w0_lam1p00', ('training', 'cross_task_lambda'): 1.0, ('training', 'cross_task_type'): 'cosine', ('training', 'cross_task_warmup_iters'): 0}
Resolved base cfg vars {'seed': 7, ('model', 'segmentation_args', 'projection_mode'): 'dual', ('model', 'variant'): 'ct_dual_cosine_w0_lam1p25', ('training', 'cross_task_lambda'): 1.25, ('training', 'cross_task_type'): 'cosine', ('training', 'cross_task_warmup_iters'): 0}
Resolved vars {('config', 'general', 'tag'): 'cityscapes_pad_ct_dual_cosine_w0_lam1p25_D372_S7', 'seed': 7, ('model', 'segmentation_args', 'projection_mode'): 'dual', ('model', 'variant'): 'ct_dual_cosine_w0_lam1p25', ('training', 'cross_task_lambda'): 1.25, ('training', 'cross_task_type'): 'cosine', ('training', 'cross_task_warmup_iters'): 0}
Resolved base cfg vars {'seed': 25, ('model', 'segmentation_args', 'projection_mode'): 'dual', ('model', 'variant'): 'ct_dual_cosine_w0_lam1p25', ('training', 'cross_task_lambda'): 1.25, ('training', 'cross_task_type'): 'cosine', ('training', 'cross_task_warmup_iters'): 0}
Resolved vars {('config', 'general', 'tag'): 'cityscapes_pad_ct_dual_cosine_w0_lam1p25_D372_S25', 'seed': 25, ('model', 'segmentation_args', 'projection_mode'): 'dual', ('model', 'variant'): 'ct_dual_cosine_w0_lam1p25', ('training', 'cross_task_lambda'): 1.25, ('training', 'cross_task_type'): 'cosine', ('training', 'cross_task_warmup_iters'): 0}
Resolved base cfg vars {'seed': 42, ('model', 'segmentation_args', 'projection_mode'): 'dual', ('model', 'variant'): 'ct_dual_cosine_w0_lam1p25', ('training', 'cross_task_lambda'): 1.25, ('training', 'cross_task_type'): 'cosine', ('training', 'cross_task_warmup_iters'): 0}
Resolved vars {('config', 'general', 'tag'): 'cityscapes_pad_ct_dual_cosine_w0_lam1p25_D372_S42', 'seed': 42, ('model', 'segmentation_args', 'projection_mode'): 'dual', ('model', 'variant'): 'ct_dual_cosine_w0_lam1p25', ('training', 'cross_task_lambda'): 1.25, ('training', 'cross_task_type'): 'cosine', ('training', 'cross_task_warmup_iters'): 0}
Resolved base cfg vars {'seed': 7, ('model', 'segmentation_args', 'projection_mode'): 'dual', ('model', 'variant'): 'ct_dual_cosine_w5k_lam0p50', ('training', 'cross_task_lambda'): 0.5, ('training', 'cross_task_type'): 'cosine', ('training', 'cross_task_warmup_iters'): 5000}
Resolved vars {('config', 'general', 'tag'): 'cityscapes_pad_ct_dual_cosine_w5k_lam0p50_D372_S7', 'seed': 7, ('model', 'segmentation_args', 'projection_mode'): 'dual', ('model', 'variant'): 'ct_dual_cosine_w5k_lam0p50', ('training', 'cross_task_lambda'): 0.5, ('training', 'cross_task_type'): 'cosine', ('training', 'cross_task_warmup_iters'): 5000}
Resolved base cfg vars {'seed': 25, ('model', 'segmentation_args', 'projection_mode'): 'dual', ('model', 'variant'): 'ct_dual_cosine_w5k_lam0p50', ('training', 'cross_task_lambda'): 0.5, ('training', 'cross_task_type'): 'cosine', ('training', 'cross_task_warmup_iters'): 5000}
Resolved vars {('config', 'general', 'tag'): 'cityscapes_pad_ct_dual_cosine_w5k_lam0p50_D372_S25', 'seed': 25, ('model', 'segmentation_args', 'projection_mode'): 'dual', ('model', 'variant'): 'ct_dual_cosine_w5k_lam0p50', ('training', 'cross_task_lambda'): 0.5, ('training', 'cross_task_type'): 'cosine', ('training', 'cross_task_warmup_iters'): 5000}
Resolved base cfg vars {'seed': 42, ('model', 'segmentation_args', 'projection_mode'): 'dual', ('model', 'variant'): 'ct_dual_cosine_w5k_lam0p50', ('training', 'cross_task_lambda'): 0.5, ('training', 'cross_task_type'): 'cosine', ('training', 'cross_task_warmup_iters'): 5000}
Resolved vars {('config', 'general', 'tag'): 'cityscapes_pad_ct_dual_cosine_w5k_lam0p50_D372_S42', 'seed': 42, ('model', 'segmentation_args', 'projection_mode'): 'dual', ('model', 'variant'): 'ct_dual_cosine_w5k_lam0p50', ('training', 'cross_task_lambda'): 0.5, ('training', 'cross_task_type'): 'cosine', ('training', 'cross_task_warmup_iters'): 5000}
Resolved base cfg vars {'seed': 7, ('model', 'segmentation_args', 'projection_mode'): 'dual', ('model', 'variant'): 'ct_dual_cosine_w5k_lam0p75', ('training', 'cross_task_lambda'): 0.75, ('training', 'cross_task_type'): 'cosine', ('training', 'cross_task_warmup_iters'): 5000}
Resolved vars {('config', 'general', 'tag'): 'cityscapes_pad_ct_dual_cosine_w5k_lam0p75_D372_S7', 'seed': 7, ('model', 'segmentation_args', 'projection_mode'): 'dual', ('model', 'variant'): 'ct_dual_cosine_w5k_lam0p75', ('training', 'cross_task_lambda'): 0.75, ('training', 'cross_task_type'): 'cosine', ('training', 'cross_task_warmup_iters'): 5000}
Resolved base cfg vars {'seed': 25, ('model', 'segmentation_args', 'projection_mode'): 'dual', ('model', 'variant'): 'ct_dual_cosine_w5k_lam0p75', ('training', 'cross_task_lambda'): 0.75, ('training', 'cross_task_type'): 'cosine', ('training', 'cross_task_warmup_iters'): 5000}
Resolved vars {('config', 'general', 'tag'): 'cityscapes_pad_ct_dual_cosine_w5k_lam0p75_D372_S25', 'seed': 25, ('model', 'segmentation_args', 'projection_mode'): 'dual', ('model', 'variant'): 'ct_dual_cosine_w5k_lam0p75', ('training', 'cross_task_lambda'): 0.75, ('training', 'cross_task_type'): 'cosine', ('training', 'cross_task_warmup_iters'): 5000}
Resolved base cfg vars {'seed': 42, ('model', 'segmentation_args', 'projection_mode'): 'dual', ('model', 'variant'): 'ct_dual_cosine_w5k_lam0p75', ('training', 'cross_task_lambda'): 0.75, ('training', 'cross_task_type'): 'cosine', ('training', 'cross_task_warmup_iters'): 5000}
Resolved vars {('config', 'general', 'tag'): 'cityscapes_pad_ct_dual_cosine_w5k_lam0p75_D372_S42', 'seed': 42, ('model', 'segmentation_args', 'projection_mode'): 'dual', ('model', 'variant'): 'ct_dual_cosine_w5k_lam0p75', ('training', 'cross_task_lambda'): 0.75, ('training', 'cross_task_type'): 'cosine', ('training', 'cross_task_warmup_iters'): 5000}
Resolved base cfg vars {'seed': 7, ('model', 'segmentation_args', 'projection_mode'): 'dual', ('model', 'variant'): 'ct_dual_cosine_w5k_lam1p00', ('training', 'cross_task_lambda'): 1.0, ('training', 'cross_task_type'): 'cosine', ('training', 'cross_task_warmup_iters'): 5000}
Resolved vars {('config', 'general', 'tag'): 'cityscapes_pad_ct_dual_cosine_w5k_lam1p00_D372_S7', 'seed': 7, ('model', 'segmentation_args', 'projection_mode'): 'dual', ('model', 'variant'): 'ct_dual_cosine_w5k_lam1p00', ('training', 'cross_task_lambda'): 1.0, ('training', 'cross_task_type'): 'cosine', ('training', 'cross_task_warmup_iters'): 5000}
Resolved base cfg vars {'seed': 25, ('model', 'segmentation_args', 'projection_mode'): 'dual', ('model', 'variant'): 'ct_dual_cosine_w5k_lam1p00', ('training', 'cross_task_lambda'): 1.0, ('training', 'cross_task_type'): 'cosine', ('training', 'cross_task_warmup_iters'): 5000}
Resolved vars {('config', 'general', 'tag'): 'cityscapes_pad_ct_dual_cosine_w5k_lam1p00_D372_S25', 'seed': 25, ('model', 'segmentation_args', 'projection_mode'): 'dual', ('model', 'variant'): 'ct_dual_cosine_w5k_lam1p00', ('training', 'cross_task_lambda'): 1.0, ('training', 'cross_task_type'): 'cosine', ('training', 'cross_task_warmup_iters'): 5000}
Resolved base cfg vars {'seed': 42, ('model', 'segmentation_args', 'projection_mode'): 'dual', ('model', 'variant'): 'ct_dual_cosine_w5k_lam1p00', ('training', 'cross_task_lambda'): 1.0, ('training', 'cross_task_type'): 'cosine', ('training', 'cross_task_warmup_iters'): 5000}
Resolved vars {('config', 'general', 'tag'): 'cityscapes_pad_ct_dual_cosine_w5k_lam1p00_D372_S42', 'seed': 42, ('model', 'segmentation_args', 'projection_mode'): 'dual', ('model', 'variant'): 'ct_dual_cosine_w5k_lam1p00', ('training', 'cross_task_lambda'): 1.0, ('training', 'cross_task_type'): 'cosine', ('training', 'cross_task_warmup_iters'): 5000}
Resolved base cfg vars {'seed': 7, ('model', 'segmentation_args', 'projection_mode'): 'dual', ('model', 'variant'): 'ct_dual_cosine_w5k_lam1p25', ('training', 'cross_task_lambda'): 1.25, ('training', 'cross_task_type'): 'cosine', ('training', 'cross_task_warmup_iters'): 5000}
Resolved vars {('config', 'general', 'tag'): 'cityscapes_pad_ct_dual_cosine_w5k_lam1p25_D372_S7', 'seed': 7, ('model', 'segmentation_args', 'projection_mode'): 'dual', ('model', 'variant'): 'ct_dual_cosine_w5k_lam1p25', ('training', 'cross_task_lambda'): 1.25, ('training', 'cross_task_type'): 'cosine', ('training', 'cross_task_warmup_iters'): 5000}
Resolved base cfg vars {'seed': 25, ('model', 'segmentation_args', 'projection_mode'): 'dual', ('model', 'variant'): 'ct_dual_cosine_w5k_lam1p25', ('training', 'cross_task_lambda'): 1.25, ('training', 'cross_task_type'): 'cosine', ('training', 'cross_task_warmup_iters'): 5000}
Resolved vars {('config', 'general', 'tag'): 'cityscapes_pad_ct_dual_cosine_w5k_lam1p25_D372_S25', 'seed': 25, ('model', 'segmentation_args', 'projection_mode'): 'dual', ('model', 'variant'): 'ct_dual_cosine_w5k_lam1p25', ('training', 'cross_task_lambda'): 1.25, ('training', 'cross_task_type'): 'cosine', ('training', 'cross_task_warmup_iters'): 5000}
Resolved base cfg vars {'seed': 42, ('model', 'segmentation_args', 'projection_mode'): 'dual', ('model', 'variant'): 'ct_dual_cosine_w5k_lam1p25', ('training', 'cross_task_lambda'): 1.25, ('training', 'cross_task_type'): 'cosine', ('training', 'cross_task_warmup_iters'): 5000}
Resolved vars {('config', 'general', 'tag'): 'cityscapes_pad_ct_dual_cosine_w5k_lam1p25_D372_S42', 'seed': 42, ('model', 'segmentation_args', 'projection_mode'): 'dual', ('model', 'variant'): 'ct_dual_cosine_w5k_lam1p25', ('training', 'cross_task_lambda'): 1.25, ('training', 'cross_task_type'): 'cosine', ('training', 'cross_task_warmup_iters'): 5000}
